product_id,review_count_observed,review_avg_rating,recommendation_rate,avg_helpfulness,avg_review_length,skin_share_dry,theme_lightweight_count,theme_greasy_count,theme_hydrating_count,theme_drying_count,theme_fragrance_count,theme_irritation_count,theme_breakout_count,theme_absorption_count,theme_sticky_count,theme_texture_count,theme_effective_count,skin_share_unknown,skin_share_combination,skin_share_normal,skin_share_oily,skin_share_sensitive
P420652,16138,4.3504771347131,0.829674822315869,0.7761568073019429,289.29018465733054,0.18955260874953525,52,220,3661,4993,2804,372,159,231,1085,4780,3147,0.044429297310695254,0.5083653488660305,0.13725368695005577,0.12039905812368323,0.0
P7880,8736,4.362637362637362,0.8327635327635328,0.761184243760495,296.78136446886447,0.13266941391941392,53,838,641,2508,2488,2349,1477,5,27,3598,1531,0.2441620879120879,0.4310897435897436,0.10771520146520147,0.08436355311355312,0.0
P218700,7763,4.499806775731032,0.8593117408906883,0.8259635798493543,363.6198634548499,0.11606337756022156,379,2439,3166,2645,498,812,1871,1114,64,1937,1621,0.433208811026665,0.31598608785263427,0.07638799433208811,0.058353729228391084,0.0
P248407,7547,4.5184841658937325,0.8343249427917621,0.8154486009796084,347.6044786007685,0.2419504438849874,273,2040,3758,3787,854,1993,1272,871,154,2144,1864,0.27295614151318404,0.35881807340665167,0.07658672320127202,0.049688617993904866,0.0
P269122,7414,4.5450499055840305,0.9402499571991098,0.7664171446866608,308.11788508227676,0.12233612085244133,1,344,365,708,223,1504,1740,46,27,2316,2694,0.19490153763150797,0.4732937685459941,0.10709468572970057,0.10237388724035608,0.0
P394639,7294,4.483685220729367,0.897691500524659,0.7912613798468027,292.7796819303537,0.1473814093775706,1282,2356,5061,1996,1295,900,924,869,529,3525,1017,0.13600219358376747,0.4851933095695092,0.10995338634494105,0.12146970112421168,0.0
P450271,6169,4.495055924785216,0.8728459093190564,0.8077811248419292,308.6937915383368,0.1964662019776301,33,779,346,844,928,1235,568,15,39,2175,1189,0.039552601718268764,0.5331496190630572,0.11428108283352245,0.11655049440752148,0.0
P417238,6169,4.495055924785216,0.8728459093190564,0.8077811248419292,308.6937915383368,0.1964662019776301,33,779,346,844,928,1235,568,15,39,2175,1189,0.039552601718268764,0.5331496190630572,0.11428108283352245,0.11655049440752148,0.0
P427421,6063,3.9604156358238494,0.7283523008411678,0.7641253858728084,338.1237011380505,0.19165429655286162,314,1333,3674,1432,326,906,1278,442,155,2409,1019,0.013194788058716806,0.5574797954807851,0.12815437902028698,0.1095167408873495,0.0
P411387,5864,4.20975443383356,0.800704845814978,0.7863881793136487,300.7179399727149,0.17172578444747613,35,794,466,2043,1163,1100,1275,10,16,2658,913,0.038881309686221006,0.5334242837653479,0.12056616643929059,0.1354024556616644,0.0
P441644,5854,4.210625213529211,0.8010591350397176,0.786404256330768,300.65937820293817,0.17167748548001366,35,794,466,2040,1161,1099,1274,10,16,2652,912,0.03894772804919713,0.5334813802528185,0.12060129825760164,0.13529210796036897,0.0
P427417,5795,4.241415012942191,0.8308886971527178,0.8065226622031748,319.41639344262296,0.1097497842968076,40,1079,755,637,91,838,3069,149,324,1152,1755,0.013287316652286454,0.5698015530629853,0.08490077653149267,0.22226056945642794,0.0
P309308,5400,4.337407407407407,0.8451925529201735,0.7184743436872193,434.8246296296296,0.1511111111111111,51,414,631,606,1110,1072,1419,162,82,1911,1930,0.1574074074074074,0.4748148148148148,0.11351851851851852,0.10314814814814814,0.0
P411540,5321,3.9894756624694607,0.7445960125918153,0.8167391099806949,397.17252396166134,0.21048675061078745,117,746,1115,898,302,689,909,88,128,1398,1495,0.07630144709641044,0.5062958090584476,0.10186055252772035,0.10505544070663408,0.0
P42204,5200,4.645,0.853035143769968,0.7996489792343294,252.31692307692308,0.10673076923076923,24,248,1089,1528,1187,205,71,63,478,913,1002,0.29673076923076924,0.3817307692307692,0.13173076923076923,0.08307692307692308,0.0
P471546,5035,4.0156901688182725,0.753516409912927,0.821167513945538,398.73763654419065,0.2109235352532274,114,699,1067,840,286,655,866,84,119,1317,1421,0.0788480635551142,0.5068520357497517,0.09930486593843098,0.10407149950347568,0.0
P248404,4729,4.373863396066822,0.851193499238192,0.7743601325396275,299.0911397758511,0.16895749629942905,20,511,511,1769,711,1795,1126,6,5,1728,906,0.2368365404948192,0.4299006132374709,0.08416155635440897,0.08014379361387186,0.0
P443352,4600,4.695869565217391,0.951304347826087,0.7131712673764673,331.90608695652173,0.1667391304347826,14,227,165,679,389,1004,565,27,9,2338,1193,0.025,0.5660869565217391,0.12108695652173913,0.12108695652173913,0.0
P423688,4600,4.695869565217391,0.951304347826087,0.7131712673764673,331.90608695652173,0.1667391304347826,14,227,165,679,389,1004,565,27,9,2338,1193,0.025,0.5660869565217391,0.12108695652173913,0.12108695652173913,0.0
P421275,4576,4.1774475524475525,0.8111407012871726,0.7406917348195146,308.97465034965035,0.13417832167832167,2,57,62,259,11,297,3248,82,56,344,2478,0.04108391608391608,0.559222027972028,0.11123251748251749,0.15428321678321677,0.0
P297524,4526,4.329209014582413,0.8692257644762524,0.8054288730635994,311.78281042863455,0.044631020768890854,3,558,302,977,132,674,1154,28,7,1743,1209,0.6475916924436589,0.21254971277065843,0.04286345558992488,0.05236411842686699,0.0
P394624,4526,4.563411400795404,0.9258855585831063,0.8099730074445834,308.2211665930181,0.23817940786566505,342,1240,3316,1930,818,651,554,418,214,1989,679,0.12041537781705701,0.46862571807335396,0.10030932390631904,0.07247017233760494,0.0
P429952,4430,4.025959367945824,0.7537246049661399,0.8148108978675228,337.9367945823928,0.21693002257336344,62,539,2130,1218,541,790,488,216,99,1750,744,0.01580135440180587,0.5320541760722347,0.14108352144469527,0.09413092550790068,0.0
P480630,4430,4.025959367945824,0.7537246049661399,0.8148108978675228,337.9367945823928,0.21693002257336344,62,539,2130,1218,541,790,488,216,99,1750,744,0.01580135440180587,0.5320541760722347,0.14108352144469527,0.09413092550790068,0.0
P126301,4376,4.529478976234004,0.8671189146049482,0.8200816334731083,311.39968007312615,0.14625228519195613,17,734,227,611,295,879,462,19,12,1249,983,0.20726691042047532,0.43852833638025596,0.09574954296160877,0.11220292504570384,0.0
P453816,4376,4.529478976234004,0.8671189146049482,0.8200816334731083,311.39968007312615,0.14625228519195613,17,734,227,611,295,879,462,19,12,1249,983,0.20726691042047532,0.43852833638025596,0.09574954296160877,0.11220292504570384,0.0
P456412,4186,4.566650740563784,0.9303680169446651,0.8130601644029661,286.2202580028667,0.18824653607262304,46,346,463,1313,945,999,511,3,25,2265,553,0.07118967988533206,0.5088389870998566,0.11801242236024845,0.11371237458193979,0.0
P418218,4170,4.023501199040767,0.7344836466649498,0.7646162718973772,328.0851318944844,0.11247002398081535,460,1517,2338,897,522,553,834,395,175,1864,708,0.06402877697841726,0.5390887290167866,0.10167865707434053,0.18273381294964028,0.0
P454794,4170,4.023501199040767,0.7344836466649498,0.7646162718973772,328.0851318944844,0.11247002398081535,460,1517,2338,897,522,553,834,395,175,1864,708,0.06402877697841726,0.5390887290167866,0.10167865707434053,0.18273381294964028,0.0
P122900,3978,4.437405731523379,0.8608786610878661,0.7777692033883894,302.1372549019608,0.033685268979386625,579,2398,2822,995,234,435,851,631,144,1519,695,0.2445952740070387,0.45952740070387127,0.049773755656108594,0.21241830065359477,0.0
P409800,3837,4.338285118582226,0.8454545454545455,0.7984517554085885,215.26817826426895,0.12978889757623144,2,189,250,408,1296,658,184,11,78,1051,593,0.22700026062027626,0.42976283554860567,0.11441230127703936,0.09903570497784728,0.0
P427419,3800,4.211315789473685,0.8186842105263158,0.7831198520260098,268.2844736842105,0.25605263157894737,32,254,1405,1030,49,327,442,238,625,1130,821,0.014210526315789474,0.5063157894736842,0.1168421052631579,0.10657894736842105,0.0
P443563,3742,4.393105291288081,0.8551576696953501,0.778514206298318,255.45456974879744,0.1803848209513629,56,29,1394,428,1056,50,9,23,931,1077,258,0.03313735970069481,0.5109567076429716,0.1467129877071085,0.1288081239978621,0.0
P460779,3727,4.433861014220553,0.9313120472229676,0.7449162731063552,302.8001073249262,0.16528038636973438,418,525,562,230,991,404,316,382,350,2028,846,0.009390931043734908,0.5841159109203112,0.14435202575798228,0.09686074590823719,0.0
P12573,3595,4.681780250347705,0.9111111111111111,0.7787370517630988,274.45757997218357,0.08094575799721836,13,144,1013,751,685,115,13,73,297,930,589,0.5757997218358831,0.2250347705146036,0.0564673157162726,0.061752433936022255,0.0
P433520,3472,4.401785714285714,0.8819124423963134,0.6493723542543546,340.400633640553,0.20794930875576037,168,859,2028,771,980,336,280,256,104,1789,551,0.007488479262672811,0.5198732718894009,0.1581221198156682,0.10656682027649769,0.0
P270594,3441,4.605928509154316,0.9369872005251066,0.8037756323544164,331.0999709386806,0.1941296134844522,140,825,1970,801,894,266,225,152,136,1467,557,0.14850334205172916,0.4524847428073234,0.11159546643417612,0.09328683522231909,0.0
P392246,3440,4.348255813953489,0.8516727126158807,0.7813714268529122,406.1093023255814,0.14215116279069767,39,308,406,470,127,733,1354,87,127,1270,1120,0.17616279069767443,0.4613372093023256,0.10261627906976745,0.11773255813953488,0.0
P481817,3408,4.240316901408451,0.7834394904458599,0.7350202131092101,298.1605046948357,0.09565727699530517,20,235,573,364,1307,285,215,68,48,1298,447,0.3685446009389671,0.36414319248826293,0.10240610328638497,0.06924882629107981,0.0
P467762,3321,4.369165913881361,0.8566696778078892,0.7768886483970457,312.07226738934054,0.15627822944896116,58,251,690,420,1229,500,471,159,316,1609,652,0.016862390846130684,0.5682023486901535,0.11863896416741945,0.14001806684733514,0.0
P458219,3321,4.369165913881361,0.8566696778078892,0.7768886483970457,312.07226738934054,0.15627822944896116,58,251,690,420,1229,500,471,159,316,1609,652,0.016862390846130684,0.5682023486901535,0.11863896416741945,0.14001806684733514,0.0
P297516,3287,4.289017341040463,0.8258575197889182,0.7915001043608535,301.4262245208397,0.08853057499239428,3,748,344,1331,614,507,672,7,21,1655,518,0.2293885001521144,0.4913294797687861,0.08974749011256465,0.10100395497414055,0.0
P454380,3268,4.260097919216646,0.8111995104039168,0.8348045079356379,297.48837209302326,0.17258261933904528,249,1041,286,244,436,415,519,139,121,1542,615,0.012239902080783354,0.533047735618115,0.13555691554467564,0.14657282741738067,0.0
P470255,3266,4.26056338028169,0.8113900796080833,0.8348289551943997,297.3484384568279,0.1726883037354562,249,1040,286,244,436,415,519,138,121,1541,615,0.01224739742804654,0.5327617881200245,0.13563992651561543,0.14666258420085732,0.0
P442563,3246,4.572088724584104,0.9162045594577942,0.8046721077917335,335.8099199014171,0.14048059149722736,3,159,288,338,45,1075,906,11,9,957,1055,0.00862600123228589,0.5788662969808995,0.11028958718422674,0.16173752310536044,0.0
P480612,3167,4.402589201136722,0.9194821597726555,0.3696306464497489,279.5929902115567,0.16135143669087465,555,771,1334,549,990,382,358,220,133,1504,481,0.0053678560151563,0.5863593305967792,0.14524786864540576,0.10167350805178402,0.0
P441101,3162,4.104364326375712,0.7590132827324478,0.8007305324663923,336.1246046805819,0.3387096774193548,33,729,1701,1301,471,428,483,266,130,1239,522,0.018975332068311195,0.4541429475015813,0.1312460468058191,0.056925996204933584,0.0
P232903,3153,4.224230891214716,0.7765486725663717,0.769891810090658,355.68664763717095,0.058039961941008564,1,122,210,782,480,315,2211,21,0,289,1811,0.3051062480177609,0.4224548049476689,0.06660323501427212,0.14779575007928958,0.0
P378852,3136,4.401147959183674,0.8650485436893204,0.7913599992586562,316.80548469387753,0.08322704081632654,697,1092,2272,688,1161,341,383,442,187,1482,407,0.43654336734693877,0.32206632653061223,0.08258928571428571,0.07557397959183673,0.0
P456207,3112,4.348007712082262,0.8978149100257069,0.7660480604223583,262.94762210796915,0.16613110539845757,295,783,1734,782,890,413,257,215,175,1712,376,0.012532133676092546,0.5626606683804627,0.1262853470437018,0.13239074550128535,0.0
P455364,3000,3.604,0.6406666666666667,0.7219170879880844,327.56933333333336,0.21833333333333332,7,560,295,548,364,542,256,10,34,1336,626,0.017333333333333333,0.5106666666666667,0.12333333333333334,0.13033333333333333,0.0
P478030,3000,3.604,0.6406666666666667,0.7219170879880844,327.56933333333336,0.21833333333333332,7,560,295,548,364,542,256,10,34,1336,626,0.017333333333333333,0.5106666666666667,0.12333333333333334,0.13033333333333333,0.0
P232915,2991,4.436308926780341,0.8963553530751709,0.7663260661953282,338.16516215312606,0.08625877632898696,2,157,139,335,384,835,482,17,1,1101,1002,0.4446673353393514,0.3119358074222668,0.08391842193246406,0.0732196589769308,0.0
P422905,2966,4.464261631827377,0.9022252191503709,0.7619037254407792,298.6874578556979,0.17869184086311532,327,306,1653,507,368,387,40,239,101,1219,440,0.014834794335805798,0.5472016183412003,0.14295347269049224,0.11631827376938637,0.0
P430337,2961,4.340425531914893,0.8662613981762918,0.7877899824250149,361.02600472813236,0.17933130699088146,260,735,1581,640,1037,349,383,203,221,1404,480,0.00911854103343465,0.5528537656197231,0.1347517730496454,0.12394461330631544,0.0
P302103,2958,4.283975659229209,0.7872174590802806,0.7773503700431701,274.4313725490196,0.09905341446923598,10,93,823,751,334,76,16,35,137,843,524,0.4455713319810683,0.299526707234618,0.09533468559837728,0.06051386071670047,0.0
P439061,2957,4.192762935407508,0.8359824146094014,0.7490246479534506,360.15759215421036,0.1487994589110585,8,156,239,406,715,646,953,39,46,919,875,0.0057490700033818055,0.5715251944538383,0.12005410889414947,0.15387216773757187,0.0
P375849,2951,4.080989495086412,0.7700819672131147,0.740808534470259,388.9749237546594,0.1470687902405964,92,243,551,370,631,321,531,228,118,1244,781,0.11047102677058625,0.5272788885123687,0.11419857675364284,0.10098271772280583,0.0
P426183,2949,4.08070532383859,0.7698933552091879,0.7407709893778563,389.01797219396406,0.14682943370634113,92,243,551,370,631,321,530,228,118,1244,780,0.11054594777890811,0.5272973889454052,0.11427602577144795,0.10105120379789759,0.0
P456398,2937,4.486550902281239,0.9210078311201907,0.7805425494024616,333.75621382362954,0.1634320735444331,383,1230,373,233,1212,326,182,309,240,1458,472,0.005447735784814436,0.5607763023493361,0.15253660197480423,0.1178072863466122,0.0
P94421,2914,4.24468085106383,0.8407185628742515,0.7490061065414515,355.818462594372,0.13212079615648592,108,299,530,235,365,332,778,202,181,862,960,0.13349347975291695,0.5226492793411118,0.11015785861358957,0.10157858613589568,0.0
P427406,2897,4.344839489126683,0.8584742837418019,0.7874497829529636,300.70590265792197,0.17397307559544356,2,190,232,406,155,731,810,38,127,800,832,0.014497756299620296,0.5505695547117708,0.10424577148774594,0.1567138419054194,0.0
P431180,2852,3.9544179523141656,0.7671809256661991,0.7857483284552019,385.2517531556802,0.18162692847124826,10,57,1004,154,715,179,248,33,64,222,771,0.012272089761570827,0.5112201963534362,0.19600280504908835,0.09887798036465638,0.0
P173726,2827,4.828440042447824,0.952638700947226,0.8007301075590981,239.8001414927485,0.1255748142907676,2,2,14,28,2,219,15,272,0,428,167,0.3781393703572692,0.3346303501945525,0.08595684471170853,0.07569862044570216,0.0
P481084,2783,4.320158102766799,0.8864534674811355,0.5892928499145572,350.3366870283866,0.16852317642831477,116,639,1558,527,1084,287,177,333,118,1655,560,0.006827164929931728,0.5727632051742724,0.16277398490837225,0.08911246855910887,0.0
P479839,2783,4.320158102766799,0.8864534674811355,0.5892928499145572,350.3366870283866,0.16852317642831477,116,639,1558,527,1084,287,177,333,118,1655,560,0.006827164929931728,0.5727632051742724,0.16277398490837225,0.08911246855910887,0.0
P426836,2704,3.9423076923076925,0.7337278106508875,0.7732826128775896,323.6719674556213,0.17159763313609466,21,300,283,937,369,656,641,4,16,1146,477,0.011094674556213017,0.5495562130177515,0.13868343195266272,0.1290680473372781,0.0
P421235,2607,4.2493287303413885,0.8657228657228657,0.6443666290507277,371.97429996164175,0.1595703874184887,100,645,532,305,856,274,198,298,223,1378,646,0.09666283084004602,0.5285769083237438,0.12850019179133104,0.08668968162639049,0.0
P278317,2573,4.276719782355228,0.8454391891891891,0.7746211202637584,328.8705790905558,0.12125923047026817,1,187,284,560,202,813,695,58,98,712,673,0.46327244461717837,0.28721336960746213,0.06296152351340847,0.06529343179168286,0.0
P4016,2572,4.234836702954899,0.8071519795657727,0.7994217388999927,329.61936236391915,0.04937791601866252,3,452,277,817,155,368,1746,2,2,813,882,0.208398133748056,0.4774494556765163,0.05171073094867807,0.2130637636080871,0.0
P406712,2563,4.186890362856028,0.8011126564673157,0.77589646586781,345.32422941865,0.21186110027311744,234,569,1603,873,156,320,285,237,197,949,503,0.09949278189621537,0.46195864221615296,0.129535700351151,0.09715177526336324,0.0
P415777,2555,4.29119373776908,0.8179795282599021,0.7845585181097464,403.87710371819963,0.16477495107632095,1,137,166,284,33,794,645,20,13,936,889,0.13620352250489237,0.47906066536203523,0.11154598825831702,0.10841487279843444,0.0
P422510,2517,4.44735796583234,0.8826121794871795,0.790800457331352,310.2296384584823,0.2824791418355185,378,796,1716,904,422,493,376,268,118,1112,438,0.023043305522447356,0.47000397298371077,0.13825983313468415,0.08621374652363925,0.0
P421996,2517,4.44735796583234,0.8826121794871795,0.790800457331352,310.2296384584823,0.2824791418355185,378,796,1716,904,422,493,376,268,118,1112,438,0.023043305522447356,0.47000397298371077,0.13825983313468415,0.08621374652363925,0.0
P411403,2487,4.616807398472055,0.9493365500603136,0.7777470752758824,374.41214314435064,0.19099316445516687,116,731,1418,439,747,265,224,380,174,1437,594,0.007639726578206675,0.5424205870526739,0.16606353035786087,0.09288299155609167,0.0
P415771,2483,4.444220700765204,0.8878661087866109,0.7572712131985867,378.8642770841724,0.1747885622231172,111,206,623,327,310,219,196,287,131,1283,583,0.045106725734997986,0.5436971405557793,0.12847362062021747,0.10793395086588804,0.0
P473160,2483,4.444220700765204,0.8878661087866109,0.7572712131985867,378.8642770841724,0.1747885622231172,111,206,623,327,310,219,196,287,131,1283,583,0.045106725734997986,0.5436971405557793,0.12847362062021747,0.10793395086588804,0.0
P479860,2466,4.285482562854826,0.8179237631792377,0.7729772097070895,364.2007299270073,0.2935928629359286,57,565,1474,1052,358,538,325,203,69,1126,433,0.023519870235198703,0.5028386050283861,0.11232765612327657,0.06772100567721005,0.0
P442840,2466,4.285482562854826,0.8179237631792377,0.7729772097070895,364.2007299270073,0.2935928629359286,57,565,1474,1052,358,538,325,203,69,1126,433,0.023519870235198703,0.5028386050283861,0.11232765612327657,0.06772100567721005,0.0
P504595,2453,4.502242152466367,0.896453322462291,0.7254642800096958,303.48960456583774,0.2119853240929474,8,202,343,697,735,473,322,4,9,1412,293,0.014675907052588666,0.5132490827558092,0.1402364451691806,0.11985324092947411,0.0
P461537,2453,4.502242152466367,0.896453322462291,0.7254642800096958,303.48960456583774,0.2119853240929474,8,202,343,697,735,473,322,4,9,1412,293,0.014675907052588666,0.5132490827558092,0.1402364451691806,0.11985324092947411,0.0
P440651,2449,4.236014699877501,0.8045454545454546,0.8021507325457103,329.85136790526747,0.048591261739485504,3,435,261,784,148,347,1655,2,2,785,840,0.217639853001225,0.4728460596161699,0.05022458146182115,0.21069824418129848,0.0
P393718,2444,4.080196399345335,0.7662745098039215,0.744225763461702,441.5904255319149,0.10147299509001637,13,356,366,370,677,392,749,166,12,747,787,0.49345335515548283,0.27618657937806873,0.07364975450081833,0.05523731587561375,0.0
P42205,2441,4.5591970503891845,0.8381877022653722,0.7791046384308074,231.48832445718966,0.0823433019254404,9,95,699,350,748,36,8,11,302,520,254,0.34289225727161,0.3441212617779599,0.13437115936091765,0.0962720196640721,0.0
P376726,2419,4.396031417941298,0.8183229813664596,0.8236192273944508,396.9020256304258,0.09011988424968996,49,847,841,788,378,300,738,309,21,709,492,0.5985944605208764,0.20711037618850764,0.051260851591566764,0.05291442744935924,0.0
P461933,2412,4.0464344941956885,0.7918739635157546,0.6308125975434897,295.93905472636817,0.16169154228855723,98,297,544,210,473,207,227,198,208,1182,602,0.007462686567164179,0.5766998341625207,0.14220563847429518,0.11194029850746269,0.0
P461160,2412,4.0464344941956885,0.7918739635157546,0.6308125975434897,295.93905472636817,0.16169154228855723,98,297,544,210,473,207,227,198,208,1182,602,0.007462686567164179,0.5766998341625207,0.14220563847429518,0.11194029850746269,0.0
P461159,2412,4.0464344941956885,0.7918739635157546,0.6308125975434897,295.93905472636817,0.16169154228855723,98,297,544,210,473,207,227,198,208,1182,602,0.007462686567164179,0.5766998341625207,0.14220563847429518,0.11194029850746269,0.0
P12336,2411,4.188718374118623,0.8299319727891157,0.7614586280115199,308.0211530485276,0.0991289921194525,22,208,710,496,704,402,301,37,28,1066,421,0.560348403152219,0.24180837826627954,0.05309000414765657,0.045624222314392365,0.0
P266126,2399,4.37974155898291,0.7865961199294532,0.7242922730146701,236.21300541892455,0.11004585243851604,14,96,665,456,575,60,13,36,220,432,312,0.3067944977073781,0.39683201333889123,0.10170904543559817,0.0846185910796165,0.0
P427536,2364,4.145939086294416,0.7914551607445008,0.7649195949408285,317.8138747884941,0.1218274111675127,4,329,162,533,337,415,496,8,9,1009,384,0.010575296108291032,0.5655668358714044,0.11209813874788493,0.18993231810490693,0.0
P504615,2364,4.145939086294416,0.7914551607445008,0.7649195949408285,317.8138747884941,0.1218274111675127,4,329,162,533,337,415,496,8,9,1009,384,0.010575296108291032,0.5655668358714044,0.11209813874788493,0.18993231810490693,0.0
P440307,2355,4.323991507430998,0.824203821656051,0.8060566319504254,314.24670912951166,0.2840764331210191,17,352,951,688,348,310,396,157,109,1008,398,0.009766454352441613,0.48874734607218684,0.13290870488322717,0.08450106157112526,0.0
P461555,2355,4.323991507430998,0.824203821656051,0.8060566319504254,314.24670912951166,0.2840764331210191,17,352,951,688,348,310,396,157,109,1008,398,0.009766454352441613,0.48874734607218684,0.13290870488322717,0.08450106157112526,0.0
P422536,2306,4.408933217692975,0.8846487424111015,0.7531944083510548,354.76366001734607,0.09843885516045099,140,1155,1697,647,756,208,221,130,90,1193,372,0.07545533391153512,0.5,0.10711188204683435,0.21899392888117952,0.0
P410400,2283,4.1344721857205435,0.7904884318766067,0.7670701769929306,464.5707402540517,0.07533946561541831,9,558,350,486,635,293,1729,132,6,474,853,0.34472185720543147,0.3622426631625055,0.057380639509417436,0.16031537450722733,0.0
P455676,2212,4.244122965641953,0.825497287522604,0.7758048651134742,333.8544303797468,0.19122965641952983,7,79,121,422,504,452,216,14,4,1014,561,0.006329113924050633,0.5587703435804702,0.11528028933092224,0.12839059674502712,0.0
P458216,2212,4.244122965641953,0.825497287522604,0.7758048651134742,333.8544303797468,0.19122965641952983,7,79,121,422,504,452,216,14,4,1014,561,0.006329113924050633,0.5587703435804702,0.11528028933092224,0.12839059674502712,0.0
P139000,2206,4.369446962828649,0.8597883597883598,0.7430682272569816,261.51178603807796,0.1042611060743427,7,476,195,853,160,412,427,5,7,740,431,0.21532184950135994,0.4637352674524025,0.07842248413417952,0.13825929283771532,0.0
P466123,2200,4.406363636363636,0.8663636363636363,0.7071045193570493,368.66136363636366,0.21727272727272728,159,289,556,241,558,190,208,245,351,923,341,0.021363636363636362,0.5159090909090909,0.14045454545454544,0.105,0.0
P421243,2200,4.199545454545454,0.7946428571428571,0.7861177012056648,243.99818181818182,0.18272727272727274,16,53,893,328,832,30,9,18,245,693,207,0.06454545454545454,0.5145454545454545,0.12181818181818181,0.11636363636363636,0.0
P459299,2128,4.482142857142857,0.9008458646616542,0.6473095799787892,342.82612781954884,0.1588345864661654,6,51,92,270,454,429,144,11,4,1153,532,0.01362781954887218,0.5695488721804511,0.14050751879699247,0.1174812030075188,0.0
P456213,2128,4.482142857142857,0.9008458646616542,0.6473095799787892,342.82612781954884,0.1588345864661654,6,51,92,270,454,429,144,11,4,1153,532,0.01362781954887218,0.5695488721804511,0.14050751879699247,0.1174812030075188,0.0
P427416,2126,3.770931326434619,0.702728127939793,0.7854295504522099,274.49388523047975,0.1735653809971778,8,28,179,188,25,155,37,49,82,360,814,0.017873941674506115,0.5305738476011289,0.15098777046095954,0.12699905926622765,0.0
P381030,2125,3.9096470588235293,0.7592800899887514,0.7331106128307378,286.856,0.2136470588235294,124,720,1341,821,238,314,383,238,111,600,363,0.296,0.3571764705882353,0.088,0.0451764705882353,0.0
P433887,2096,4.208492366412214,0.8125,0.7951108324098044,352.36402671755724,0.21994274809160305,60,504,1322,687,1042,391,279,210,57,980,396,0.01431297709923664,0.5295801526717557,0.14885496183206107,0.08730916030534351,0.0
P463371,2073,4.364206464061747,0.8326097443318862,0.8218510637185963,332.48432223830196,0.27399903521466473,132,581,1391,712,296,453,388,214,63,954,355,0.013989387361312108,0.5055475156777617,0.11625663289917994,0.09020742884708152,0.0
P432829,2073,4.364206464061747,0.8326097443318862,0.8218510637185963,332.48432223830196,0.27399903521466473,132,581,1391,712,296,453,388,214,63,954,355,0.013989387361312108,0.5055475156777617,0.11625663289917994,0.09020742884708152,0.0
P456218,2065,4.152058111380145,0.7801452784503632,0.8042533846524474,296.5418886198547,0.23728813559322035,150,393,242,170,115,162,160,55,73,496,280,0.023728813559322035,0.48668280871670705,0.17433414043583534,0.07796610169491526,0.0
P427414,2059,4.1452161243322,0.7926177756192326,0.8151885675830003,277.8698397280233,0.22340942204953862,118,590,1461,577,156,290,267,214,67,777,379,0.013113161728994658,0.5332685769791161,0.11947547353084022,0.11073336571151045,0.0
P432668,2045,4.43080684596577,0.8660146699266503,0.7856541775963971,314.61026894865523,0.20537897310513448,35,121,766,53,34,88,160,16,25,299,259,0.01613691931540342,0.4875305623471883,0.17603911980440098,0.11491442542787286,0.0
P399623,2042,3.951518119490695,0.7222591362126246,0.7537048202352363,298.730166503428,0.2120470127326151,17,467,366,527,253,92,80,18,111,537,295,0.2810969637610186,0.34476003917727716,0.10626836434867777,0.05582761998041136,0.0
P283501,2023,4.0523974295600595,0.7002967359050445,0.7648118259827889,408.9075630252101,0.08304498269896193,3,464,352,729,274,312,446,13,96,814,476,0.5743944636678201,0.2392486406327237,0.05338606030647553,0.04992585269401879,0.0
P479734,2017,4.239960337134358,0.9102627664848786,0.6236730379283808,345.19137332672284,0.1864154685176004,115,336,617,117,522,319,22,213,95,979,590,0.01983143282102132,0.5780862667327714,0.14823996033713435,0.06742687159147248,0.0
P446938,2000,4.1505,0.8015,0.7546427413187129,326.579,0.2525,70,439,1315,676,218,320,296,156,56,875,302,0.016,0.5135,0.1375,0.0805,0.0
P164932,1981,4.522463402322059,0.7892857142857143,0.6945225701403885,236.02826855123675,0.10297829379101464,7,61,450,298,428,34,6,18,218,508,202,0.33064109035840483,0.3624432104997476,0.12771327612317013,0.07622412922766279,0.0
P443845,1970,4.407106598984772,0.8807106598984772,0.7944292847769453,261.9720812182741,0.23451776649746192,81,153,696,380,95,179,150,191,288,729,396,0.015228426395939087,0.5385786802030457,0.11065989847715736,0.10101522842639594,0.0
P475908,1965,4.407124681933842,0.8839694656488549,0.795666312771057,278.6117048346056,0.15826972010178117,29,103,731,573,424,64,8,34,260,876,347,0.015776081424936386,0.5643765903307888,0.14249363867684478,0.11908396946564885,0.0
P472454,1962,4.220183486238532,0.8382867132867133,0.7880225499270797,310.0632008154944,0.15545361875637104,290,576,1310,523,449,433,309,254,66,858,310,0.19164118246687054,0.4709480122324159,0.0963302752293578,0.0856269113149847,0.0
P434548,1934,4.313857290589452,0.8345398138572906,0.7791870488117597,367.9105480868666,0.1809720785935884,15,97,274,219,225,617,488,40,44,702,538,0.007238883143743537,0.5501551189245087,0.12771458117890383,0.13391933815925544,0.0
P400207,1930,4.244559585492228,0.7895791583166333,0.7872707427219623,420.8264248704663,0.09948186528497409,6,151,92,273,683,472,820,11,6,712,657,0.24818652849740933,0.4533678756476684,0.08186528497409326,0.11709844559585492,0.0
P428819,1930,3.9968911917098446,0.7373056994818653,0.7698433077984157,323.5481865284974,0.14404145077720207,358,620,1313,429,615,267,327,185,331,790,347,0.008808290155440414,0.5575129533678757,0.11554404145077721,0.17409326424870467,0.0
P462699,1921,4.4252993232691304,0.8745445080687142,0.625740679114668,316.93180635085895,0.20510150963040083,125,203,648,316,443,172,153,195,408,921,313,0.012493492972410203,0.536699635606455,0.12805830296720458,0.11764705882352941,0.0
P403818,1902,3.7386961093585698,0.644808743169399,0.7731704990158973,300.8738170347003,0.17665615141955837,13,95,617,430,208,71,6,34,97,599,338,0.09411146161934805,0.4747634069400631,0.14353312302839116,0.11093585699263933,0.0
P500718,1900,4.178421052631579,0.8931578947368422,0.6144578313253012,370.97105263157897,0.18947368421052632,131,466,711,219,740,218,83,254,125,1081,553,0.022631578947368423,0.5889473684210527,0.1436842105263158,0.05526315789473684,0.0
P447791,1890,4.104761904761904,0.782010582010582,0.6172472693493151,331.321164021164,0.17142857142857143,21,65,473,162,124,261,32,86,35,645,444,0.01164021164021164,0.5608465608465608,0.13386243386243385,0.12222222222222222,0.0
P500633,1872,4.772435897435898,0.9722222222222222,0.48602303721010687,310.2313034188034,0.2094017094017094,220,141,539,212,580,236,119,272,149,1227,377,0.02564102564102564,0.5165598290598291,0.1485042735042735,0.0998931623931624,0.0
P446930,1865,4.448793565683646,0.8916890080428954,0.7927984585995074,353.14530831099194,0.23806970509383377,130,326,1174,703,198,299,184,134,231,898,280,0.011260053619302948,0.5184986595174262,0.12332439678284182,0.10884718498659518,0.0
P392235,1837,4.481763745236799,0.8755401901469317,0.8181856748671218,363.73162765378333,0.18181818181818182,18,313,162,426,151,335,283,9,9,692,366,0.20087098530212302,0.45454545454545453,0.08111050626020685,0.08165487207403375,0.0
P460512,1835,4.395095367847412,0.8670299727520436,0.8023889635505411,331.9346049046322,0.19182561307901907,222,344,263,278,240,120,120,28,52,719,330,0.007084468664850136,0.5362397820163488,0.13514986376021798,0.12970027247956403,0.0
P415701,1833,4.261865793780688,0.8061516452074392,0.7835469324446014,326.7026732133115,0.1740316421167485,205,480,1201,592,111,252,298,208,70,875,317,0.19258046917621385,0.4511729405346427,0.0878341516639389,0.09438079650845609,0.0
P415237,1826,4.198795180722891,0.8166666666666667,0.8027074888461467,303.8225629791895,0.17798466593647316,70,452,942,477,382,193,170,55,59,534,282,0.2343921139101862,0.42168674698795183,0.0963855421686747,0.06955093099671412,0.0
P471237,1809,4.587064676616915,0.9115533443891652,0.7606417033104942,340.67053620784964,0.20674405749032615,209,414,1407,481,968,214,113,259,139,1040,246,0.024322830292979547,0.5317855168601437,0.13543394140409065,0.10171365395245992,0.0
P418346,1800,4.11,0.7874015748031497,0.699941289130998,361.6961111111111,0.18833333333333332,91,227,313,150,385,268,303,188,148,673,521,0.04666666666666667,0.5433333333333333,0.13555555555555557,0.08611111111111111,0.0
P500701,1795,4.349303621169916,0.8947075208913648,0.4533941533168157,310.68300835654594,0.1554317548746518,131,166,567,104,219,204,15,183,113,1005,432,0.008913649025069638,0.5855153203342618,0.14540389972144846,0.10473537604456824,0.0
P448207,1785,4.385434173669468,0.9064425770308123,0.7396448898754164,411.07394957983195,0.1450980392156863,6,102,138,269,383,474,237,5,102,932,456,0.004481792717086834,0.6123249299719888,0.1092436974789916,0.12885154061624648,0.0
P397890,1769,4.620689655172414,0.9403122130394858,0.8184220476772475,314.05313736574334,0.08253250423968343,9,182,141,381,274,325,286,15,1,893,314,0.43866591294516677,0.32899943470887505,0.06500847936687394,0.0847936687394008,0.0
P405599,1749,4.237278444825614,0.7944006999125109,0.8317021263970269,297.77015437392794,0.16009148084619781,149,498,1157,594,269,263,220,195,245,807,264,0.26014865637507145,0.38879359634076616,0.09262435677530018,0.09834190966266437,0.0
P468351,1730,4.252601156069364,0.8774566473988439,0.7163008053975152,336.4329479768786,0.19653179190751446,299,532,1212,627,343,244,170,215,200,1077,297,0.01676300578034682,0.569364161849711,0.12254335260115606,0.09479768786127167,0.0
P426340,1726,4.428157589803012,0.8600583090379009,0.7839115421136831,356.9808806488992,0.12224797219003476,3,158,101,379,101,387,282,10,4,752,446,0.4235225955967555,0.30764774044032445,0.06952491309385864,0.07705677867902665,0.0
P476414,1721,4.635095874491575,0.9424753050552005,0.5690240278233623,349.53166763509586,0.19000581057524696,146,87,455,139,81,497,7,159,52,909,490,0.022080185938407902,0.5392213829169088,0.13712957582800697,0.1115630447414294,0.0
P297517,1706,3.9349355216881596,0.7272727272727273,0.7746800265545621,293.7567409144197,0.08616647127784291,4,42,72,342,82,249,1090,3,13,198,867,0.21922626025791325,0.4765533411488863,0.0738569753810082,0.14419695193434937,0.0
P424948,1692,4.027186761229315,0.7740981667652277,0.7689765866979326,334.9036643026005,0.17671394799054374,45,104,266,84,133,165,15,99,35,443,567,0.030141843971631204,0.5295508274231678,0.15721040189125296,0.10638297872340426,0.0
P12045,1687,4.443390634262004,0.8717948717948718,0.7780238028859504,273.004742145821,0.15056312981624184,14,99,657,341,263,249,80,73,53,574,202,0.31831653823355066,0.3882631890930646,0.06579727326615294,0.07705986959098993,0.0
P440312,1687,4.484291641967991,0.8838174273858921,0.8078352028004945,308.6028452874926,0.18553645524599882,83,398,721,324,693,251,231,129,75,910,211,0.007113218731475993,0.5447540011855364,0.14878482513337285,0.11381149970361588,0.0
P377561,1686,4.539145907473309,0.8867497168742922,0.8194318800990514,359.4703440094899,0.10379596678529063,2,86,126,434,21,399,201,19,10,568,558,0.48279952550415184,0.28410438908659547,0.054567022538552785,0.07473309608540925,0.0
P450917,1686,4.539145907473309,0.8867497168742922,0.8194318800990514,359.4703440094899,0.10379596678529063,2,86,126,434,21,399,201,19,10,568,558,0.48279952550415184,0.28410438908659547,0.054567022538552785,0.07473309608540925,0.0
P411388,1675,4.048955223880597,0.7501656726308814,0.7875717245543139,328.5665671641791,0.17313432835820897,289,566,1144,558,289,242,293,209,50,795,294,0.07880597014925374,0.5235820895522388,0.10507462686567164,0.11940298507462686,0.0
P416816,1674,4.301672640382318,0.78584229390681,0.7755421877565577,323.27120669056154,0.05854241338112306,7,585,194,420,335,240,551,25,43,738,350,0.13799283154121864,0.4874551971326165,0.05137395459976105,0.26463560334528075,0.0
P453253,1674,4.220430107526882,0.8357228195937874,0.7400698692862144,337.9898446833931,0.24372759856630824,69,478,1291,715,325,304,216,173,70,871,254,0.007168458781362007,0.5370370370370371,0.13082437275985664,0.08124253285543608,0.0
P422000,1671,4.0,0.7474069554606467,0.7434061064750795,305.93955715140635,0.19628964691801318,12,160,668,347,69,208,40,144,60,553,307,0.05146618791143028,0.5272292040694195,0.12447636146020347,0.10053859964093358,0.0
P473267,1670,4.194011976047904,0.8952095808383234,0.8531762332823433,371.6814371257485,0.19401197604790418,140,263,387,123,464,207,85,231,197,893,506,0.020958083832335328,0.5802395209580838,0.14191616766467066,0.06287425149700598,0.0
P392245,1652,4.311138014527845,0.7991004497751124,0.7781465359041034,358.84806295399517,0.19854721549636803,51,457,561,494,113,243,429,228,32,513,293,0.20520581113801453,0.42070217917675545,0.09745762711864407,0.07808716707021791,0.0
P440925,1644,4.495742092457421,0.8531211750305998,0.8136881601224799,320.3491484184915,0.14659367396593673,6,312,786,792,408,252,275,112,83,567,284,0.5158150851581509,0.2396593673965937,0.05900243309002433,0.038929440389294405,0.0
P122774,1635,4.07217125382263,0.7569060773480663,0.7862238605594234,294.79877675840976,0.0782874617737003,120,204,490,158,42,223,25,153,30,453,430,0.3070336391437309,0.42140672782874616,0.10948012232415902,0.0837920489296636,0.0
P386197,1627,4.476336816226183,0.8618677042801557,0.7604800482923296,322.679778733866,0.05531653349723417,7,95,148,277,649,309,158,0,7,855,233,0.6951444376152428,0.16349108789182545,0.04732636754763368,0.03872157344806392,0.0
P427415,1623,4.398644485520641,0.8687615526802218,0.8001030203564372,306.064078866297,0.23290203327171904,34,361,591,385,265,199,485,142,17,438,318,0.015403573629081947,0.5021565003080715,0.11521873074553296,0.13431916204559458,0.0
P174502,1615,4.144272445820434,0.7557755775577558,0.7732705405068925,286.7374613003096,0.10588235294117647,31,186,672,290,26,253,32,141,24,379,376,0.35541795665634673,0.3814241486068111,0.07801857585139318,0.07925696594427245,0.0
P427420,1611,4.144009931719429,0.792675356921167,0.7767733731947174,296.2371198013656,0.2346368715083799,24,83,433,214,36,196,227,121,267,536,420,0.011793916821849782,0.5332091868404718,0.13283674736188703,0.08752327746741155,0.0
P439058,1610,4.212422360248447,0.8074534161490683,0.6940490485759269,377.22298136645963,0.1701863354037267,71,165,150,135,163,237,391,128,184,649,498,0.006211180124223602,0.5627329192546584,0.12732919254658384,0.13354037267080746,0.0
P400259,1605,4.1551401869158875,0.8024922118380062,0.7298735972097141,372.2778816199377,0.18442367601246107,78,63,147,85,372,178,151,116,270,596,450,0.09096573208722741,0.4940809968847352,0.13644859813084112,0.0940809968847352,0.0
P379510,1603,4.402994385527137,0.8914421553090333,0.7397359563091277,354.22208359326265,0.15283842794759825,61,202,282,163,107,131,222,129,91,697,420,0.09544603867747972,0.4859638178415471,0.15346225826575172,0.11228945726762321,0.0
P39274,1603,4.369931378665003,0.8416149068322981,0.8350403900100186,327.70555208983154,0.07673112913287586,4,265,156,565,251,253,432,10,1,579,330,0.24890829694323144,0.45539613225202746,0.09794135995009358,0.12102308172177167,0.0
P449599,1603,4.369931378665003,0.8416149068322981,0.8350403900100186,327.70555208983154,0.07673112913287586,4,265,156,565,251,253,432,10,1,579,330,0.24890829694323144,0.45539613225202746,0.09794135995009358,0.12102308172177167,0.0
P443840,1600,3.896875,0.753125,0.7844584339608749,245.261875,0.1775,75,70,305,83,63,135,22,96,43,370,507,0.0125,0.54,0.148125,0.121875,0.0
P54509,1581,4.558507273877293,0.936006168080185,0.770752345318029,319.3940543959519,0.18975332068311196,32,218,688,538,377,266,134,87,53,868,204,0.07020872865275142,0.4845034788108792,0.1359898798228969,0.11954459203036052,0.0
P428250,1568,3.9776785714285716,0.7570153061224489,0.7306848025646147,294.3609693877551,0.11479591836734694,1,136,12,84,13,108,264,61,35,181,684,0.0274234693877551,0.5656887755102041,0.11798469387755102,0.17410714285714285,0.0
P447780,1558,4.157894736842105,0.8042362002567394,0.5920417299815293,381.59884467265726,0.1790757381258023,51,181,520,215,300,232,37,101,31,793,330,0.009627727856225931,0.576379974326059,0.1251604621309371,0.10975609756097561,0.0
P443833,1552,4.37951030927835,0.8853092783505154,0.8082639755296199,274.24420103092785,0.125,2,215,108,434,141,206,781,4,10,493,449,0.01675257731958763,0.5618556701030928,0.12048969072164949,0.17590206185567012,0.0
P230538,1550,4.563225806451613,0.8767772511848341,0.7755485295497281,235.4316129032258,0.09870967741935484,12,65,260,239,16,51,32,33,16,388,210,0.36451612903225805,0.36838709677419357,0.0967741935483871,0.07161290322580645,0.0
P429242,1530,4.6568627450980395,0.9516339869281045,0.8281346731307953,303.2176470588235,0.16470588235294117,95,522,95,75,381,115,101,59,216,538,193,0.00522875816993464,0.565359477124183,0.14575163398692811,0.11895424836601307,0.0
P114902,1529,4.4198822759973835,0.871313672922252,0.823801185945942,407.6546762589928,0.04316546762589928,0,210,184,365,339,362,897,20,14,332,580,0.4022236756049706,0.3433616742969261,0.04839764551994768,0.16285153695225638,0.0
P442566,1528,3.7833769633507854,0.6570680628272252,0.7065318320329591,395.95484293193715,0.21138743455497383,0,324,144,274,204,214,161,7,13,624,324,0.005235602094240838,0.524869109947644,0.14397905759162305,0.11452879581151833,0.0
P431848,1522,4.533508541392904,0.9244415243101183,0.7344953767067911,331.3699080157687,0.09855453350854139,3,187,65,240,176,175,163,3,4,872,262,0.006570302233902759,0.5919842312746386,0.12614980289093297,0.17674113009198422,0.0
P453825,1511,4.412971542025149,0.913964262078094,0.7296395699183146,315.99867637326275,0.1727332892124421,360,372,1067,377,640,234,113,104,110,862,175,0.009265387160820648,0.5684976836532097,0.12243547319655856,0.1270681667769689,0.0
P402718,1495,4.3016722408026755,0.8419540229885057,0.658478579832042,477.8789297658863,0.13444816053511705,5,174,171,210,302,220,459,43,8,446,532,0.3384615384615385,0.35250836120401335,0.09297658862876254,0.08160535117056857,0.0
P447592,1494,4.467202141900937,0.9170013386880856,0.7250374571244785,240.30455153949129,0.1358768406961178,33,160,71,73,54,139,143,45,55,458,530,0.010040160642570281,0.6017402945113789,0.12650602409638553,0.12583668005354753,0.0
P442594,1493,4.123241795043537,0.8097789685197588,0.7971848618021479,259.4460817146685,0.18754186202277295,84,193,241,145,185,164,195,145,114,520,273,0.011386470194239785,0.5405224380442063,0.13261888814467515,0.12793034159410582,0.0
P429515,1484,3.7473045822102424,0.6819407008086253,0.7250554061994333,330.5256064690027,0.1954177897574124,18,66,394,175,63,307,37,85,21,434,372,0.011455525606469003,0.5316711590296496,0.1522911051212938,0.1091644204851752,0.0
P416563,1472,4.349184782608695,0.84375,0.8215623915235738,370.7255434782609,0.20244565217391305,95,398,477,289,257,213,316,217,32,542,290,0.059782608695652176,0.5061141304347826,0.13654891304347827,0.09510869565217392,0.0
P473322,1466,4.561391541609822,0.9379263301500682,0.6909051289667889,358.86971350613914,0.13506139154160982,17,70,132,118,507,262,187,73,203,879,396,0.005457025920873124,0.5716234652114598,0.169849931787176,0.11800818553888132,0.0
P456392,1464,4.537568306010929,0.8975409836065574,0.8151495722748768,300.9084699453552,0.2028688524590164,232,530,317,162,377,284,223,112,62,514,221,0.01707650273224044,0.5191256830601093,0.12773224043715847,0.13319672131147542,0.0
P500472,1458,4.463648834019204,0.8758573388203018,0.749535486439489,318.53223593964333,0.2558299039780521,265,273,1002,413,302,142,107,214,105,821,190,0.02400548696844993,0.5089163237311386,0.14540466392318244,0.06584362139917696,0.0
P479327,1458,4.463648834019204,0.8758573388203018,0.749535486439489,318.53223593964333,0.2558299039780521,265,273,1002,413,302,142,107,214,105,821,190,0.02400548696844993,0.5089163237311386,0.14540466392318244,0.06584362139917696,0.0
P415619,1457,4.338366506520247,0.874037788663401,0.7861741313133814,513.566918325326,0.20727522306108442,66,185,311,156,721,170,138,69,39,790,386,0.022649279341111873,0.546328071379547,0.17776252573781742,0.04598490048043926,0.0
P482320,1455,3.9690721649484537,0.7230240549828179,0.8282061974440202,289.77113402061855,0.24948453608247423,77,279,168,124,63,119,140,33,41,319,216,0.020618556701030927,0.45979381443298967,0.18762886597938144,0.08247422680412371,0.0
P416815,1447,4.429854872149274,0.8372670807453416,0.7777117946615784,335.7740152038701,0.036627505183137524,5,641,152,420,386,151,421,8,3,698,276,0.19143054595715273,0.44782308223911543,0.0525224602626123,0.27159640635798205,0.0
P460516,1428,4.1988795518207285,0.8088235294117647,0.7488442448303179,341.87254901960785,0.17717086834733894,10,209,109,135,408,194,79,5,11,685,268,0.01610644257703081,0.5441176470588235,0.12675070028011204,0.13585434173669467,0.0
P433435,1424,3.844803370786517,0.7275280898876404,0.7399785172123954,404.00280898876406,0.07584269662921349,73,526,116,165,28,62,172,6,24,375,252,0.0035112359550561797,0.5491573033707865,0.09339887640449439,0.27808988764044945,0.0
P456418,1424,4.359550561797753,0.7893175074183977,0.8324300020465011,366.40168539325845,0.05266853932584269,17,247,408,204,538,200,387,70,24,500,349,0.6523876404494382,0.18820224719101122,0.05688202247191011,0.04985955056179775,0.0
P448203,1422,4.329817158931083,0.8663853727144867,0.799635592427917,441.76582278481015,0.20745428973277075,19,284,573,193,335,179,15,208,55,588,424,0.004219409282700422,0.5611814345991561,0.14486638537271448,0.08227848101265822,0.0
P470529,1417,4.472829922371207,0.8743824982357092,0.7291685062852628,376.985179957657,0.20395201129146084,180,171,389,207,358,414,148,270,139,759,267,0.02328863796753705,0.5673959068454482,0.09880028228652082,0.10656316160903317,0.0
P404338,1394,4.142754662840746,0.8158953722334004,0.8339914708366368,312.40961262553805,0.21951219512195122,66,390,775,468,181,209,223,165,38,577,192,0.17862266857962697,0.4332855093256815,0.11047345767575323,0.05810616929698709,0.0
P466155,1391,4.635514018691588,0.9410496046010065,0.7548764354036923,392.7900790797987,0.20848310567936737,128,256,471,338,406,160,136,128,110,827,238,0.006470165348670022,0.5578720345075485,0.1250898634076204,0.10208483105679367,0.0
P503936,1389,4.843772498200144,0.9840348330914369,0.5925757633014159,327.30957523398126,0.20374370050395968,109,199,747,235,389,178,52,131,40,889,253,0.05183585313174946,0.5053995680345572,0.15550755939524838,0.08351331893448524,0.0
P377533,1382,4.48986975397974,0.8944954128440367,0.8057902160968281,392.88350217076703,0.06874095513748191,0,90,112,204,23,369,491,16,1,446,502,0.5361794500723589,0.2865412445730825,0.06439942112879884,0.04413892908827786,0.0
P416341,1378,4.05732946298984,0.7545239968528717,0.6612382611178086,424.46516690856316,0.2409288824383164,26,218,662,384,266,162,180,94,36,556,288,0.07692307692307693,0.488388969521045,0.12119013062409288,0.07256894049346879,0.0
P426501,1378,4.05732946298984,0.7545239968528717,0.6612382611178086,424.46516690856316,0.2409288824383164,26,218,662,384,266,162,180,94,36,556,288,0.07692307692307693,0.488388969521045,0.12119013062409288,0.07256894049346879,0.0
P122882,1376,4.381540697674419,0.8339483394833949,0.7719365109599405,268.625,0.10828488372093023,1,143,155,438,109,235,287,19,8,475,260,0.20930232558139536,0.5225290697674418,0.11482558139534883,0.04505813953488372,0.0
P411539,1367,4.323335771762984,0.8491996630160067,0.784273275907097,371.9729334308705,0.34381858083394295,22,200,584,527,176,461,376,77,50,459,274,0.09290416971470374,0.4367227505486467,0.08119970738844184,0.04535479151426482,0.0
P419222,1363,3.3088774761555393,0.5585106382978723,0.774775022124001,386.88407923697724,0.18488628026412326,64,444,228,195,224,176,146,117,101,499,292,0.03301540719002201,0.5187087307410124,0.15994130594277328,0.10344827586206896,0.0
P474938,1361,4.337986774430566,0.8537839823659075,0.7541625094275142,348.6377663482733,0.09037472446730345,65,257,187,188,304,161,587,105,100,480,393,0.010286554004408524,0.6017634092578986,0.08302718589272594,0.2145481263776635,0.0
P458209,1356,4.061209439528024,0.7411504424778761,0.7806950577335674,399.26032448377583,0.09070796460176991,256,628,1018,253,593,163,225,176,248,755,220,0.007374631268436578,0.6069321533923304,0.09660766961651918,0.19837758112094395,0.0
P415747,1355,4.1306273062730625,0.7740863787375415,0.8125855683690871,242.27232472324724,0.15571955719557196,3,36,459,169,506,14,4,11,43,398,114,0.11143911439114391,0.4929889298892989,0.12546125461254612,0.11439114391143912,0.0
P417936,1353,4.164818920916482,0.7801003344481605,0.7679325958133616,291.06430155210643,0.22320768662232077,7,121,474,326,327,221,218,29,28,476,172,0.1130820399113082,0.4530672579453067,0.10790835181079084,0.10273466371027347,0.0
P454018,1348,4.376112759643917,0.884272997032641,0.7800316766960852,374.39094955489617,0.2099406528189911,39,247,467,530,114,120,66,65,51,480,271,0.0066765578635014835,0.5504451038575667,0.12537091988130564,0.10756676557863501,0.0
P482739,1343,4.452717795979151,0.9084139985107967,0.7641643166542054,345.7192851824274,0.15115413253909157,250,522,284,161,369,135,113,149,68,574,244,0.0037230081906180195,0.5949367088607594,0.15562174236783322,0.09456440804169769,0.0
P463036,1341,4.44220730797912,0.8635346756152126,0.8031953400122785,377.1648023862789,0.2803877703206562,41,269,1031,523,453,218,185,139,61,663,191,0.03206562266964952,0.4854586129753915,0.13870246085011187,0.0633855331841909,0.0
P434360,1336,4.315868263473054,0.803076923076923,0.846269646546294,343.42215568862275,0.1377245508982036,39,357,516,398,389,181,298,166,20,566,243,0.3413173652694611,0.36377245508982037,0.09505988023952096,0.06212574850299401,0.0
P462336,1331,4.459804658151765,0.9158527422990232,0.7517967572567439,327.93989481592786,0.17355371900826447,18,250,225,177,400,217,80,9,13,663,276,0.014274981217129978,0.5815176558978212,0.11044327573253193,0.12021036814425244,0.0
P467038,1331,4.206611570247934,0.8024042073628851,0.7461205355723072,318.03606311044325,0.1825694966190834,13,58,192,89,30,247,23,30,29,337,417,0.02779864763335838,0.5424492862509391,0.15401953418482345,0.09316303531179564,0.0
P404795,1328,3.6754518072289155,0.6437632135306554,0.7712168008138985,281.8426204819277,0.17545180722891565,12,98,275,166,77,90,46,36,213,630,226,0.22590361445783133,0.3817771084337349,0.12424698795180723,0.09262048192771084,0.0
P439055,1321,4.541256623769871,0.9205147615442847,0.7540757542302371,446.3118849356548,0.21271763815291445,30,353,457,361,319,171,182,103,33,799,286,0.00757002271006813,0.5556396669190008,0.1400454201362604,0.08402725208175625,0.0
P481989,1295,3.7583011583011583,0.654054054054054,0.7738592509717482,355.22084942084945,0.19227799227799228,272,370,303,135,391,135,91,81,86,523,204,0.020077220077220077,0.5212355212355212,0.13822393822393822,0.12818532818532818,0.0
P427413,1291,4.501161890007746,0.8993028659953525,0.8114914773434848,323.39116963594114,0.17660728117738186,7,77,176,168,37,342,396,32,20,344,427,0.009295120061967466,0.5670023237800155,0.10999225406661503,0.13710302091402013,0.0
P203616,1283,4.402182385035074,0.9124423963133641,0.7857845862213588,377.2494154325799,0.08417770849571317,1,77,72,167,178,382,284,11,33,453,469,0.4489477786438036,0.31488698363211226,0.07482462977396727,0.07716289945440374,0.0
P466142,1277,4.57948316366484,0.9381362568519969,0.7550513591680725,323.27173061863743,0.14252153484729835,1,40,35,181,597,263,92,5,4,684,216,0.011746280344557557,0.5677368833202819,0.1519185591229444,0.12607674236491778,0.0
P446421,1270,4.268503937007874,0.8811023622047244,0.6587723825187957,383.2645669291339,0.10236220472440945,78,403,821,281,447,158,666,73,36,654,256,0.007086614173228346,0.6023622047244095,0.08976377952755905,0.1984251968503937,0.0
P439926,1266,4.201421800947867,0.8009478672985783,0.7525881186856603,446.9249605055292,0.17377567140600317,3,56,279,229,23,340,376,14,4,294,477,0.010268562401263823,0.5371248025276462,0.13665086887835703,0.14218009478672985,0.0
P445827,1260,4.160317460317461,0.807936507936508,0.5169584114255944,334.7888888888889,0.1880952380952381,3,80,66,215,515,271,122,2,29,626,205,0.00873015873015873,0.5182539682539683,0.13968253968253969,0.14523809523809525,0.0
P422430,1256,4.562898089171974,0.9339171974522293,0.7363373770421704,349.3622611464968,0.17277070063694266,128,375,920,305,440,178,148,118,112,761,178,0.003980891719745223,0.5326433121019108,0.1409235668789809,0.14968152866242038,0.0
P471535,1242,4.499194847020934,0.927536231884058,0.6325692238091533,282.15297906602257,0.1642512077294686,231,228,612,162,424,125,84,122,88,653,159,0.00966183574879227,0.5539452495974235,0.14090177133655393,0.13123993558776167,0.0
P434545,1239,4.287328490718322,0.8716707021791767,0.6502840591211841,400.47134786117834,0.1678773204196933,43,133,140,84,427,195,182,84,67,515,294,0.005649717514124294,0.5520581113801453,0.14043583535108958,0.13397901533494755,0.0
P465368,1238,4.14297253634895,0.7851373182552503,0.7904781647260833,361.58562197092084,0.20759289176090467,4,96,133,227,155,387,330,28,158,420,301,0.011308562197092083,0.5210016155088854,0.12116316639741519,0.13893376413570274,0.0
P428095,1238,4.14297253634895,0.7851373182552503,0.7904781647260833,361.58562197092084,0.20759289176090467,4,96,133,227,155,387,330,28,158,420,301,0.011308562197092083,0.5210016155088854,0.12116316639741519,0.13893376413570274,0.0
P474953,1235,4.34331983805668,0.8825910931174089,0.697962972144006,469.8331983805668,0.2242914979757085,101,380,358,177,674,138,74,214,218,801,256,0.015384615384615385,0.5263157894736842,0.20080971659919028,0.03319838056680162,0.0
P476513,1235,4.34331983805668,0.8825910931174089,0.697962972144006,469.8331983805668,0.2242914979757085,101,380,358,177,674,138,74,214,218,801,256,0.015384615384615385,0.5263157894736842,0.20080971659919028,0.03319838056680162,0.0
P453225,1232,3.7662337662337664,0.6550324675324676,0.8184576540062587,308.0689935064935,0.20616883116883117,3,21,315,353,118,37,11,31,197,498,234,0.030844155844155844,0.49594155844155846,0.14772727272727273,0.11931818181818182,0.0
P442858,1232,4.458603896103896,0.9228896103896104,0.24283334791874714,419.34902597402595,0.20373376623376624,41,218,559,370,453,193,102,100,129,688,197,0.012987012987012988,0.551948051948052,0.11607142857142858,0.11525974025974026,0.0
P423148,1230,4.543089430894309,0.9138211382113821,0.7089433341458874,355.64878048780486,0.16260162601626016,21,198,69,220,274,240,109,5,10,533,290,0.012195121951219513,0.5715447154471545,0.12113821138211382,0.13252032520325202,0.0
P443350,1230,4.543089430894309,0.9138211382113821,0.7089433341458874,355.64878048780486,0.16260162601626016,21,198,69,220,274,240,109,5,10,533,290,0.012195121951219513,0.5715447154471545,0.12113821138211382,0.13252032520325202,0.0
P3617,1217,4.511092851273624,0.8575498575498576,0.8022599419007305,411.30238290879214,0.03286770747740345,0,165,90,300,277,212,867,5,0,271,491,0.5735414954806902,0.2612982744453574,0.029580936729663106,0.10271158586688578,0.0
P468658,1200,4.615,0.9275,0.6824758669950808,343.77666666666664,0.16166666666666665,10,143,76,339,130,180,181,25,3,596,259,0.016666666666666666,0.55,0.1175,0.15416666666666667,0.0
P455936,1200,4.320833333333334,0.8325,0.7712015378392405,259.4625,0.25333333333333335,6,11,463,146,327,15,4,5,235,401,61,0.055,0.4558333333333333,0.1425,0.09333333333333334,0.0
P469502,1200,4.4366666666666665,0.8708333333333333,0.781180726599446,345.93333333333334,0.1825,18,137,129,209,58,255,470,30,29,396,352,0.02,0.525,0.10416666666666667,0.16833333333333333,0.0
P377570,1197,4.516290726817043,0.8736462093862816,0.8238207050030016,369.58228905597326,0.11445279866332497,12,321,519,579,183,128,130,147,21,327,236,0.6382623224728488,0.17627401837928153,0.047619047619047616,0.023391812865497075,0.0
P456208,1196,4.255016722408027,0.8545150501672241,0.6732769256861753,362.13377926421407,0.14297658862876253,1,34,145,96,116,304,105,27,76,480,376,0.010869565217391304,0.5953177257525084,0.13043478260869565,0.12040133779264214,0.0
P459301,1196,4.255016722408027,0.8545150501672241,0.6732769256861753,362.13377926421407,0.14297658862876253,1,34,145,96,116,304,105,27,76,480,376,0.010869565217391304,0.5953177257525084,0.13043478260869565,0.12040133779264214,0.0
P122718,1195,4.611715481171548,0.8210116731517509,0.8104518260617698,274.72384937238496,0.042677824267782424,0,243,57,170,93,233,205,7,0,557,275,0.43347280334728033,0.33389121338912137,0.0401673640167364,0.1497907949790795,0.0
P482742,1190,4.63109243697479,0.9554621848739496,0.8035554275397332,328.7025210084034,0.15546218487394958,213,430,459,143,383,140,94,155,82,578,200,0.004201680672268907,0.6042016806722689,0.1495798319327731,0.0865546218487395,0.0
P427397,1187,4.5787700084246,0.932603201347936,0.7269032923934552,378.3403538331929,0.18112889637742208,108,284,508,385,230,169,169,94,65,663,205,0.005897219882055603,0.5560235888795282,0.12973883740522324,0.12721145745577084,0.0
P448937,1178,4.084040747028863,0.8030560271646859,0.6594192248211015,363.39898132427845,0.21052631578947367,27,255,750,411,362,160,141,152,44,581,208,0.007640067911714771,0.5356536502546689,0.1434634974533107,0.10271646859083192,0.0
P445951,1173,4.217391304347826,0.794066317626527,0.7536693483289482,328.44160272804777,0.19948849104859334,21,233,266,242,225,166,310,99,16,405,230,0.03580562659846547,0.5115089514066496,0.14407502131287298,0.10912190963341858,0.0
P421998,1173,4.217391304347826,0.794066317626527,0.7536693483289482,328.44160272804777,0.19948849104859334,21,233,266,242,225,166,310,99,16,405,230,0.03580562659846547,0.5115089514066496,0.14407502131287298,0.10912190963341858,0.0
P434336,1167,4.387317909168809,0.8483455882352942,0.8026315237413038,332.52185089974296,0.20051413881748073,78,323,373,286,278,158,232,164,33,466,189,0.0934018851756641,0.4695801199657241,0.14138817480719795,0.09511568123393316,0.0
P421277,1159,4.0258843830888695,0.7628774422735346,0.717287188916261,363.14495254529766,0.20276100086281276,17,85,177,100,214,100,113,80,73,415,315,0.06816220880069025,0.5021570319240725,0.14667817083692838,0.08024158757549611,0.0
P405096,1158,4.309153713298791,0.8092566619915849,0.7987063057536696,288.49568221070814,0.12607944732297063,0,155,144,350,193,222,215,0,14,530,165,0.28411053540587217,0.4067357512953368,0.08549222797927461,0.09758203799654577,0.0
P500777,1150,4.522608695652174,0.9,0.6472802393903297,302.27130434782606,0.21043478260869566,19,23,602,161,161,15,0,1,46,441,61,0.04608695652173913,0.4895652173913044,0.1617391304347826,0.09217391304347826,0.0
P467602,1142,4.530647985989492,0.9387040280210157,0.7238111500085497,305.58844133099825,0.17600700525394045,34,140,326,58,110,136,10,106,28,452,390,0.021015761821366025,0.5604203152364273,0.1287215411558669,0.1138353765323993,0.0
P448802,1142,3.7574430823117337,0.7145359019264448,0.7808388308362132,257.67425569176885,0.18563922942206654,21,33,161,51,34,161,6,32,8,320,280,0.01926444833625219,0.5516637478108581,0.13572679509632224,0.10770577933450087,0.0
P443842,1139,4.381035996488148,0.8735733099209834,0.7510941245118362,298.9912203687445,0.17998244073748904,19,74,127,95,136,272,159,64,31,356,384,0.009657594381035996,0.5636523266022827,0.15013169446883232,0.09657594381035997,0.0
P500757,1131,3.9973474801061006,0.7701149425287356,0.7591804690257744,316.89566755083996,0.16445623342175067,0,9,22,27,1,81,38,6,7,183,621,0.034482758620689655,0.5366931918656057,0.16357206012378425,0.10079575596816977,0.0
P479841,1128,4.796985815602837,0.975177304964539,0.5803286253759892,324.39539007092196,0.2154255319148936,35,86,389,251,370,373,86,78,35,675,191,0.020390070921985817,0.526595744680851,0.13829787234042554,0.09929078014184398,0.0
P418624,1122,4.410873440285205,0.8552253116011506,0.7997800626658967,334.1114081996435,0.20231729055258468,77,306,363,274,270,151,223,160,33,456,184,0.0962566844919786,0.4696969696969697,0.13814616755793227,0.09358288770053476,0.0
P427410,1113,3.445642407906559,0.6046720575022462,0.7585130805870698,365.3414195867026,0.18508535489667566,1,228,209,71,91,335,207,74,19,574,347,0.0071877807726864335,0.5381850853548967,0.14016172506738545,0.1293800539083558,0.0
P456211,1110,3.990990990990991,0.7612612612612613,0.608102324913288,336.8873873873874,0.14684684684684685,0,2,16,22,13,10,27,2,1,229,299,0.008108108108108109,0.5882882882882883,0.13963963963963963,0.11711711711711711,0.0
P459300,1110,3.990990990990991,0.7612612612612613,0.608102324913288,336.8873873873874,0.14684684684684685,0,2,16,22,13,10,27,2,1,229,299,0.008108108108108109,0.5882882882882883,0.13963963963963963,0.11711711711711711,0.0
P454120,1105,4.166515837104073,0.8,0.772550427125416,350.81447963800906,0.2253393665158371,36,146,521,350,75,147,157,64,62,484,222,0.007239819004524887,0.5321266968325792,0.1339366515837104,0.10135746606334842,0.0
P418629,1101,3.991825613079019,0.7393422655298416,0.7614013520237494,354.2597638510445,0.17075386012715713,15,337,621,276,308,153,227,113,34,428,180,0.19618528610354224,0.44868301544050865,0.10354223433242507,0.08083560399636694,0.0
P474377,1099,4.547770700636943,0.8989990900818926,0.6921791038987191,358.5004549590537,0.19745222929936307,32,217,368,252,200,194,135,73,38,640,152,0.010009099181073703,0.5286624203821656,0.1464968152866242,0.11737943585077343,0.0
P503191,1099,4.547770700636943,0.8989990900818926,0.6921791038987191,358.5004549590537,0.19745222929936307,32,217,368,252,200,194,135,73,38,640,152,0.010009099181073703,0.5286624203821656,0.1464968152866242,0.11737943585077343,0.0
P473820,1096,4.311131386861314,0.8895985401459854,0.7402735433460753,341.5830291970803,0.1541970802919708,43,133,237,50,157,122,14,88,39,480,329,0.020072992700729927,0.5875912408759124,0.1541970802919708,0.08394160583941605,0.0
P472028,1092,4.383699633699634,0.8946886446886447,0.8362848728390063,457.7554945054945,0.17857142857142858,60,49,189,46,268,129,5,124,67,529,363,0.008241758241758242,0.5357142857142857,0.1813186813186813,0.09615384615384616,0.0
P384780,1089,4.068870523415978,0.8086124401913876,0.7895671466471261,366.9669421487603,0.19834710743801653,31,308,494,383,74,173,141,127,33,380,199,0.3608815426997245,0.3076216712580349,0.08723599632690542,0.04591368227731864,0.0
P423259,1080,4.265740740740741,0.8407407407407408,0.8171025154456286,349.73425925925926,0.35185185185185186,44,101,206,192,115,372,270,72,69,354,242,0.013888888888888888,0.46574074074074073,0.09074074074074075,0.07777777777777778,0.0
P385432,1079,4.223354958294717,0.8464730290456431,0.7917974738711896,321.01668211306765,0.05004633920296571,2,63,123,294,47,197,788,13,19,150,553,0.5634847080630213,0.25857275254865614,0.04541241890639481,0.082483781278962,0.0
P433444,1074,4.645251396648045,0.9497206703910615,0.774459622626632,344.6256983240223,0.15549348230912477,2,118,145,302,250,184,226,6,22,614,179,0.006517690875232775,0.5642458100558659,0.11731843575418995,0.1564245810055866,0.0
P431181,1073,3.712022367194781,0.6943150046598322,0.7978604993130117,446.15004659832243,0.1724137931034483,7,10,83,92,319,26,25,10,103,104,276,0.012115563839701771,0.4874184529356943,0.20782851817334577,0.12022367194780988,0.0
P426707,1072,4.000932835820896,0.7518656716417911,0.798226207901131,293.49720149253733,0.13246268656716417,171,415,650,314,209,186,150,153,45,535,163,0.010261194029850746,0.5401119402985075,0.11567164179104478,0.20149253731343283,0.0
P419223,1070,3.8962616822429905,0.7291242362525459,0.7369710358304787,355.67196261682244,0.19345794392523363,74,58,270,133,55,181,21,123,18,328,264,0.06542056074766354,0.502803738317757,0.14766355140186915,0.09065420560747664,0.0
P12295,1070,4.519626168224299,0.8587257617728532,0.8189183391358067,299.82710280373834,0.12429906542056075,0,103,182,256,201,179,94,11,4,447,183,0.4373831775700935,0.3130841121495327,0.08317757009345794,0.04205607476635514,0.0
P454378,1070,4.396261682242991,0.8859813084112149,0.8472706902223502,305.9271028037383,0.19158878504672897,103,358,725,224,458,184,141,95,37,527,162,0.003738317757009346,0.5392523364485982,0.13738317757009347,0.1280373831775701,0.0
P436359,1065,3.8103286384976527,0.6816901408450704,0.7447570318423158,330.8075117370892,0.16338028169014085,6,147,130,394,331,239,194,5,15,490,164,0.012206572769953052,0.5511737089201878,0.13333333333333333,0.13990610328638498,0.0
P384539,1062,4.260828625235405,0.8444444444444444,0.803701255414913,324.64877589453863,0.03766478342749529,2,304,69,307,90,195,453,2,6,374,223,0.3775894538606403,0.3738229755178908,0.054613935969868174,0.15630885122410546,0.0
P430146,1062,4.509416195856874,0.8851224105461394,0.818954176448403,327.74105461393594,0.2551789077212806,72,298,404,307,166,111,192,176,22,377,159,0.0160075329566855,0.5254237288135594,0.11581920903954802,0.08757062146892655,0.0
P454384,1061,4.093308199811498,0.7702407002188184,0.8066703727581652,302.0603204524034,0.1998114985862394,58,436,186,134,219,157,149,98,107,313,195,0.07540056550424128,0.46748350612629597,0.1460885956644675,0.1112158341187559,0.0
P454383,1061,4.093308199811498,0.7702407002188184,0.8066703727581652,302.0603204524034,0.1998114985862394,58,436,186,134,219,157,149,98,107,313,195,0.07540056550424128,0.46748350612629597,0.1460885956644675,0.1112158341187559,0.0
P481831,1053,4.668566001899335,0.9392212725546059,0.7596230213369789,318.7568850902184,0.18138651471984804,27,39,437,39,266,65,45,16,78,251,244,0.03513770180436847,0.5261158594491928,0.15669515669515668,0.100664767331434,0.0
P449175,1050,4.360952380952381,0.8933333333333333,0.7806229394890608,308.3619047619048,0.1676190476190476,60,129,540,336,273,156,81,47,78,555,135,0.006666666666666667,0.5961904761904762,0.12380952380952381,0.10571428571428572,0.0
P455236,1049,4.574833174451859,0.9161105815061964,0.758515140252326,373.0781696854147,0.21163012392755004,12,12,448,141,411,12,0,1,69,413,83,0.01811248808388942,0.5529075309818875,0.11344137273593899,0.10390848427073403,0.0
P470041,1045,4.238277511961723,0.8583732057416268,0.7779430533515527,324.5626794258373,0.17607655502392344,184,362,454,101,324,134,77,63,69,451,149,0.0066985645933014355,0.5473684210526316,0.11483253588516747,0.15502392344497606,0.0
P454838,1043,3.860019175455417,0.7459252157238735,0.8157719145828162,378.25119846596357,0.1610738255033557,35,69,207,85,95,196,11,61,43,405,393,0.006711409395973154,0.5656759348034516,0.1457334611697028,0.12080536912751678,0.0
P456566,1041,3.940441882804995,0.7377521613832853,0.7047315495448154,365.5581171950048,0.19212295869356388,44,80,203,103,359,152,174,114,168,409,264,0.008645533141210375,0.5302593659942363,0.15177713736791545,0.11719500480307397,0.0
P421276,1041,4.51104707012488,0.9325626204238922,0.7020340264239844,351.81940441882807,0.18539865513928913,65,286,652,189,294,108,124,56,28,488,184,0.04707012487992315,0.5024015369836695,0.1335254562920269,0.13160422670509125,0.0
P395615,1040,4.503846153846154,0.9029535864978903,0.767824102027111,325.14134615384614,0.07115384615384615,8,139,71,227,123,167,231,13,4,409,267,0.34134615384615385,0.4009615384615385,0.0673076923076923,0.11923076923076924,0.0
P188309,1038,4.168593448940269,0.7954545454545454,0.7623004860169179,294.28805394990366,0.05009633911368015,6,156,133,309,61,121,702,2,1,225,376,0.22928709055876687,0.42003853564547206,0.05202312138728324,0.24855491329479767,0.0
P472050,1035,4.393236714975846,0.9207729468599034,0.7435342106831113,364.15072463768115,0.09371980676328502,182,347,653,119,382,189,138,71,37,689,136,0.00966183574879227,0.6560386473429952,0.09371980676328502,0.1468599033816425,0.0
P411365,1031,4.587778855480116,0.932067932067932,0.7304857723346959,356.2337536372454,0.1930164888457808,77,65,165,139,175,336,123,109,39,493,368,0.03394762366634336,0.524733268671193,0.15809893307468478,0.09020368574199807,0.0
P214002,1031,4.201745877788555,0.8291873963515755,0.8118712639466661,349.72065955383124,0.2463627546071775,79,270,575,325,305,421,172,145,29,420,212,0.16100872938894278,0.44034917555771097,0.08729388942774007,0.06498545101842872,0.0
P482535,1027,4.541382667964946,0.9074975657254138,0.7097832807518554,346.9269717624148,0.1976630963972736,84,68,194,139,320,236,372,102,90,565,298,0.033106134371957155,0.5034079844206426,0.11392405063291139,0.1518987341772152,0.0
P411401,1026,4.004873294346979,0.7763157894736842,0.7971595213496806,321.52923976608184,0.15789473684210525,14,84,234,90,57,97,10,77,19,254,353,0.1276803118908382,0.4727095516569201,0.14814814814814814,0.0935672514619883,0.0
P460515,1018,4.281925343811395,0.8447937131630648,0.828275724901338,380.6286836935167,0.18958742632612965,12,97,190,144,147,241,67,37,42,580,258,0.005893909626719057,0.5481335952848723,0.13948919449901767,0.1168958742632613,0.0
P462347,1018,4.281925343811395,0.8447937131630648,0.828275724901338,380.6286836935167,0.18958742632612965,12,97,190,144,147,241,67,37,42,580,258,0.005893909626719057,0.5481335952848723,0.13948919449901767,0.1168958742632613,0.0
P471046,1018,4.49901768172888,0.9135559921414538,0.6255507605206786,369.4469548133595,0.19351669941060903,25,234,720,235,383,108,69,91,36,587,142,0.011787819253438114,0.5579567779960707,0.13064833005893908,0.10609037328094302,0.0
P447210,1013,4.142152023692004,0.7956564659427443,0.7863984320987791,342.90424481737415,0.20138203356367226,41,104,370,119,110,185,22,98,17,397,252,0.018756169792694965,0.558736426456071,0.12734452122408688,0.09378084896347483,0.0
P455926,1012,4.256916996047431,0.8300395256916996,0.7961692228995977,379.151185770751,0.1442687747035573,27,61,113,132,146,295,218,37,23,376,385,0.007905138339920948,0.5948616600790514,0.15019762845849802,0.10276679841897234,0.0
P455927,1012,4.256916996047431,0.8300395256916996,0.7961692228995977,379.151185770751,0.1442687747035573,27,61,113,132,146,295,218,37,23,376,385,0.007905138339920948,0.5948616600790514,0.15019762845849802,0.10276679841897234,0.0
P188307,1007,4.404170804369414,0.8672199170124482,0.7655004508639507,310.7715988083416,0.029791459781529295,0,174,158,333,54,159,679,8,1,191,348,0.23733862959285004,0.4458788480635551,0.04865938430983118,0.23833167825223436,0.0
P403817,1006,3.676938369781312,0.6673228346456693,0.7577687364611637,296.79324055666007,0.11332007952286283,33,51,273,70,17,91,17,67,19,233,223,0.2992047713717694,0.3817097415506958,0.10238568588469185,0.10337972166998012,0.0
P375841,1002,4.0968063872255485,0.8300220750551877,0.7991270000463003,321.13972055888223,0.15169660678642716,42,32,123,63,24,71,10,40,32,403,270,0.07385229540918163,0.5219560878243513,0.13972055888223553,0.11277445109780439,0.0
P375853,1001,4.095904095904096,0.7829545454545455,0.725458651367161,348.13686313686316,0.14385614385614387,21,95,195,191,178,155,153,42,45,453,238,0.04295704295704296,0.5824175824175825,0.1108891108891109,0.11988011988011989,0.0
P297551,1000,4.397,0.8633540372670807,0.8250001466434428,354.967,0.057,1,125,47,201,187,164,621,9,0,339,339,0.516,0.293,0.044,0.09,0.0
P442836,995,4.579899497487437,0.9005025125628141,0.8031009410960334,331.27638190954775,0.264321608040201,15,115,167,410,124,290,132,2,1,542,194,0.018090452261306532,0.5206030150753769,0.11457286432160804,0.08241206030150754,0.0
P466164,993,4.3927492447129906,0.850956696878147,0.8194116985189243,400.82275931520644,0.1903323262839879,65,60,196,88,204,226,227,129,193,447,240,0.008056394763343404,0.5750251762336355,0.13293051359516617,0.09365558912386707,0.0
P442744,992,4.155241935483871,0.7913306451612904,0.7658092026077148,311.53225806451616,0.21370967741935484,18,89,293,125,384,69,47,19,46,344,101,0.010080645161290322,0.5383064516129032,0.10987903225806452,0.1280241935483871,0.0
P375534,989,4.197168857431749,0.8027613412228797,0.8081705106707512,290.39231547017187,0.1911021233569262,176,278,734,414,89,309,202,143,39,290,192,0.2608695652173913,0.391304347826087,0.09706774519716886,0.05965621840242669,0.0
P433443,988,4.516194331983805,0.895748987854251,0.744826560187405,350.40587044534414,0.18522267206477733,43,147,439,274,105,101,120,83,132,563,130,0.0010121457489878543,0.5799595141700404,0.12651821862348178,0.10728744939271255,0.0
P440650,987,4.608915906788247,0.9404388714733543,0.7298210815203433,359.0425531914894,0.1955420466058764,76,62,159,134,169,324,111,107,38,481,357,0.03546099290780142,0.5217831813576495,0.1590678824721378,0.08814589665653495,0.0
P446942,985,4.198984771573604,0.848730964467005,0.8125056029015094,266.3746192893401,0.116751269035533,31,251,105,123,54,104,206,46,106,303,242,0.019289340101522844,0.617258883248731,0.0883248730964467,0.15837563451776648,0.0
P472468,982,4.591649694501018,0.9389002036659878,0.737059893890782,311.6883910386965,0.159877800407332,6,37,130,233,310,217,77,3,3,490,202,0.016293279022403257,0.554989816700611,0.13441955193482688,0.13441955193482688,0.0
P457005,979,4.584269662921348,0.933605720122574,0.7797852541761334,368.8621041879469,0.21756894790602654,114,332,529,234,433,138,91,119,47,483,118,0.0040858018386108275,0.5178753830439223,0.13891726251276812,0.12155260469867211,0.0
P476729,977,4.571136131013306,0.9181166837256909,0.633858096676433,341.54657113613104,0.22210849539406347,151,67,321,126,283,105,45,232,111,575,198,0.02661207778915046,0.5598771750255885,0.12282497441146366,0.06857727737973388,0.0
P416139,977,4.013306038894576,0.7479108635097493,0.7652168224979142,363.75639713408395,0.1699078812691914,13,297,553,252,270,141,208,105,31,387,169,0.20266120777891505,0.43398157625383826,0.1105424769703173,0.08290685772773797,0.0
P469538,977,4.571136131013306,0.9181166837256909,0.633858096676433,341.54657113613104,0.22210849539406347,151,67,321,126,283,105,45,232,111,575,198,0.02661207778915046,0.5598771750255885,0.12282497441146366,0.06857727737973388,0.0
P454313,977,4.6366427840327535,0.9201637666325486,0.7531138619314879,369.38587512794265,0.24462640736949848,39,144,425,312,145,331,192,68,36,414,178,0.009211873080859774,0.5312180143295804,0.11156601842374617,0.10337768679631525,0.0
P409631,969,4.531475748194015,0.9025787965616046,0.7148021476171097,286.5252837977296,0.08875128998968008,0,62,48,171,29,150,102,4,5,386,186,0.48297213622291024,0.3023735810113519,0.05985552115583075,0.06604747162022703,0.0
P404793,967,4.371251292657704,0.9007238883143743,0.7700607874926101,332.56876938986557,0.17063081695966908,61,334,255,163,348,80,85,143,46,386,124,0.0062047569803516025,0.5749741468459152,0.1437435367114788,0.10444674250258532,0.0
P453224,966,4.39648033126294,0.8643892339544513,0.7863006862087383,360.34265010351965,0.18115942028985507,34,76,171,117,198,198,215,37,24,428,290,0.007246376811594203,0.5693581780538303,0.12525879917184266,0.11697722567287784,0.0
P475589,965,4.456994818652849,0.9088082901554404,0.7731531867712879,305.3481865284974,0.14093264248704662,62,63,196,38,107,69,2,72,32,332,240,0.0062176165803108805,0.5927461139896373,0.12331606217616581,0.13678756476683937,0.0
P443830,962,4.393970893970894,0.9002079002079002,0.8440838255930629,294.4303534303534,0.2338877338877339,35,109,425,208,173,130,74,65,50,430,236,0.015592515592515593,0.5571725571725572,0.11330561330561331,0.08004158004158005,0.0
P479904,960,4.244791666666667,0.7844940867279895,0.7832226838871887,443.5885416666667,0.07916666666666666,28,354,230,181,193,182,552,118,9,283,232,0.22395833333333334,0.4666666666666667,0.06666666666666667,0.16354166666666667,0.0
P400203,960,4.244791666666667,0.7844940867279895,0.7832226838871887,443.5885416666667,0.07916666666666666,28,354,230,181,193,182,552,118,9,283,232,0.22395833333333334,0.4666666666666667,0.06666666666666667,0.16354166666666667,0.0
P427411,959,4.154327424400417,0.8091762252346194,0.8065439078058819,345.4692387904067,0.1689259645464025,8,63,180,139,34,165,452,27,2,321,331,0.010427528675703858,0.5391032325338895,0.10844629822732013,0.17309697601668406,0.0
P505346,959,4.582898852971845,0.921793534932221,0.6272904887213722,340.60896767466113,0.21897810218978103,149,66,315,123,277,105,44,229,110,564,195,0.027111574556830033,0.5630865484880083,0.12200208550573514,0.06882168925964546,0.0
P458755,954,4.159329140461216,0.8039832285115304,0.7527742299803153,388.02515723270443,0.19077568134171907,47,104,257,85,300,109,112,108,96,464,210,0.005241090146750524,0.5335429769392034,0.15932914046121593,0.1111111111111111,0.0
P309310,951,3.846477392218717,0.7371188222923238,0.7193699015005854,418.1619348054679,0.15036803364879076,7,178,85,332,164,175,176,4,4,548,184,0.010515247108307046,0.5415352260778128,0.12197686645636173,0.17560462670872765,0.0
P474937,949,4.461538461538462,0.8914646996838778,0.7598257901722111,348.1159114857745,0.11801896733403583,17,166,83,282,336,148,298,1,6,498,211,0.018967334035827187,0.5774499473129611,0.0916754478398314,0.19388830347734456,0.0
P404322,948,4.449367088607595,0.8485804416403786,0.7906426068886306,318.2478902953587,0.1350210970464135,2,105,67,290,158,159,298,2,0,361,197,0.23417721518987342,0.4472573839662447,0.08227848101265822,0.10126582278481013,0.0
P448202,947,4.577613516367476,0.9376979936642027,0.7838176705893254,306.2523759239704,0.17634635691657866,31,209,359,203,282,86,57,85,37,508,181,0.008447729672650475,0.5638859556494192,0.146779303062302,0.10454065469904963,0.0
P453930,945,4.522751322751323,0.9301587301587302,0.6134735311381518,341.98201058201056,0.22328042328042327,129,71,163,63,123,114,3,105,61,388,296,0.013756613756613757,0.5195767195767196,0.16084656084656085,0.08253968253968254,0.0
P463105,937,4.580576307363928,0.9455709711846318,0.6394550893041823,289.71931696905017,0.15154749199573106,86,110,161,67,300,129,64,90,65,522,179,0.008537886872998933,0.5645677694770544,0.15581643543223053,0.11953041622198506,0.0
P39970,937,4.106723585912487,0.7588832487309645,0.7374092363777326,268.58591248665954,0.11739594450373532,4,51,249,174,289,165,85,21,13,315,115,0.4183564567769477,0.3319103521878335,0.07150480256136606,0.060832443970117396,0.0
P411393,934,4.174518201284797,0.820476858345021,0.8781418108270966,383.6134903640257,0.1766595289079229,28,60,102,135,7,66,129,4,3,179,291,0.18308351177730192,0.4614561027837259,0.1006423982869379,0.07815845824411134,0.0
P442838,934,4.316916488222698,0.8383297644539615,0.83059733760836,337.0578158458244,0.23126338329764454,127,61,361,137,84,250,15,109,18,384,214,0.014989293361884369,0.5428265524625268,0.1316916488222698,0.07922912205567452,0.0
P481164,926,4.55183585313175,0.9416846652267818,0.6541292343924685,342.889848812095,0.2505399568034557,131,238,596,219,338,132,61,79,43,511,130,0.00755939524838013,0.5529157667386609,0.11123110151187905,0.07775377969762419,0.0
P501760,923,4.487540628385699,0.8819068255687974,0.7712815960582632,326.90574214517875,0.20693391115926327,130,35,315,55,131,122,5,99,42,491,204,0.030335861321776816,0.5092091007583965,0.13434452871072589,0.11917659804983749,0.0
P475921,923,4.2275189599133265,0.8548212351029253,0.5905900610529858,290.409534127844,0.19393282773564463,57,78,214,54,187,105,12,81,50,408,216,0.015167930660888408,0.5579631635969664,0.13326110509209102,0.09967497291440953,0.0
P502656,921,4.090119435396308,0.7832783278327833,0.742700033446612,340.0814332247557,0.2290988056460369,27,275,511,217,161,115,142,95,37,383,180,0.03040173724212812,0.4788273615635179,0.18892508143322476,0.0727470141150923,0.0
P467655,920,3.847826086956522,0.717391304347826,0.788848271476719,271.1565217391304,0.15,2,18,31,153,166,112,629,6,3,88,432,0.02282608695652174,0.5576086956521739,0.07717391304347826,0.1923913043478261,0.0
P375850,919,4.1305767138193685,0.7831603229527105,0.7583325959804679,326.20674646354735,0.1512513601741023,14,82,97,267,285,143,98,3,12,499,203,0.025027203482045703,0.6017410228509249,0.11534276387377584,0.10663764961915125,0.0
P470259,919,3.6605005440696408,0.6855277475516867,0.7327554038433034,342.26550598476604,0.16974972796517954,2,28,59,30,492,113,301,13,12,129,479,0.025027203482045703,0.4940152339499456,0.12404787812840043,0.18715995647442873,0.0
P484080,919,3.6605005440696408,0.6855277475516867,0.7327554038433034,342.26550598476604,0.16974972796517954,2,28,59,30,492,113,301,13,12,129,479,0.025027203482045703,0.4940152339499456,0.12404787812840043,0.18715995647442873,0.0
P122881,918,4.318082788671024,0.8369565217391305,0.718734023630019,270.09150326797385,0.006535947712418301,2,281,135,236,104,121,243,9,5,232,208,0.22766884531590414,0.5250544662309368,0.03812636165577342,0.20261437908496732,0.0
P440949,915,4.509289617486338,0.921311475409836,0.784674008108089,328.2928961748634,0.15081967213114755,3,43,127,99,61,202,127,5,9,421,221,0.008743169398907104,0.5650273224043716,0.1366120218579235,0.13879781420765028,0.0
P455611,913,3.8477546549835706,0.7380688124306326,0.7523488029837608,356.5750273822563,0.13910186199342825,36,77,92,53,95,91,302,52,50,238,488,0.029572836801752465,0.5750273822562979,0.12267250821467689,0.13362541073384446,0.0
P422022,913,3.8477546549835706,0.7380688124306326,0.7523488029837608,356.5750273822563,0.13910186199342825,36,77,92,53,95,91,302,52,50,238,488,0.029572836801752465,0.5750273822562979,0.12267250821467689,0.13362541073384446,0.0
P471025,912,4.319078947368421,0.8552631578947368,0.7276492585622987,380.39912280701753,0.2532894736842105,110,58,391,127,576,122,39,133,150,506,187,0.01644736842105263,0.5,0.13925438596491227,0.09100877192982457,0.0
P217513,908,4.291850220264317,0.8739130434782608,0.7242550616022907,339.2488986784141,0.07048458149779736,1,57,170,134,177,102,72,20,3,530,199,0.6090308370044053,0.22246696035242292,0.05837004405286344,0.039647577092511016,0.0
P479318,906,4.677704194260485,0.9492273730684326,0.6543959888114649,368.6743929359823,0.17549668874172186,48,131,344,151,118,146,99,102,84,558,184,0.029801324503311258,0.5739514348785872,0.11479028697571744,0.10596026490066225,0.0
P254720,906,4.347682119205298,0.8317757009345794,0.797892677485223,375.49668874172187,0.059602649006622516,2,116,92,310,41,131,695,0,1,299,320,0.25275938189845476,0.46799116997792495,0.06070640176600441,0.15894039735099338,0.0
P257537,905,3.769060773480663,0.5569620253164557,0.8006629708023476,263.8674033149171,0.09281767955801105,7,16,72,44,5,54,2,20,20,342,307,0.2839779005524862,0.41104972375690607,0.12265193370165746,0.08950276243093923,0.0
P377545,901,4.008879023307436,0.7620481927710844,0.7729331025782545,321.2219755826859,0.1220865704772475,11,61,351,91,22,110,15,87,11,201,206,0.3029966703662597,0.3873473917869034,0.10543840177580466,0.08213096559378469,0.0
P449180,896,4.089285714285714,0.7477678571428571,0.8219009814030656,338.3158482142857,0.1953125,38,65,129,60,116,131,206,63,136,326,227,0.011160714285714286,0.5513392857142857,0.125,0.1171875,0.0
P444718,891,4.01010101010101,0.7542087542087542,0.7481376649873378,322.0089786756453,0.21997755331088664,5,118,85,242,60,175,124,4,4,369,220,0.012345679012345678,0.5398428731762065,0.12121212121212122,0.10662177328843996,0.0
P4015,890,4.317977528089887,0.8223684210526315,0.7127149859375327,277.5662921348315,0.028089887640449437,0,192,63,241,67,164,383,7,4,345,204,0.21685393258426966,0.46853932584269664,0.05056179775280899,0.23595505617977527,0.0
P469213,886,4.393905191873589,0.9018058690744921,0.7440361923455072,356.8374717832957,0.1399548532731377,71,64,193,55,216,105,7,63,35,486,224,0.0056433408577878106,0.59255079006772,0.1580135440180587,0.1038374717832957,0.0
P431187,882,4.032879818594104,0.7346938775510204,0.8095900632872961,314.1451247165533,0.20861678004535147,6,117,131,370,298,240,176,1,4,386,128,0.005668934240362812,0.5589569160997733,0.11224489795918367,0.1145124716553288,0.0
P418872,879,4.559726962457338,0.8851351351351351,0.7532510544628138,279.68145620022756,0.06598407281001138,0,95,30,100,99,120,113,4,0,495,141,0.18430034129692832,0.48350398179749715,0.08304891922639362,0.1831626848691695,0.0
P454936,879,3.938566552901024,0.7312072892938497,0.6898801715423664,346.96245733788396,0.17974971558589306,36,58,274,128,65,77,44,137,138,388,237,0.05688282138794084,0.5267349260523322,0.149032992036405,0.0875995449374289,0.0
P447212,879,3.938566552901024,0.7312072892938497,0.6898801715423664,346.96245733788396,0.17974971558589306,36,58,274,128,65,77,44,137,138,388,237,0.05688282138794084,0.5267349260523322,0.149032992036405,0.0875995449374289,0.0
P481161,871,4.548794489092996,0.9207807118254879,0.7190050192103528,340.7531572904707,0.14121699196326062,108,104,274,129,240,112,70,119,68,508,172,0.003444316877152698,0.5797933409873708,0.15269804822043628,0.12284730195177956,0.0
P479339,867,4.5455594002306805,0.9146482122260668,0.7699924714006154,332.7347174163783,0.19261822376009227,63,221,637,263,236,109,79,84,31,540,145,0.08650519031141868,0.5040369088811996,0.12802768166089964,0.08881199538638986,0.0
P422007,863,4.371958285052144,0.8598130841121495,0.746755437784069,302.9594438006952,0.17149478563151796,10,114,107,328,126,176,146,0,7,408,168,0.01738122827346466,0.5515643105446119,0.1332560834298957,0.12630359212050984,0.0
P379707,848,4.347877358490566,0.8558558558558559,0.631155781216981,386.61202830188677,0.13797169811320756,5,43,53,130,141,179,142,9,6,384,256,0.3596698113207547,0.36202830188679247,0.07311320754716981,0.06721698113207547,0.0
P470536,847,4.64344746162928,0.9574970484061394,0.6632299223278142,415.2042502951594,0.16765053128689492,26,108,280,141,168,118,90,67,27,492,242,0.004722550177095631,0.5478158205430933,0.15938606847697756,0.1204250295159386,0.0
P419221,845,3.298224852071006,0.5205128205128206,0.7878971929405478,380.78343195266274,0.21775147928994082,26,278,174,145,76,74,79,29,59,257,170,0.06745562130177515,0.46272189349112425,0.16568047337278108,0.0863905325443787,0.0
P458576,844,4.281990521327014,0.8483412322274881,0.8110852620393172,326.2026066350711,0.18246445497630331,192,331,472,107,204,128,82,76,54,374,125,0.009478672985781991,0.5402843601895735,0.1457345971563981,0.12203791469194313,0.0
P442761,843,4.075919335705812,0.7734282325029656,0.6671632271563749,359.9288256227758,0.20284697508896798,50,172,205,112,290,93,165,136,19,283,171,0.01542111506524318,0.5183867141162515,0.15183867141162516,0.11150652431791222,0.0
P433521,842,4.353919239904988,0.8836104513064132,0.6864069154752153,329.90736342042754,0.15914489311163896,36,107,278,105,141,96,15,58,26,357,163,0.013064133016627079,0.5866983372921615,0.166270783847981,0.07482185273159145,0.0
P428416,839,4.255065554231227,0.797377830750894,0.8032647438534123,250.1704410011919,0.2205005959475566,13,32,268,203,138,29,3,18,57,259,115,0.017878426698450536,0.5220500595947557,0.12157330154946365,0.11799761620977355,0.0
P461451,834,4.256594724220624,0.8788968824940048,0.8489489279953497,374.4208633093525,0.17865707434052758,52,86,216,122,470,151,48,77,88,510,136,0.009592326139088728,0.564748201438849,0.15347721822541965,0.09352517985611511,0.0
P468409,831,4.2647412755716,0.8146811070998796,0.7663906229578931,327.0300842358604,0.1588447653429603,97,193,429,130,377,119,73,99,50,477,128,0.006016847172081829,0.6101083032490975,0.11913357400722022,0.10589651022864019,0.0
P9940,829,4.248492159227985,0.8591836734693877,0.8350522396239367,306.50784077201445,0.15078407720144751,82,302,458,119,220,101,107,108,30,311,130,0.11821471652593486,0.5018094089264173,0.13268998793727382,0.09650180940892641,0.0
P482676,828,4.429951690821256,0.8780193236714976,0.6848599632817601,362.90700483091786,0.22705314009661837,124,176,148,65,210,169,97,143,103,458,224,0.016908212560386472,0.501207729468599,0.1292270531400966,0.12560386473429952,0.0
P122762,821,4.4933008526187574,0.753731343283582,0.7879372293750445,262.07429963459197,0.09135200974421437,0,92,74,259,44,122,97,2,5,305,147,0.21802679658952498,0.46163215590742995,0.12911084043848964,0.09987819732034105,0.0
P459141,821,4.483556638246041,0.8708891595615104,0.7969182068285974,337.2448233861145,0.09744214372716199,10,113,80,178,112,223,284,16,23,312,209,0.01705237515225335,0.607795371498173,0.1120584652862363,0.1656516443361754,0.0
P480301,821,4.483556638246041,0.8708891595615104,0.7969182068285974,337.2448233861145,0.09744214372716199,10,113,80,178,112,223,284,16,23,312,209,0.01705237515225335,0.607795371498173,0.1120584652862363,0.1656516443361754,0.0
P447782,815,4.060122699386503,0.7822878228782287,0.8169920968616174,327.99877300613497,0.1668711656441718,36,103,188,65,68,63,43,36,39,266,131,0.0638036809815951,0.5300613496932516,0.15460122699386503,0.08466257668711656,0.0
P454935,815,4.060122699386503,0.7822878228782287,0.8169920968616174,327.99877300613497,0.1668711656441718,36,103,188,65,68,63,43,36,39,266,131,0.0638036809815951,0.5300613496932516,0.15460122699386503,0.08466257668711656,0.0
P471029,815,4.063803680981595,0.7865030674846626,0.7923396820952366,315.6773006134969,0.21226993865030674,177,182,405,144,396,99,71,69,40,365,125,0.0098159509202454,0.5030674846625767,0.15460122699386503,0.12024539877300613,0.0
P122661,810,4.5320987654320986,0.797752808988764,0.7986911677002703,252.55925925925925,0.11234567901234568,0,82,69,202,33,196,109,6,2,276,183,0.43703703703703706,0.3111111111111111,0.07037037037037037,0.0691358024691358,0.0
P447781,810,4.2407407407407405,0.8106435643564357,0.804191644721561,368.4469135802469,0.16790123456790124,104,216,501,198,195,105,70,109,29,437,149,0.06790123456790123,0.5185185185185185,0.1580246913580247,0.08765432098765433,0.0
P464233,810,4.2407407407407405,0.8106435643564357,0.804191644721561,368.4469135802469,0.16790123456790124,104,216,501,198,195,105,70,109,29,437,149,0.06790123456790123,0.5185185185185185,0.1580246913580247,0.08765432098765433,0.0
P440934,807,3.644361833952912,0.6356877323420075,0.7933356116907179,292.62329615861216,0.20074349442379183,5,138,53,89,69,44,76,8,13,193,169,0.012391573729863693,0.5390334572490706,0.12763320941759604,0.12019826517967781,0.0
P429516,799,4.420525657071339,0.8873591989987485,0.8121664609730713,377.39549436795994,0.18147684605757197,116,285,170,59,218,120,77,62,51,342,136,0.008760951188986232,0.5381727158948686,0.1476846057571965,0.12390488110137672,0.0
P471065,795,4.310691823899371,0.8591194968553459,0.814826662923927,325.8377358490566,0.18238993710691823,184,306,445,100,195,118,74,71,52,359,114,0.010062893081761006,0.5358490566037736,0.14842767295597484,0.12327044025157233,0.0
P4010,789,4.498098859315589,0.8581560283687943,0.8012381921272824,309.11787072243345,0.11406844106463879,1,62,66,175,21,173,227,3,1,257,186,0.1888466413181242,0.4790874524714829,0.08111533586818757,0.13688212927756654,0.0
P456126,789,4.425855513307985,0.9011406844106464,0.6550816979730266,330.8022813688213,0.2572877059569075,8,65,205,261,224,239,118,0,3,474,97,0.0025348542458808617,0.5361216730038023,0.13688212927756654,0.06717363751584284,0.0
P455369,788,3.7918781725888326,0.7030456852791879,0.8184847435326252,289.997461928934,0.26776649746192893,37,153,566,215,98,120,88,61,18,286,141,0.021573604060913704,0.4733502538071066,0.13705583756345177,0.10025380710659898,0.0
P467249,786,4.012722646310433,0.7569974554707379,0.8216810903716857,335.4643765903308,0.16666666666666666,59,248,416,119,365,157,119,42,27,283,125,0.017811704834605598,0.5127226463104325,0.1450381679389313,0.15776081424936386,0.0
P281835,779,3.998716302952503,0.7567567567567568,0.7793654465312628,479.5121951219512,0.0821566110397946,0,0,2,15,1,168,2,2,1,77,489,0.44801026957637996,0.3157894736842105,0.09499358151476252,0.059050064184852376,0.0
P394397,773,3.9547218628719274,0.759581881533101,0.8773860691990665,359.17593790426906,0.13195342820181113,27,180,121,75,87,58,77,16,12,268,164,0.3130659767141009,0.36739974126778785,0.09314359637774904,0.0944372574385511,0.0
P481739,771,4.521400778210117,0.8832684824902723,0.7763378020455713,334.79896238651105,0.18028534370946822,223,242,500,181,96,160,135,94,48,414,120,0.03372243839169909,0.5343709468223087,0.13878080415045396,0.11284046692607004,0.0
P454396,763,4.4036697247706424,0.90956749672346,0.8303294985006887,303.3551769331586,0.1926605504587156,64,97,318,79,208,116,13,79,20,344,134,0.005242463958060288,0.5439056356487549,0.12844036697247707,0.12975098296199214,0.0
P428100,762,4.02755905511811,0.7506561679790026,0.732297244279281,369.6115485564304,0.16666666666666666,26,114,127,65,211,91,156,39,25,263,263,0.011811023622047244,0.510498687664042,0.16010498687664043,0.15091863517060367,0.0
P454084,760,4.413157894736842,0.9026315789473685,0.7859457819559774,397.79605263157896,0.2118421052631579,43,141,218,141,165,206,115,93,20,347,217,0.007894736842105263,0.5302631578947369,0.1368421052631579,0.11315789473684211,0.0
P427412,757,4.033025099075298,0.7873183619550859,0.7885307845274877,302.51915455746365,0.14398943196829592,8,23,107,50,10,62,311,16,52,134,302,0.02509907529722589,0.5508586525759577,0.10435931307793923,0.17569352708058125,0.0
P475543,750,4.261333333333333,0.8146666666666667,0.7077035669649743,348.39733333333334,0.20533333333333334,82,80,93,36,246,80,142,123,149,333,239,0.017333333333333333,0.548,0.10533333333333333,0.124,0.0
P468408,747,4.322623828647925,0.8460508701472557,0.35222597862337973,326.9277108433735,0.17670682730923695,37,91,249,70,202,106,5,75,28,345,145,0.008032128514056224,0.5809906291834003,0.14323962516733602,0.09103078982597054,0.0
P467615,744,4.547043010752688,0.918010752688172,0.7599647147010784,382.8736559139785,0.2217741935483871,58,77,298,221,101,250,128,50,150,420,121,0.009408602150537635,0.5725806451612904,0.11693548387096774,0.0793010752688172,0.0
P460578,738,4.284552845528455,0.8523035230352304,0.7381633847463326,378.5325203252033,0.1842818428184282,40,238,359,209,221,111,85,94,32,426,134,0.006775067750677507,0.573170731707317,0.17073170731707318,0.06504065040650407,0.0
P501254,734,4.67574931880109,0.9373297002724795,0.7822361761818126,344.34468664850135,0.21525885558583105,70,42,209,90,190,136,51,64,86,482,147,0.05722070844686648,0.4891008174386921,0.14032697547683923,0.09809264305177112,0.0
P471788,733,4.489768076398363,0.8509803921568627,0.8016463602656749,305.3233287858117,0.11323328785811733,1,59,64,169,19,159,203,3,1,236,168,0.18417462482946795,0.48021828103683495,0.08321964529331514,0.13915416098226466,0.0
P387261,720,4.661111111111111,0.9230769230769231,0.8096769352136932,381.97777777777776,0.09722222222222222,0,38,44,76,159,275,130,4,1,297,226,0.4722222222222222,0.28888888888888886,0.06944444444444445,0.07222222222222222,0.0
P469490,719,4.212795549374131,0.7830319888734353,0.754477800212253,346.19054242002784,0.2141863699582754,4,10,242,107,254,26,2,3,81,271,73,0.02920723226703755,0.5173852573018081,0.12239221140472879,0.1168289290681502,0.0
P505031,718,4.5974930362116995,0.935933147632312,0.45454545454545453,289.21448467966576,0.07520891364902507,272,151,571,99,121,57,35,96,48,418,93,0.02924791086350975,0.6155988857938719,0.14066852367688024,0.1392757660167131,0.0
P423136,716,4.5195530726256985,0.9106145251396648,0.7454180770352775,341.66480446927375,0.17458100558659218,12,88,70,265,152,215,136,2,8,401,165,0.012569832402234637,0.5935754189944135,0.10893854748603352,0.11033519553072625,0.0
P432241,716,3.874301675977654,0.7318435754189944,0.6099575434706674,347.090782122905,0.18994413407821228,145,224,450,233,65,72,71,81,176,395,142,0.006983240223463687,0.5544692737430168,0.1270949720670391,0.12150837988826815,0.0
P443700,716,4.5195530726256985,0.9106145251396648,0.7454180770352775,341.66480446927375,0.17458100558659218,12,88,70,265,152,215,136,2,8,401,165,0.012569832402234637,0.5935754189944135,0.10893854748603352,0.11033519553072625,0.0
P466122,716,4.425977653631285,0.9245810055865922,0.7076798420637211,338.627094972067,0.1564245810055866,15,47,42,107,140,140,84,10,42,376,148,0.0111731843575419,0.5642458100558659,0.13547486033519554,0.13268156424581007,0.0
P416561,714,4.092436974789916,0.7594202898550725,0.8151947319211446,351.4481792717087,0.13025210084033614,101,263,501,202,68,159,198,63,32,316,139,0.028011204481792718,0.5700280112044818,0.0896358543417367,0.18207282913165265,0.0
P470024,713,4.361851332398317,0.8639551192145862,0.7533208526578665,350.3899018232819,0.1697054698457223,48,62,164,92,63,153,119,42,47,341,177,0.015427769985974754,0.5890603085553997,0.11360448807854137,0.11220196353436185,0.0
P188306,713,4.018232819074334,0.8636363636363636,0.7710183450209915,348.38148667601683,0.030855539971949508,35,135,322,324,26,98,499,29,10,116,268,0.35624123422159887,0.36605890603085556,0.0364656381486676,0.21037868162692847,0.0
P446423,711,4.1167369901547115,0.8143459915611815,0.7254158320921748,371.4908579465542,0.13361462728551335,14,20,23,24,37,68,407,17,5,247,374,0.009845288326300985,0.5836849507735584,0.10548523206751055,0.16736990154711673,0.0
P427418,710,4.449295774647887,0.8845070422535212,0.7640791342475197,357.24788732394364,0.2,6,50,88,88,18,164,215,20,26,203,257,0.0028169014084507044,0.5352112676056338,0.12816901408450704,0.13380281690140844,0.0
P472981,708,4.610169491525424,0.942090395480226,0.5771510182908087,355.454802259887,0.1553672316384181,45,124,220,46,123,82,7,98,23,364,200,0.0014124293785310734,0.5692090395480226,0.15254237288135594,0.12146892655367232,0.0
P505023,707,4.765205091937765,0.9801980198019802,0.6942857205867767,292.019801980198,0.07637906647807638,3,96,31,175,62,67,56,12,1,360,146,0.0297029702970297,0.620933521923621,0.16124469589816123,0.11173974540311174,0.0
P232906,705,4.148936170212766,0.7355371900826446,0.7681778449738441,353.6595744680851,0.02695035460992908,66,356,540,151,109,84,272,94,15,255,138,0.27801418439716313,0.4581560283687943,0.03687943262411347,0.2,0.0
P471226,703,4.396870554765291,0.8705547652916074,0.7780352999816913,415.8819345661451,0.16642958748221906,75,219,503,139,313,83,95,111,65,412,181,0.01991465149359886,0.5988620199146515,0.10099573257467995,0.11379800853485064,0.0
P482693,700,3.9914285714285715,0.7342857142857143,0.7305267342463168,358.5285714285714,0.26142857142857145,62,119,515,197,233,89,55,106,58,372,93,0.03857142857142857,0.5042857142857143,0.13,0.06571428571428571,0.0
P379710,700,4.465714285714285,0.9063745019920318,0.7324584156930821,389.7857142857143,0.18285714285714286,2,52,59,170,248,144,79,2,4,345,137,0.13142857142857142,0.46714285714285714,0.12285714285714286,0.09571428571428571,0.0
P505009,700,4.6414285714285715,0.9457142857142857,0.6,294.74857142857144,0.12571428571428572,28,43,31,84,67,129,42,68,43,353,135,0.017142857142857144,0.6142857142857143,0.13857142857142857,0.10428571428571429,0.0
P466153,700,4.482857142857143,0.8828571428571429,0.8219198580716074,334.8128571428571,0.21285714285714286,193,208,535,188,135,86,93,84,55,404,89,0.024285714285714285,0.5414285714285715,0.12857142857142856,0.09285714285714286,0.0
P479125,700,4.482857142857143,0.8828571428571429,0.8219198580716074,334.8128571428571,0.21285714285714286,193,208,535,188,135,86,93,84,55,404,89,0.024285714285714285,0.5414285714285715,0.12857142857142856,0.09285714285714286,0.0
P457517,699,4.3891273247496425,0.8626609442060086,0.7652926916798083,312.57081545064375,0.1888412017167382,19,52,302,140,377,15,3,22,65,347,73,0.008583690987124463,0.5450643776824035,0.1402002861230329,0.11731044349070101,0.0
P444057,684,4.293859649122807,0.8698830409356725,0.6867889654223281,327.72514619883043,0.15497076023391812,19,52,148,227,220,135,66,2,1,417,89,0.0043859649122807015,0.6023391812865497,0.1286549707602339,0.10964912280701754,0.0
P458900,678,4.244837758112094,0.8628318584070797,0.8119025235400372,279.88495575221236,0.1696165191740413,24,42,43,198,307,108,71,1,4,361,105,0.011799410029498525,0.5678466076696165,0.14454277286135694,0.10619469026548672,0.0
P467945,678,4.545722713864307,0.9424778761061947,0.6091618067339847,480.46902654867256,0.16666666666666666,18,208,278,178,368,75,45,84,40,429,149,0.01032448377581121,0.5752212389380531,0.16371681415929204,0.084070796460177,0.0
P466117,677,3.8833087149187593,0.7548005908419497,0.775492254555935,396.63810930576074,0.29098966026587886,12,33,279,167,311,76,48,10,136,327,112,0.013293943870014771,0.5317577548005908,0.11225997045790251,0.051698670605613,0.0
P453824,676,4.411242603550296,0.9038461538461539,0.7683031746092137,379.90976331360946,0.20118343195266272,22,172,290,116,103,64,71,33,19,495,135,0.005917159763313609,0.5532544378698225,0.16568047337278108,0.07396449704142012,0.0
P413326,672,4.28125,0.8298887122416534,0.7264050653563486,330.51636904761904,0.15476190476190477,10,17,239,157,116,15,1,18,67,276,82,0.06696428571428571,0.5044642857142857,0.16220238095238096,0.11160714285714286,0.0
P455368,671,3.941877794336811,0.7436661698956781,0.7397608042527468,272.451564828614,0.17734724292101342,35,58,82,65,38,96,121,60,81,226,187,0.01788375558867362,0.5320417287630402,0.15350223546944858,0.11922503725782414,0.0
P381020,665,4.010526315789473,0.7609561752988048,0.7858747165365192,334.30676691729326,0.15037593984962405,6,59,52,97,127,160,49,14,54,238,174,0.23007518796992482,0.4105263157894737,0.12030075187969924,0.0887218045112782,0.0
P466673,663,4.38763197586727,0.9019607843137255,0.7375055054750512,360.18099547511315,0.1689291101055807,39,38,41,28,134,84,133,52,66,222,311,0.012066365007541479,0.5565610859728507,0.14027149321266968,0.12217194570135746,0.0
P455366,662,3.9531722054380665,0.7749244712990937,0.7823814532224168,283.48640483383684,0.17069486404833836,14,47,114,52,38,133,5,32,9,180,210,0.019637462235649546,0.5362537764350453,0.14954682779456194,0.12386706948640483,0.0
P470506,661,4.482602118003026,0.9107413010590015,0.7390543746056958,378.0801815431165,0.21633888048411498,18,51,135,219,173,133,65,3,7,455,163,0.0045385779122541605,0.5340393343419062,0.14826021180030258,0.09682299546142209,0.0
P443349,660,4.115151515151515,0.8287878787878787,0.7801778938546277,318.17424242424244,0.13484848484848486,0,16,4,22,14,11,252,0,0,154,190,0.015151515151515152,0.553030303030303,0.13787878787878788,0.1590909090909091,0.0
P448852,659,4.236722306525038,0.8103186646433991,0.8131283199280696,377.72230652503794,0.22610015174506828,3,37,81,107,113,208,308,7,5,138,169,0.03490136570561457,0.5159332321699545,0.08952959028831563,0.13353566009104703,0.0
P461213,657,4.188736681887367,0.7990867579908676,0.8048178258791538,369.4642313546423,0.1948249619482496,16,158,424,144,309,91,86,56,17,358,85,0.0076103500761035,0.5266362252663622,0.1354642313546423,0.1354642313546423,0.0
P442830,656,4.538109756097561,0.8932926829268293,0.8278451211633483,318.4756097560976,0.26676829268292684,44,194,320,234,26,92,142,94,17,188,124,0.012195121951219513,0.5076219512195121,0.12042682926829268,0.09298780487804878,0.0
P454806,654,4.516819571865444,0.9250764525993884,0.7645197496749461,492.08868501529054,0.1636085626911315,47,156,253,109,367,68,56,74,46,426,168,0.010703363914373088,0.5091743119266054,0.16819571865443425,0.14831804281345565,0.0
P416562,653,3.637059724349158,0.6053097345132743,0.8067950986686253,332.00153139356814,0.18529862174578868,36,17,169,67,18,125,11,56,9,153,217,0.10413476263399694,0.4885145482388974,0.12863705972434916,0.09341500765696784,0.0
P456410,653,3.86676875957121,0.6845329249617151,0.8631119323133234,382.3169984686064,0.23889739663093415,44,256,220,182,67,121,101,54,42,208,111,0.007656967840735069,0.5022970903522205,0.11791730474732007,0.1332312404287902,0.0
P420699,651,4.050691244239632,0.7472118959107806,0.7391973254009244,338.1290322580645,0.17204301075268819,1,34,68,101,75,113,113,3,6,272,178,0.20276497695852536,0.44393241167434716,0.0967741935483871,0.08448540706605223,0.0
P432045,649,3.87211093990755,0.7134052388289677,0.7503251304171678,354.12942989214173,0.23112480739599384,3,4,96,151,15,50,4,37,25,201,248,0.026194144838212634,0.47919876733436056,0.16024653312788906,0.10323574730354391,0.0
P439928,649,3.699537750385208,0.6425269645608629,0.7955436705564969,332.4160246533128,0.2218798151001541,21,288,394,143,172,84,89,50,19,229,109,0.0061633281972265025,0.49614791987673346,0.18489984591679506,0.09090909090909091,0.0
P448185,645,4.497674418604651,0.9069767441860465,0.7760936182524477,347.29922480620155,0.4635658914728682,92,130,295,222,130,244,89,45,45,319,106,0.0031007751937984496,0.3984496124031008,0.08682170542635659,0.04806201550387597,0.0
P471043,642,4.478193146417445,0.8909657320872274,0.768231860976719,372.6043613707165,0.2118380062305296,29,54,240,72,71,147,1,84,16,382,167,0.017133956386292833,0.5342679127725857,0.14330218068535824,0.09345794392523364,0.0
P416560,639,4.020344287949921,0.7345575959933222,0.8297687857788815,335.829420970266,0.2269170579029734,14,76,56,123,92,204,90,2,1,220,139,0.04225352112676056,0.49139280125195617,0.12832550860719874,0.1111111111111111,0.0
P448530,638,4.368338557993731,0.8918495297805643,0.8158722543898639,269.3730407523511,0.1238244514106583,1,65,33,96,8,126,271,2,2,189,167,0.014106583072100314,0.554858934169279,0.12225705329153605,0.18495297805642633,0.0
P467110,636,4.341194968553459,0.8694968553459119,0.7359280963134658,398.811320754717,0.18396226415094338,65,77,120,53,118,103,159,87,88,272,205,0.006289308176100629,0.5440251572327044,0.14779874213836477,0.1179245283018868,0.0
P500245,635,3.6566929133858266,0.6755905511811023,0.8070830331973904,424.1543307086614,0.16062992125984252,56,187,118,96,90,46,34,49,16,250,143,0.007874015748031496,0.568503937007874,0.15748031496062992,0.10551181102362205,0.0
P34402,635,4.289763779527559,0.8757763975155279,0.7977796025602112,327.3259842519685,0.03937007874015748,1,7,10,85,56,41,416,7,14,87,361,0.3480314960629921,0.4031496062992126,0.03937007874015748,0.1700787401574803,0.0
P427638,633,4.475513428120063,0.8957345971563981,0.818829124327749,332.8214849921011,0.21169036334913113,70,172,405,203,131,85,92,51,44,338,91,0.009478672985781991,0.5308056872037915,0.1263823064770932,0.12164296998420221,0.0
P466134,632,4.492088607594937,0.884493670886076,0.5616771451464282,411.9240506329114,0.20253164556962025,55,118,329,103,267,80,72,84,60,351,110,0.0189873417721519,0.5411392405063291,0.1360759493670886,0.10126582278481013,0.0
P460747,631,4.353407290015848,0.8415213946117274,0.8053800927227712,332.2123613312203,0.18225039619651348,10,59,95,196,212,129,91,0,2,342,96,0.02377179080824089,0.5483359746434231,0.1473851030110935,0.098256735340729,0.0
P503634,630,4.425396825396826,0.8887122416534181,0.6448312220858856,360.9269841269841,0.19047619047619047,11,38,166,235,179,159,48,1,6,379,103,0.19047619047619047,0.4396825396825397,0.09841269841269841,0.08095238095238096,0.0
P477830,628,4.3869426751592355,0.8423566878980892,0.7481905630727609,385.2579617834395,0.1926751592356688,3,93,128,127,80,103,44,1,7,371,133,0.01592356687898089,0.5366242038216561,0.15127388535031847,0.1035031847133758,0.0
P283106,628,3.321656050955414,0.4709897610921502,0.8282019397053396,342.5907643312102,0.1305732484076433,0,4,64,100,0,20,3,4,5,89,353,0.25796178343949044,0.3662420382165605,0.15764331210191082,0.0875796178343949,0.0
P503726,627,4.7272727272727275,0.9617224880382775,0.5960159476350817,345.29824561403507,0.22328548644338117,43,121,93,55,39,110,157,72,35,300,174,0.03349282296650718,0.5055821371610846,0.1291866028708134,0.10845295055821372,0.0
P461165,627,4.202551834130782,0.8341307814992025,0.7524988114243687,314.2934609250399,0.17862838915470494,57,67,240,56,112,122,9,57,13,256,128,0.004784688995215311,0.569377990430622,0.18660287081339713,0.06060606060606061,0.0
P3550,625,4.2768,0.7899159663865546,0.742416462371115,401.2784,0.0416,7,72,85,148,18,115,462,15,23,115,286,0.208,0.4512,0.0656,0.2336,0.0
P477157,625,4.6448,0.9072,0.7799654290560754,362.8544,0.2192,0,55,20,83,254,241,32,1,7,228,145,0.032,0.5312,0.1184,0.0992,0.0
P474078,625,4.2768,0.7899159663865546,0.742416462371115,401.2784,0.0416,7,72,85,148,18,115,462,15,23,115,286,0.208,0.4512,0.0656,0.2336,0.0
P396623,624,3.309294871794872,0.5696969696969697,0.8027184245039882,378.53044871794873,0.10256410256410256,11,124,21,65,233,128,42,1,56,123,148,0.296474358974359,0.3766025641025641,0.09615384615384616,0.1282051282051282,0.0
P436094,624,4.487179487179487,0.9006410256410257,0.8042174892239151,394.91346153846155,0.2516025641025641,11,151,234,259,64,204,113,67,29,287,130,0.011217948717948718,0.5368589743589743,0.1282051282051282,0.07211538461538461,0.0
P415667,624,4.240384615384615,0.8113207547169812,0.7836528432253801,355.48237179487177,0.0673076923076923,0,87,52,167,93,83,476,2,1,142,227,0.25961538461538464,0.44711538461538464,0.07692307692307693,0.14903846153846154,0.0
P232910,623,4.044943820224719,0.705607476635514,0.8189345871216259,385.27126805778494,0.22150882825040127,59,174,408,244,101,179,150,95,17,229,117,0.26163723916532905,0.36276083467094705,0.08828250401284109,0.06581059390048154,0.0
P455934,622,4.472668810289389,0.8890675241157556,0.8228173542999279,365.03054662379424,0.17041800643086816,1,17,49,79,42,194,75,6,0,314,167,0.00964630225080386,0.5755627009646302,0.11736334405144695,0.1270096463022508,0.0
P456417,622,4.355305466237942,0.7978723404255319,0.813413646571415,381.12861736334406,0.07877813504823152,21,156,160,118,224,77,167,92,0,187,142,0.5594855305466238,0.24437299035369775,0.06430868167202572,0.05305466237942122,0.0
P454019,621,4.244766505636071,0.8776167471819646,0.8380133963231021,338.01771336553946,0.18035426731078905,103,190,455,169,201,110,264,36,51,282,130,0.014492753623188406,0.5829307568438004,0.08695652173913043,0.13526570048309178,0.0
P443370,617,4.572123176661264,0.9384116693679092,0.7271163894981146,384.0858995137763,0.17341977309562398,34,84,112,33,169,78,79,84,110,297,202,0.014586709886547812,0.6012965964343598,0.11183144246353323,0.09886547811993517,0.0
P386754,617,4.053484602917342,0.7656565656565657,0.7681359717617889,376.9627228525122,0.11021069692058347,0,16,5,11,9,22,351,0,0,119,226,0.14100486223662884,0.5008103727714749,0.07941653160453808,0.1685575364667747,0.0
P501029,614,4.51628664495114,0.9332247557003257,0.6644298210740089,430.35342019543975,0.16286644951140064,24,36,59,78,81,143,30,62,34,260,282,0.011400651465798045,0.5521172638436482,0.18403908794788273,0.08957654723127036,0.0
P443843,613,4.306688417618271,0.8809135399673735,0.830404502130294,288.0440456769984,0.22512234910277323,29,50,201,87,43,80,55,38,24,275,128,0.0016313213703099511,0.5693311582381729,0.10929853181076672,0.09461663947797716,0.0
P480162,611,4.641571194762684,0.9476268412438625,0.7792986469233737,387.8510638297872,0.19639934533551553,29,202,317,284,268,173,47,74,41,312,140,0.006546644844517185,0.5531914893617021,0.18166939443535188,0.062193126022913256,0.0
P460855,611,2.2798690671031094,0.3011456628477905,0.8348887604703851,211.06873977086744,0.18166939443535188,0,3,112,76,144,5,1,1,25,159,47,0.10474631751227496,0.45171849427168576,0.18003273322422259,0.08183306055646482,0.0
P232907,611,4.459901800327332,0.9103139013452914,0.8526335944657895,441.189852700491,0.0425531914893617,6,70,168,263,23,105,473,10,6,99,277,0.2176759410801964,0.46481178396072015,0.06382978723404255,0.21112929623567922,0.0
P501005,611,4.3207855973813425,0.8756137479541735,0.7992129676791064,339.4238952536825,0.16693944353518822,88,80,123,61,57,25,28,3,14,222,82,0.008183306055646482,0.5793780687397708,0.1309328968903437,0.11456628477905073,0.0
P384778,610,3.878688524590164,0.6839080459770115,0.7491493503544521,338.87540983606556,0.09508196721311475,8,43,145,54,56,90,10,45,7,157,190,0.3836065573770492,0.36065573770491804,0.08852459016393442,0.07213114754098361,0.0
P471003,610,4.4295081967213115,0.9016393442622951,0.7706532081211108,330.3967213114754,0.1540983606557377,14,52,79,150,172,103,86,13,23,287,134,0.02459016393442623,0.5426229508196722,0.15081967213114755,0.12786885245901639,0.0
P456399,605,4.276033057851239,0.8743801652892562,0.7168512012851372,317.4578512396694,0.16198347107438016,65,167,54,28,193,88,55,44,36,244,91,0.013223140495867768,0.5768595041322314,0.1371900826446281,0.11074380165289256,0.0
P467126,604,3.94205298013245,0.7201986754966887,0.6644465010656622,357.94867549668874,0.1804635761589404,62,88,151,97,184,70,50,76,47,286,126,0.018211920529801324,0.5082781456953642,0.1672185430463576,0.12582781456953643,0.0
P479971,603,4.439469320066335,0.912106135986733,0.6944982762399473,497.0348258706468,0.175787728026534,24,89,158,69,158,94,56,70,71,325,191,0.009950248756218905,0.5638474295190713,0.15920398009950248,0.0912106135986733,0.0
P306941,603,4.182421227197347,0.8634538152610441,0.7017835393421373,436.97014925373134,0.1824212271973466,17,44,162,106,85,133,111,32,38,260,210,0.08291873963515754,0.5240464344941956,0.11774461028192372,0.09286898839137644,0.0
P483679,602,4.813953488372093,0.973421926910299,0.7565108262198535,348.9950166112957,0.18604651162790697,65,40,203,79,235,71,42,89,33,324,117,0.03820598006644518,0.579734219269103,0.10299003322259136,0.09302325581395349,0.0
P474832,600,4.693333333333333,0.945,0.7520825373389388,329.9266666666667,0.27,5,22,207,200,163,15,4,10,79,309,75,0.016666666666666666,0.505,0.12833333333333333,0.08,0.0
P405584,600,4.34,0.8148984198645598,0.7656436381631073,392.14166666666665,0.14666666666666667,3,69,84,226,32,121,141,2,0,229,120,0.16333333333333333,0.4533333333333333,0.10666666666666667,0.13,0.0
P504986,600,4.565,0.9533333333333334,0.756910560698044,356.6766666666667,0.185,169,182,107,48,179,59,39,57,43,327,88,0.0033333333333333335,0.5416666666666666,0.135,0.135,0.0
P479354,600,4.081666666666667,0.7783333333333333,0.7984309746451934,273.00666666666666,0.14,169,240,411,130,85,63,85,51,35,281,95,0.025,0.5116666666666667,0.125,0.19833333333333333,0.0
P453823,599,4.325542570951586,0.8731218697829716,0.7850806628387555,338.0567612687813,0.18864774624373956,26,83,188,65,67,62,9,32,12,379,156,0.008347245409015025,0.5642737896494157,0.16193656093489148,0.07679465776293823,0.0
P474840,598,4.491638795986622,0.9147157190635451,0.6780980455712611,396.2959866220736,0.1688963210702341,35,78,95,77,100,178,78,60,29,267,224,0.015050167224080268,0.5535117056856187,0.14381270903010032,0.11872909698996656,0.0
P457864,597,4.219430485762144,0.8592964824120602,0.6959414330084581,323.7889447236181,0.1323283082077052,56,81,142,72,254,86,54,38,50,305,137,0.008375209380234505,0.5661641541038526,0.17252931323283083,0.12060301507537688,0.0
P461439,595,4.45546218487395,0.8907563025210085,0.7531554882173185,312.3109243697479,0.20168067226890757,8,78,104,149,126,108,32,1,9,320,152,0.005042016806722689,0.5781512605042017,0.12773109243697478,0.08739495798319327,0.0
P421432,590,3.9271186440677965,0.7526690391459074,0.7660929366213376,279.7084745762712,0.12203389830508475,5,22,20,130,8,69,405,1,4,65,296,0.06949152542372881,0.5525423728813559,0.08644067796610169,0.1694915254237288,0.0
P309306,585,4.32991452991453,0.8058968058968059,0.7956635496235108,413.9675213675214,0.27521367521367524,10,120,222,210,165,118,132,78,6,163,121,0.17264957264957265,0.37948717948717947,0.10256410256410256,0.07008547008547009,0.0
P475630,585,4.668376068376069,0.9401709401709402,0.8182564487981939,364.5606837606838,0.17094017094017094,15,45,77,115,118,228,143,10,50,271,162,0.011965811965811967,0.5623931623931624,0.14188034188034188,0.11282051282051282,0.0
P201440,584,4.001712328767123,0.6785714285714286,0.8398024002791092,317.9417808219178,0.19006849315068494,15,96,226,93,25,141,98,35,7,126,190,0.18835616438356165,0.476027397260274,0.08904109589041095,0.05650684931506849,0.0
P480177,582,4.565292096219931,0.9312714776632303,0.7387662418596037,305.43470790378007,0.15807560137457044,31,72,122,30,79,74,4,79,24,222,193,0.012027491408934709,0.5859106529209622,0.15979381443298968,0.08419243986254296,0.0
P443846,580,4.310344827586207,0.8706896551724138,0.7555086435905867,251.4241379310345,0.1793103448275862,25,56,80,32,43,39,34,63,45,254,160,0.022413793103448276,0.5344827586206896,0.2,0.06379310344827586,0.0
P500613,579,4.189982728842833,0.844559585492228,0.651506736399643,355.24006908462866,0.16753022452504318,17,44,174,67,119,102,12,34,17,243,128,0.03281519861830743,0.5734024179620034,0.13644214162348878,0.08981001727115717,0.0
P442857,579,3.0414507772020727,0.5043177892918825,0.7862895235334366,376.1139896373057,0.16753022452504318,0,3,18,23,0,39,199,2,4,77,315,0.010362694300518135,0.5474956822107081,0.13471502590673576,0.13989637305699482,0.0
P466154,574,3.672473867595819,0.6376306620209059,0.7836511784676209,387.8379790940767,0.19686411149825783,45,210,133,88,80,51,49,57,89,261,95,0.01916376306620209,0.524390243902439,0.1759581881533101,0.08362369337979095,0.0
P503879,572,4.699300699300699,0.9527972027972028,0.6139270658158276,346.24825174825173,0.1958041958041958,39,58,212,64,100,77,1,83,19,324,117,0.045454545454545456,0.5506993006993007,0.12237762237762238,0.08566433566433566,0.0
P482298,571,4.4028021015761825,0.8931698774080561,0.5909132750137992,318.353765323993,0.1628721541155867,47,57,190,96,188,140,48,44,27,299,93,0.005253940455341506,0.5761821366024519,0.1138353765323993,0.14185639229422067,0.0
P432242,569,4.1124780316344465,0.836555360281195,0.6572216666407056,376.2970123022847,0.1054481546572935,1,57,42,115,45,90,112,2,1,218,162,0.0035149384885764497,0.6362038664323374,0.07908611599297012,0.1757469244288225,0.0
P442839,569,4.650263620386643,0.9402460456942003,0.7771625415694834,357.1933216168717,0.2390158172231986,220,148,405,181,112,159,70,92,28,320,100,0.007029876977152899,0.5500878734622144,0.10369068541300527,0.10017574692442882,0.0
P457008,566,4.312720848056537,0.8533568904593639,0.7956472177876205,304.273851590106,0.16607773851590105,0,19,133,58,11,47,35,17,18,219,99,0.012367491166077738,0.5459363957597173,0.17491166077738515,0.10070671378091872,0.0
P251529,564,4.326241134751773,0.7777777777777778,0.7816646687852011,433.4822695035461,0.1400709219858156,6,76,87,105,18,168,177,44,3,203,216,0.17198581560283688,0.4219858156028369,0.14184397163120568,0.12411347517730496,0.0
P461949,563,4.518650088809947,0.8827708703374778,0.7540868321562758,346.0266429840142,0.1882770870337478,24,49,123,76,125,73,31,72,33,414,114,0.017761989342806393,0.5683836589698046,0.16163410301953818,0.06394316163410302,0.0
P393076,562,4.3113879003558715,0.8143459915611815,0.8127488496094034,333.7437722419929,0.11209964412811388,7,148,257,187,59,126,116,55,15,226,106,0.5889679715302492,0.20284697508896798,0.06583629893238434,0.030249110320284697,0.0
P500240,561,4.789661319073084,0.9714795008912656,0.6701188028955752,354.1693404634581,0.23351158645276293,2,13,38,121,87,209,31,3,2,304,108,0.06060606060606061,0.5115864527629234,0.14260249554367202,0.05169340463458111,0.0
P481972,561,4.422459893048129,0.893048128342246,0.7556929413515788,397.31907308377896,0.1889483065953654,7,43,114,183,349,129,49,3,2,371,93,0.016042780748663103,0.5062388591800356,0.1532976827094474,0.1354723707664884,0.0
P442741,560,4.446428571428571,0.8857142857142857,0.7098159954644913,383.71964285714284,0.17142857142857143,44,44,133,54,72,66,54,45,119,297,188,0.0017857142857142857,0.5660714285714286,0.14642857142857144,0.11428571428571428,0.0
P442564,558,4.365591397849462,0.8351254480286738,0.8358777451224961,395.2508960573477,0.25806451612903225,15,124,182,159,161,114,162,69,6,162,122,0.0035842293906810036,0.5197132616487455,0.13799283154121864,0.08064516129032258,0.0
P469482,557,3.7378815080789947,0.6786355475763016,0.8136468439153507,347.4362657091562,0.22980251346499103,3,6,132,37,201,9,2,9,27,100,96,0.03231597845601436,0.44165170556552963,0.19389587073608616,0.10233393177737882,0.0
P399932,555,3.4324324324324325,0.5666666666666667,0.7454363106171021,337.1063063063063,0.04144144144144144,0,15,8,50,2,32,358,5,4,38,292,0.6306306306306306,0.22522522522522523,0.043243243243243246,0.05945945945945946,0.0
P455241,555,4.394594594594595,0.9009009009009009,0.740644475092759,392.16036036036036,0.17657657657657658,28,58,63,60,227,108,65,39,26,298,168,0.009009009009009009,0.5585585585585585,0.15495495495495495,0.1009009009009009,0.0
P448184,554,4.431407942238267,0.9025270758122743,0.664635790977627,334.95126353790613,0.4963898916967509,23,21,118,95,143,141,33,17,49,259,82,0.007220216606498195,0.37906137184115524,0.08844765342960288,0.02888086642599278,0.0
P467124,553,4.162748643761302,0.8028933092224232,0.5808455162146624,390.78119349005425,0.21518987341772153,17,129,269,131,220,67,41,51,27,302,86,0.014466546112115732,0.4864376130198915,0.15009041591320071,0.13381555153707053,0.0
P504125,552,4.661231884057971,0.9565217391304348,0.7311981555791528,343.5380434782609,0.09601449275362318,43,140,79,50,104,33,32,30,27,235,126,0.009057971014492754,0.5905797101449275,0.08695652173913043,0.21739130434782608,0.0
P384821,552,4.329710144927536,0.8608695652173913,0.7641196629969748,335.67391304347825,0.07608695652173914,5,99,24,109,42,116,76,2,1,131,140,0.5942028985507246,0.23369565217391305,0.034420289855072464,0.06159420289855073,0.0
P500307,549,4.448087431693989,0.8615664845173042,0.8054900648338454,280.61384335154827,0.18214936247723132,6,19,198,67,190,5,2,3,183,227,25,0.04918032786885246,0.47176684881602915,0.16393442622950818,0.13296903460837886,0.0
P463144,547,3.8647166361974405,0.7020109689213894,0.8228226250477051,310.15539305301644,0.20475319926873858,11,40,206,61,28,92,11,58,10,247,108,0.009140767824497258,0.5228519195612431,0.15173674588665448,0.11151736745886655,0.0
P442742,547,4.645338208409506,0.9524680073126143,0.6944911897273883,369.3053016453382,0.1773308957952468,2,18,56,67,48,176,64,14,4,254,166,0.0018281535648994515,0.546617915904936,0.14625228519195613,0.12797074954296161,0.0
P446934,544,3.9356617647058822,0.7536764705882353,0.8549397491183677,397.26838235294116,0.06985294117647059,56,274,140,44,71,29,82,29,12,170,135,0.003676470588235294,0.5661764705882353,0.09191176470588236,0.26838235294117646,0.0
P445832,541,4.630314232902033,0.9593345656192237,0.7112277674560363,324.6062846580407,0.08687615526802218,3,73,41,150,113,82,284,0,0,297,119,0.011090573012939002,0.6192236598890942,0.08133086876155268,0.20147874306839186,0.0
P501165,540,4.655555555555556,0.9574074074074074,0.718225641974381,254.4351851851852,0.18333333333333332,45,148,408,135,158,77,37,36,23,295,63,0.007407407407407408,0.5537037037037037,0.12407407407407407,0.13148148148148148,0.0
P392608,538,4.371747211895911,0.7923076923076923,0.8634048188317857,399.9498141263941,0.03345724907063197,0,52,109,156,39,142,124,1,8,207,115,0.7602230483271375,0.13940520446096655,0.022304832713754646,0.04460966542750929,0.0
P420224,535,4.269158878504673,0.8114754098360656,0.7449161068246534,340.46168224299066,0.18691588785046728,5,32,103,73,88,76,112,44,11,170,149,0.07850467289719626,0.5102803738317757,0.09719626168224299,0.12710280373831775,0.0
P468821,535,4.536448598130841,0.8953271028037383,0.7002273114387598,279.7158878504673,0.2822429906542056,25,99,228,133,39,89,55,31,16,247,92,0.018691588785046728,0.497196261682243,0.102803738317757,0.09906542056074766,0.0
P382204,534,4.192883895131086,0.8365384615384616,0.7800959120874535,363.20973782771534,0.0749063670411985,8,48,195,149,21,158,112,15,17,180,118,0.6198501872659176,0.20973782771535582,0.035580524344569285,0.0599250936329588,0.0
P483076,533,4.647279549718574,0.949343339587242,0.6661797678992574,340.9549718574109,0.21388367729831145,58,79,289,60,172,69,38,62,21,298,95,0.05628517823639775,0.5140712945590994,0.1350844277673546,0.08067542213883677,0.0
P482551,533,4.647279549718574,0.949343339587242,0.6661797678992574,340.9549718574109,0.21388367729831145,58,79,289,60,172,69,38,62,21,298,95,0.05628517823639775,0.5140712945590994,0.1350844277673546,0.08067542213883677,0.0
P436387,531,4.4086629001883235,0.8625235404896422,0.7753980736560927,303.8719397363465,0.18267419962335216,0,16,33,56,159,137,54,2,0,235,107,0.011299435028248588,0.559322033898305,0.1111111111111111,0.13559322033898305,0.0
P447603,531,4.47457627118644,0.879472693032015,0.8469345944722285,322.3691148775895,0.2937853107344633,17,46,275,156,90,219,92,38,13,217,78,0.015065913370998116,0.5009416195856874,0.11299435028248588,0.07721280602636535,0.0
P438619,531,4.369114877589454,0.8738229755178908,0.7857525756805198,284.0169491525424,0.2184557438794727,49,21,206,53,56,66,7,34,8,160,115,0.032015065913371,0.5329566854990584,0.12429378531073447,0.09227871939736347,0.0
P446641,531,4.395480225988701,0.9020715630885122,0.8219678275228486,393.3728813559322,0.19962335216572505,41,165,116,73,128,102,97,90,19,223,153,0.009416195856873822,0.5668549905838042,0.09227871939736347,0.1318267419962335,0.0
P414293,530,4.435849056603773,0.8511627906976744,0.8249474931508303,435.1622641509434,0.2358490566037736,4,84,154,286,94,100,71,71,57,138,142,0.13018867924528302,0.43018867924528303,0.13018867924528302,0.07358490566037736,0.0
P474304,529,4.408317580340265,0.8979206049149339,0.7973557582019635,309.32703213610586,0.18525519848771266,3,69,59,202,216,110,82,0,1,289,78,0.013232514177693762,0.5406427221172023,0.12476370510396975,0.13610586011342155,0.0
P463353,528,3.3958333333333335,0.5909090909090909,0.832296935889425,396.0378787878788,0.17803030303030304,28,66,67,92,16,23,36,21,23,168,97,0.013257575757575758,0.5189393939393939,0.16666666666666666,0.12310606060606061,0.0
P459133,528,4.238636363636363,0.7840909090909091,0.804607974871787,273.6666666666667,0.20265151515151514,2,39,41,154,195,77,82,0,0,256,63,0.005681818181818182,0.5643939393939394,0.125,0.10227272727272728,0.0
P442003,528,4.083333333333333,0.7916666666666666,0.4842597784197077,290.8087121212121,0.16287878787878787,4,11,212,96,112,6,1,3,20,249,47,0.022727272727272728,0.5265151515151515,0.1268939393939394,0.16098484848484848,0.0
P453227,528,4.238636363636363,0.7840909090909091,0.804607974871787,273.6666666666667,0.20265151515151514,2,39,41,154,195,77,82,0,0,256,63,0.005681818181818182,0.5643939393939394,0.125,0.10227272727272728,0.0
P434546,524,3.881679389312977,0.7137404580152672,0.7320559625725516,360.7480916030534,0.16793893129770993,3,82,103,75,178,112,151,23,19,168,142,0.007633587786259542,0.5229007633587787,0.15648854961832062,0.1450381679389313,0.0
P474060,524,4.541984732824427,0.8830409356725146,0.7913236020806622,299.19847328244276,0.09923664122137404,1,81,43,117,19,102,129,2,1,177,137,0.05152671755725191,0.5477099236641222,0.1049618320610687,0.1965648854961832,0.0
P422002,524,4.541984732824427,0.8830409356725146,0.7913236020806622,299.19847328244276,0.09923664122137404,1,81,43,117,19,102,129,2,1,177,137,0.05152671755725191,0.5477099236641222,0.1049618320610687,0.1965648854961832,0.0
P460723,524,2.562977099236641,0.37786259541984735,0.8778141494022167,256.3148854961832,0.16030534351145037,0,12,21,101,156,59,13,0,64,183,58,0.03816793893129771,0.48854961832061067,0.20801526717557253,0.1049618320610687,0.0
P94812,523,4.6137667304015295,0.8461538461538461,0.8587245563057815,264.9082217973231,0.11089866156787763,0,41,25,106,146,115,48,0,0,204,83,0.2447418738049713,0.4665391969407266,0.11281070745697896,0.06500956022944551,0.0
P479304,520,4.4653846153846155,0.875,0.7556450006208921,332.5403846153846,0.22884615384615384,41,56,258,126,82,59,34,72,88,268,96,0.015384615384615385,0.5057692307692307,0.14423076923076922,0.10576923076923077,0.0
P464238,519,4.674373795761079,0.9614643545279383,0.8443980967060903,340.82273603082854,0.21579961464354527,29,138,401,144,142,72,68,79,27,304,123,0.005780346820809248,0.5472061657032755,0.13680154142581888,0.09441233140655106,0.0
P440075,518,4.196911196911197,0.7915057915057915,0.7584889427544154,420.2239382239382,0.18532818532818532,6,33,72,74,75,116,157,14,6,132,208,0.013513513513513514,0.525096525096525,0.13706563706563707,0.138996138996139,0.0
P443841,518,3.030888030888031,0.5077220077220077,0.776547191273651,327.9382239382239,0.25096525096525096,4,31,93,60,45,139,47,28,5,234,128,0.005791505791505791,0.48841698841698844,0.1525096525096525,0.10231660231660232,0.0
P500857,517,4.707930367504836,0.9574468085106383,0.705193663875644,311.78916827853,0.14893617021276595,8,13,25,103,13,97,454,6,1,89,222,0.0367504835589942,0.5415860735009671,0.13152804642166344,0.14119922630560927,0.0
P407450,515,4.260194174757282,0.8821656050955414,0.7807429173163005,400.15728155339804,0.11650485436893204,0,1,54,40,147,5,8,7,25,39,117,0.2543689320388349,0.3766990291262136,0.16116504854368932,0.0912621359223301,0.0
P459127,514,4.570038910505836,0.8891050583657587,0.7994746811107382,227.53696498054475,0.1575875486381323,1,1,70,21,16,42,0,0,50,72,142,0.04669260700389105,0.5330739299610895,0.18482490272373542,0.07782101167315175,0.0
P472472,514,4.560311284046692,0.914396887159533,0.7210169903954526,397.39299610894943,0.1614785992217899,19,78,109,61,175,59,48,63,35,284,135,0.005836575875486381,0.585603112840467,0.14202334630350194,0.10505836575875487,0.0
P7365,512,4.072265625,0.7222222222222222,0.5844908965382781,442.068359375,0.033203125,0,23,11,12,45,19,373,1,0,40,294,0.23828125,0.451171875,0.041015625,0.236328125,0.0
P476843,511,4.322896281800391,0.8454011741682974,0.6830766514059186,323.7514677103718,0.16634050880626222,20,10,75,19,22,27,3,36,15,255,130,0.003913894324853229,0.5714285714285714,0.12133072407045009,0.136986301369863,0.0
P450614,511,3.9334637964774952,0.7827788649706457,0.7637806689460034,292.88062622309195,0.16634050880626222,9,24,41,24,70,68,134,23,39,133,239,0.015655577299412915,0.4931506849315068,0.15459882583170254,0.17025440313111545,0.0
P432049,510,4.5627450980392155,0.9137254901960784,0.6576628723362489,399.21176470588233,0.16666666666666666,1,1,0,0,2,11,5,0,0,258,187,0.045098039215686274,0.5411764705882353,0.14901960784313725,0.09803921568627451,0.0
P456414,509,4.504911591355599,0.9135559921414538,0.7845431944874467,347.43222003929276,0.17092337917485265,3,39,125,93,103,108,74,6,4,282,64,0.003929273084479371,0.6070726915520629,0.10216110019646366,0.11591355599214145,0.0
P391802,508,3.5196850393700787,0.7480314960629921,0.7576081318258899,375.29330708661416,0.12598425196850394,9,9,36,23,19,23,9,8,2,108,261,0.30708661417322836,0.3543307086614173,0.15748031496062992,0.05511811023622047,0.0
P311143,508,4.413385826771654,0.8146551724137931,0.8702005832984641,356.6948818897638,0.1220472440944882,113,216,122,74,90,74,77,69,23,154,97,0.23031496062992127,0.4251968503937008,0.1279527559055118,0.09448818897637795,0.0
P442743,508,4.553149606299213,0.9311023622047244,0.6412950945937115,357.7992125984252,0.16141732283464566,56,121,350,92,58,46,48,54,44,274,119,0.001968503937007874,0.5688976377952756,0.1437007874015748,0.12401574803149606,0.0
P501187,506,4.424901185770751,0.9051383399209486,0.4891304347826087,267.60474308300394,0.18181818181818182,8,98,34,101,79,58,28,0,4,266,81,0.009881422924901186,0.5790513833992095,0.10276679841897234,0.12648221343873517,0.0
P415620,505,4.516831683168316,0.8841607565011821,0.8275064468158014,350.4415841584158,0.23366336633663368,1,39,107,122,42,215,105,6,6,159,118,0.1801980198019802,0.401980198019802,0.09306930693069307,0.09108910891089109,0.0
P454086,504,4.140873015873016,0.8253968253968254,0.7927930828716073,302.60515873015873,0.17063492063492064,7,83,86,167,157,109,191,2,6,240,93,0.015873015873015872,0.5853174603174603,0.0873015873015873,0.14087301587301587,0.0
P384537,503,4.252485089463221,0.7621951219512195,0.7287504828708955,399.6918489065606,0.1749502982107356,17,80,187,84,170,81,66,58,8,219,141,0.2962226640159046,0.37773359840954274,0.11133200795228629,0.039761431411530816,0.0
P471101,503,4.359840954274354,0.882703777335984,0.7383163085814273,365.5904572564612,0.18687872763419483,1,23,13,100,112,136,93,19,11,207,157,0.02982107355864811,0.5248508946322068,0.13518886679920478,0.12326043737574553,0.0
P472453,502,4.069721115537849,0.7430278884462151,0.8029979091821885,298.58565737051794,0.35856573705179284,17,109,330,245,162,107,71,52,30,186,74,0.0199203187250996,0.42231075697211157,0.14143426294820718,0.05776892430278884,0.0
P429953,502,3.6593625498007967,0.6752988047808764,0.824174663325426,329.2450199203187,0.25697211155378485,13,187,50,83,29,34,51,29,21,121,76,0.021912350597609563,0.4800796812749004,0.16334661354581673,0.07768924302788845,0.0
P481830,502,4.633466135458168,0.9462151394422311,0.8287945047174532,337.31474103585657,0.19721115537848605,16,3,58,62,116,12,2,5,49,149,88,0.02390438247011952,0.5298804780876494,0.16533864541832669,0.08366533864541832,0.0
P442754,501,3.750499001996008,0.6686626746506986,0.7795272162686493,368.21357285429144,0.16367265469061876,12,147,61,56,69,76,182,90,27,178,189,0.005988023952095809,0.5588822355289421,0.10978043912175649,0.16167664670658682,0.0
P297531,501,4.05189620758483,0.7415730337078652,0.8110071607057018,314.59680638722557,0.12974051896207583,10,50,231,119,86,113,4,51,5,122,101,0.25748502994011974,0.4251497005988024,0.10379241516966067,0.08383233532934131,0.0
P173619,500,4.422,0.86,0.7848611276957297,321.556,0.09,0,9,55,34,14,45,4,10,1,86,205,0.512,0.276,0.098,0.024,0.0
P503999,500,4.446,0.922,0.7632575790313157,448.646,0.132,53,65,147,57,279,83,33,61,35,313,159,0.09,0.55,0.116,0.112,0.0
P503891,500,4.756,0.968,0.675886881235358,315.078,0.268,81,79,355,141,148,66,25,77,37,302,70,0.056,0.496,0.116,0.064,0.0
P454799,499,4.579158316633267,0.9178356713426854,0.6537697326147418,404.0080160320641,0.1623246492985972,1,1,0,0,2,11,5,0,0,256,185,0.04408817635270541,0.5410821643286573,0.1523046092184369,0.10020040080160321,0.0
P501188,494,4.5728744939271255,0.9331983805668016,0.5877193149767423,240.78947368421052,0.16396761133603238,3,30,40,99,70,87,23,0,0,277,61,0.010121457489878543,0.5890688259109311,0.10526315789473684,0.13157894736842105,0.0
P440504,493,3.797160243407708,0.6795131845841785,0.790692555221692,343.34077079107504,0.22515212981744423,0,109,103,89,116,58,51,14,17,240,69,0.010141987829614604,0.486815415821501,0.17849898580121704,0.09939148073022312,0.0
P433627,493,4.164300202839756,0.7870182555780934,0.8278149656559292,292.0040567951319,0.1947261663286004,1,14,20,57,58,132,68,0,0,195,99,0.016227180527383367,0.5233265720081136,0.13793103448275862,0.12778904665314403,0.0
P470509,493,4.231237322515213,0.821501014198783,0.6918136831481903,439.04056795131845,0.35294117647058826,20,92,242,139,93,53,47,59,21,264,126,0.008113590263691683,0.3995943204868154,0.18255578093306288,0.056795131845841784,0.0
P461177,493,4.164300202839756,0.7870182555780934,0.8278149656559292,292.0040567951319,0.1947261663286004,1,14,20,57,58,132,68,0,0,195,99,0.016227180527383367,0.5233265720081136,0.13793103448275862,0.12778904665314403,0.0
P501170,490,4.177551020408163,0.8448979591836735,0.6939716373986387,292.7265306122449,0.15918367346938775,39,134,247,39,66,27,40,6,20,174,81,0.0020408163265306124,0.5877551020408164,0.11020408163265306,0.14081632653061224,0.0
P428668,490,4.079591836734694,0.7795918367346939,0.775969748059771,272.43265306122447,0.21224489795918366,3,2,88,22,7,44,0,11,6,120,148,0.006122448979591836,0.5387755102040817,0.1489795918367347,0.09387755102040816,0.0
P426080,490,4.351020408163265,0.863265306122449,0.7493820562958717,280.61224489795916,0.19591836734693877,1,26,82,66,101,71,42,5,1,194,99,0.00816326530612245,0.5285714285714286,0.16122448979591836,0.10612244897959183,0.0
P477985,489,4.550102249488752,0.9284253578732107,0.7335538271107251,371.16768916155416,0.19222903885480572,18,102,168,116,49,120,111,41,8,244,120,0.006134969325153374,0.5439672801635992,0.12883435582822086,0.12883435582822086,0.0
P502966,488,4.639344262295082,0.9282786885245902,0.8429962255305528,328.077868852459,0.23975409836065573,87,104,150,75,39,75,45,49,21,246,72,0.02459016393442623,0.48565573770491804,0.16393442622950818,0.0860655737704918,0.0
P394124,488,4.012295081967213,0.7720588235294118,0.8265263690703715,389.12090163934425,0.1864754098360656,15,124,242,117,34,47,43,18,24,132,109,0.3524590163934426,0.3114754098360656,0.11270491803278689,0.036885245901639344,0.0
P482074,487,4.737166324435318,0.9383983572895277,0.7671629818468135,308.33264887063655,0.25051334702258726,99,78,329,158,69,85,50,74,67,259,66,0.024640657084188913,0.4887063655030801,0.15195071868583163,0.08418891170431211,0.0
P467248,486,4.104938271604938,0.7633744855967078,0.8266090248090525,311.62345679012344,0.14814814814814814,8,65,106,74,107,73,84,20,31,209,93,0.02263374485596708,0.5370370370370371,0.10905349794238683,0.1831275720164609,0.0
P482741,485,4.307216494845361,0.8762886597938144,0.7679487180251342,368.2618556701031,0.16082474226804125,102,150,65,51,69,33,30,41,22,209,102,0.008247422680412371,0.5958762886597938,0.13814432989690723,0.09690721649484536,0.0
P481169,485,3.3958762886597937,0.5628865979381443,0.8767336472590394,407.0618556701031,0.24948453608247423,48,73,59,54,44,38,39,32,14,164,63,0.049484536082474224,0.465979381443299,0.16494845360824742,0.07010309278350516,0.0
P479645,485,4.7195876288659795,0.9649484536082474,0.7202514485831846,342.58762886597935,0.24536082474226803,19,7,74,18,17,34,5,29,12,180,224,0.026804123711340205,0.5175257731958763,0.12164948453608247,0.088659793814433,0.0
P466661,485,4.5731958762886595,0.8927835051546392,0.8396608485978525,332.8701030927835,0.09484536082474226,5,98,63,183,144,74,70,3,3,292,72,0.016494845360824743,0.6639175257731958,0.08453608247422681,0.1402061855670103,0.0
P501171,484,4.595041322314049,0.9442148760330579,0.7579166670640309,267.0165289256198,0.16322314049586778,31,53,167,70,101,43,29,28,45,289,60,0.006198347107438017,0.5764462809917356,0.11570247933884298,0.1384297520661157,0.0
P467137,484,4.433884297520661,0.8946280991735537,0.7716424418829901,408.75206611570246,0.20867768595041322,56,81,253,172,88,41,37,77,55,258,83,0.012396694214876033,0.5619834710743802,0.1384297520661157,0.07851239669421488,0.0
P457521,484,4.429752066115703,0.8822314049586777,0.81265893388203,380.90909090909093,0.1652892561983471,79,188,72,81,180,134,83,41,35,189,93,,0.5929752066115702,0.08677685950413223,0.15495867768595042,0.0
P391799,482,4.136929460580913,0.8227272727272728,0.771229427207432,349.4502074688797,0.11618257261410789,1,61,130,86,65,43,81,29,24,191,107,0.558091286307054,0.2033195020746888,0.07676348547717843,0.04564315352697095,0.0
P414737,481,4.1787941787941785,0.8179347826086957,0.7876421169230813,280.43243243243245,0.1392931392931393,0,0,0,5,5,112,0,1,0,40,277,0.24116424116424118,0.3804573804573805,0.10602910602910603,0.13305613305613306,0.0
P196542,480,4.114583333333333,0.8,0.8263271857391704,335.24791666666664,0.08125,25,190,122,53,28,74,85,37,12,124,81,0.225,0.45416666666666666,0.09791666666666667,0.14166666666666666,0.0
P271682,479,3.546972860125261,0.5294117647058824,0.7822238105298275,390.7912317327766,0.1336116910229645,1,5,90,95,1,8,7,3,4,73,242,0.21294363256784968,0.3862212943632568,0.18789144050104384,0.07933194154488518,0.0
P437981,477,4.329140461215933,0.8259958071278826,0.8103622192718897,362.31236897274636,0.2830188679245283,31,99,182,139,71,86,136,61,6,144,82,0.006289308176100629,0.5094339622641509,0.129979035639413,0.07127882599580712,0.0
P505024,477,4.672955974842767,0.949685534591195,0.35714285714285715,288.1341719077568,0.07337526205450734,44,70,28,55,93,80,29,0,10,186,101,0.033542976939203356,0.6666666666666666,0.15932914046121593,0.06708595387840671,0.0
P416564,477,4.534591194968553,0.8686131386861314,0.8349810594333968,369.9475890985325,0.27672955974842767,39,127,205,151,44,84,74,75,2,157,87,0.15723270440251572,0.389937106918239,0.1111111111111111,0.0649895178197065,0.0
P429250,476,4.1344537815126055,0.7815126050420168,0.8393409195968083,386.1995798319328,0.21638655462184875,21,55,93,76,12,54,74,7,4,134,118,0.0021008403361344537,0.5441176470588235,0.11554621848739496,0.12184873949579832,0.0
P457512,476,4.140756302521009,0.8151260504201681,0.8015410869919781,386.10714285714283,0.19327731092436976,11,68,158,44,210,51,87,55,22,220,165,0.004201680672268907,0.5504201680672269,0.11764705882352941,0.13445378151260504,0.0
P443359,475,4.606315789473684,0.9410526315789474,0.6732584338548572,332.57894736842104,0.2505263157894737,55,129,303,164,126,68,42,52,19,257,82,0.00631578947368421,0.5389473684210526,0.1431578947368421,0.061052631578947365,0.0
P479330,473,4.363636363636363,0.8625792811839323,0.7549235547971576,343.99577167019027,0.2156448202959831,52,63,241,165,87,64,52,49,36,243,92,0.05708245243128964,0.4799154334038055,0.12473572938689217,0.1226215644820296,0.0
P500744,473,4.5073995771670194,0.9090909090909091,0.8253034314298942,251.02325581395348,0.17124735729386892,8,17,225,45,150,1,0,3,18,164,28,0.052854122621564484,0.5285412262156448,0.13530655391120508,0.11205073995771671,0.0
P438620,472,4.514830508474576,0.8983050847457628,0.8569298135963354,292.1758474576271,0.23728813559322035,34,88,369,138,74,89,47,34,13,237,75,0.023305084745762712,0.5423728813559322,0.13983050847457626,0.057203389830508475,0.0
P424988,471,3.989384288747346,0.7473460721868365,0.8234530647113845,381.0403397027601,0.18683651804670912,2,20,178,29,103,45,76,7,3,47,119,0.006369426751592357,0.5180467091295117,0.1910828025477707,0.09766454352441614,0.0
P505054,471,4.713375796178344,0.970276008492569,1.0,289.0700636942675,0.0870488322717622,6,34,20,114,45,44,24,7,2,248,115,0.029723991507430998,0.6581740976645435,0.14861995753715498,0.07643312101910828,0.0
P454085,470,4.25531914893617,0.8702127659574468,0.7951578529023412,291.9127659574468,0.18936170212765957,6,59,107,141,141,88,168,16,22,205,99,0.010638297872340425,0.574468085106383,0.0851063829787234,0.14042553191489363,0.0
P467123,467,4.143468950749464,0.8029978586723768,0.6704493512579908,403.20985010706636,0.1777301927194861,42,138,309,79,218,53,30,63,22,257,70,0.010706638115631691,0.582441113490364,0.10706638115631692,0.12205567451820129,0.0
P479706,467,4.580299785867238,0.9421841541755889,0.7377125246495735,340.3083511777302,0.17558886509635974,17,20,64,75,50,147,57,23,23,237,176,0.008565310492505354,0.5481798715203426,0.15203426124197003,0.11563169164882227,0.0
P482540,467,4.736616702355461,0.9635974304068522,0.8523256044055141,321.4710920770878,0.1841541755888651,94,121,95,45,40,39,31,63,26,260,70,0.027837259100642397,0.5182012847965739,0.15845824411134904,0.11134903640256959,0.0
P470243,466,4.493562231759657,0.9420600858369099,0.761519710163036,383.98068669527896,0.10515021459227468,1,19,17,54,25,139,85,0,2,168,203,0.012875536480686695,0.5987124463519313,0.1072961373390558,0.1759656652360515,0.0
P455237,465,4.513978494623656,0.8946236559139785,0.6729925445235166,432.0451612903226,0.22580645161290322,45,110,373,111,180,94,41,66,24,295,100,0.0064516129032258064,0.5419354838709678,0.13548387096774195,0.09032258064516129,0.0
P505020,463,4.622030237580994,0.9524838012958964,1.0,291.85313174946003,0.058315334773218146,31,52,27,119,104,64,40,0,2,265,87,0.017278617710583154,0.5982721382289417,0.13822894168466524,0.1879049676025918,0.0
P502761,463,4.712742980561555,0.9654427645788337,0.8445378243923187,352.0496760259179,0.1857451403887689,36,95,195,76,123,57,38,56,31,296,113,0.01079913606911447,0.5442764578833693,0.1511879049676026,0.1079913606911447,0.0
P442843,462,4.207792207792208,0.816017316017316,0.816371797638781,409.23376623376623,0.2922077922077922,7,66,76,157,24,95,21,22,4,94,177,0.021645021645021644,0.4935064935064935,0.11904761904761904,0.0735930735930736,0.0
P471111,462,4.755411255411255,0.9718614718614719,0.8195472905068721,284.7857142857143,0.16666666666666666,1,28,18,102,88,74,24,7,0,243,99,0.004329004329004329,0.564935064935065,0.09307359307359307,0.170995670995671,0.0
P479362,462,4.5064935064935066,0.8917748917748918,0.749458814782599,301.35930735930737,0.20562770562770563,24,49,231,108,34,61,43,51,79,220,82,0.004329004329004329,0.5367965367965368,0.12987012987012986,0.12337662337662338,0.0
P474939,461,4.03470715835141,0.7657266811279827,0.7663975148415957,271.62472885032537,0.08893709327548807,2,62,40,122,98,77,186,6,8,181,102,,0.6290672451193059,0.09978308026030369,0.1822125813449024,0.0
P377577,461,4.477223427331888,0.8659217877094972,0.8258491594309344,346.35357917570497,0.1279826464208243,7,102,225,225,30,84,83,44,22,167,89,0.6203904555314533,0.18655097613882862,0.039045553145336226,0.026030368763557483,0.0
P504071,460,4.391304347826087,0.8995633187772926,0.7450979995686992,350.6630434782609,0.13695652173913042,21,14,79,20,23,39,1,34,5,157,131,0.17173913043478262,0.4826086956521739,0.14565217391304347,0.06304347826086956,0.0
P474079,459,4.270152505446623,0.9084967320261438,0.5487568100745027,340.53376906318084,0.16339869281045752,28,32,31,103,44,103,359,23,13,120,194,0.006535947712418301,0.5642701525054467,0.12854030501089325,0.13725490196078433,0.0
P196524,459,4.363834422657952,0.7551020408163265,0.8084188831487188,326.7080610021786,0.04139433551198257,0,51,47,136,30,52,335,0,1,83,182,0.2570806100217865,0.4357298474945534,0.0392156862745098,0.22657952069716775,0.0
P468684,459,4.459694989106754,0.8888888888888888,0.6906606711979423,469.74727668845316,0.22004357298474944,15,75,77,127,123,72,27,5,6,276,105,0.006535947712418301,0.5359477124183006,0.10457516339869281,0.1328976034858388,0.0
P503668,456,4.824561403508772,0.9824561403508771,0.8151407804001461,314.2061403508772,0.2565789473684211,71,32,186,113,39,78,30,62,29,280,108,0.03289473684210526,0.4934210526315789,0.14912280701754385,0.06798245614035088,0.0
P501176,456,3.8333333333333335,0.7192982456140351,0.7254902334774241,300.9320175438597,0.17982456140350878,19,55,183,108,190,57,22,31,42,234,76,0.006578947368421052,0.5833333333333334,0.125,0.10526315789473684,0.0
P442589,455,3.5164835164835164,0.6329670329670329,0.6522066011330334,230.87032967032968,0.2021978021978022,2,9,40,58,118,57,29,0,14,160,62,0.006593406593406593,0.512087912087912,0.12307692307692308,0.15604395604395604,0.0
P482321,455,3.9472527472527474,0.7406593406593407,0.77798282313678,412.54945054945057,0.15824175824175823,49,120,70,58,125,72,62,27,64,203,88,0.03736263736263736,0.545054945054945,0.1076923076923077,0.15164835164835164,0.0
P470057,455,3.9472527472527474,0.7406593406593407,0.77798282313678,412.54945054945057,0.15824175824175823,49,120,70,58,125,72,62,27,64,203,88,0.03736263736263736,0.545054945054945,0.1076923076923077,0.15164835164835164,0.0
P500288,453,4.766004415011038,0.9735099337748344,0.35978094628080726,352.7086092715232,0.2097130242825607,49,20,75,52,87,197,42,54,29,244,155,0.02207505518763797,0.543046357615894,0.1280353200883002,0.09713024282560706,0.0
P442535,452,3.995575221238938,0.7610619469026548,0.8383584378854089,274.820796460177,0.18584070796460178,1,13,33,101,38,99,70,15,2,129,107,0.008849557522123894,0.5752212389380531,0.13938053097345132,0.09070796460176991,0.0
P500993,452,4.533185840707965,0.9070796460176991,0.8305706643476719,351.63274336283183,0.2234513274336283,54,96,119,37,111,60,25,50,58,225,78,0.015486725663716814,0.577433628318584,0.14601769911504425,0.03761061946902655,0.0
P481162,452,4.54646017699115,0.9380530973451328,0.8979548284640679,293.24557522123894,0.24557522123893805,58,114,317,105,145,56,40,38,18,265,43,0.004424778761061947,0.5464601769911505,0.1084070796460177,0.09513274336283185,0.0
P500471,451,4.665188470066519,0.9423503325942351,0.6632247102037768,372.67849223946786,0.164079822616408,20,46,145,31,266,43,13,8,34,190,60,0.004434589800443459,0.5631929046563193,0.164079822616408,0.10421286031042129,0.0
P392248,449,4.463251670378619,0.851145038167939,0.8204986540116234,393.64587973273944,0.15812917594654788,1,55,67,227,35,122,117,1,3,197,79,0.24276169265033407,0.4365256124721604,0.08240534521158129,0.0801781737193764,0.0
P467122,449,4.155902004454343,0.8173719376391982,0.5809426284566217,359.8463251670379,0.133630289532294,21,50,173,50,121,61,9,52,16,223,85,0.022271714922048998,0.5723830734966593,0.14253897550111358,0.1291759465478842,0.0
P439057,448,4.582589285714286,0.9084821428571429,0.8861938740925065,343.5,0.19642857142857142,92,184,282,122,52,35,44,69,41,257,88,0.006696428571428571,0.5758928571428571,0.125,0.09598214285714286,0.0
P268700,446,4.356502242152466,0.7372262773722628,0.8461206532219081,325.9260089686099,0.2623318385650224,24,128,293,204,33,78,63,47,7,163,86,0.26905829596412556,0.32062780269058294,0.09192825112107623,0.05605381165919283,0.0
P453226,445,3.6044943820224717,0.6426966292134831,0.8232800153964156,408.78876404494383,0.18651685393258427,9,22,76,62,16,94,4,23,16,116,81,0.01348314606741573,0.5213483146067416,0.15730337078651685,0.12134831460674157,0.0
P481366,445,4.274157303370787,0.8382022471910112,0.6187030023552085,333.2179775280899,0.21348314606741572,62,89,95,32,62,45,19,24,21,185,53,0.020224719101123594,0.5280898876404494,0.15280898876404495,0.0853932584269663,0.0
P450262,443,4.261851015801354,0.8577878103837472,0.7965399657893512,287.765237020316,0.26410835214446954,5,13,25,98,47,209,84,4,30,150,137,0.013544018058690745,0.54627539503386,0.0744920993227991,0.10158013544018059,0.0
P501189,443,4.221218961625282,0.8532731376975169,0.6538461538461539,239.0135440180587,0.1670428893905192,16,13,13,82,42,60,353,3,6,86,161,0.011286681715575621,0.5598194130925508,0.11060948081264109,0.15124153498871332,0.0
P448719,443,4.577878103837472,0.9345372460496614,0.6592234851441522,372.00677200902936,0.16252821670428894,6,31,29,46,38,119,48,5,0,175,149,0.006772009029345372,0.5553047404063205,0.12641083521444696,0.1489841986455982,0.0
P407448,443,4.112866817155756,0.7965116279069767,0.760528403233636,410.54853273137695,0.15124153498871332,1,0,41,38,98,10,8,4,37,35,112,0.16930022573363432,0.4198645598194131,0.18510158013544017,0.0744920993227991,0.0
P468411,442,4.1877828054298645,0.8212669683257918,0.6083618235169795,377.97511312217193,0.15610859728506787,18,101,234,88,193,68,40,58,21,253,90,0.006787330316742082,0.5746606334841629,0.1583710407239819,0.10407239819004525,0.0
P479705,441,4.600907029478458,0.9501133786848073,0.621167950838515,338.4172335600907,0.1746031746031746,1,4,38,68,20,158,62,10,10,219,157,0.006802721088435374,0.562358276643991,0.14058956916099774,0.11564625850340136,0.0
P441220,440,4.3545454545454545,0.8409090909090909,0.8228807711210407,338.8272727272727,0.28863636363636364,17,88,138,179,58,126,123,42,5,117,83,0.011363636363636364,0.5136363636363637,0.09545454545454546,0.09090909090909091,0.0
P481340,439,4.316628701594533,0.8086560364464692,0.8051132110940725,333.6332574031891,0.12300683371298406,4,48,31,120,36,57,169,0,2,165,113,0.009111617312072893,0.5945330296127562,0.1070615034168565,0.1662870159453303,0.0
P468637,439,4.309794988610478,0.7927170868347339,0.8288487777811627,338.34624145785875,0.17539863325740318,4,73,32,83,82,106,68,1,4,146,111,0.11617312072892938,0.4806378132118451,0.11161731207289294,0.11617312072892938,0.0
P462390,438,4.383561643835616,0.91324200913242,0.8343188280705363,373.99543378995435,0.0547945205479452,0,46,58,54,73,98,208,3,103,187,147,0.00228310502283105,0.6278538812785388,0.1278538812785388,0.1872146118721461,0.0
P375852,435,4.2988505747126435,0.7658536585365854,0.7739483513403684,436.8551724137931,0.10114942528735632,2,18,127,81,17,32,52,26,15,140,103,0.542528735632184,0.2689655172413793,0.04827586206896552,0.03908045977011494,0.0
P469506,435,4.211494252873563,0.8091954022988506,0.7164949991360858,363.848275862069,0.2160919540229885,35,34,79,26,92,73,64,62,65,154,121,0.020689655172413793,0.5517241379310345,0.10344827586206896,0.10804597701149425,0.0
P479329,434,4.546082949308755,0.9262672811059908,0.796501929213287,408.30645161290323,0.3248847926267281,10,92,248,245,100,63,36,37,18,247,103,0.013824884792626729,0.47465437788018433,0.14055299539170507,0.04608294930875576,0.0
P466163,434,4.610599078341014,0.9216589861751152,0.764499452470535,291.28110599078343,0.195852534562212,38,60,199,128,91,50,34,48,67,200,50,0.002304147465437788,0.511520737327189,0.12672811059907835,0.16359447004608296,0.0
P464243,434,4.493087557603687,0.9262672811059908,0.8043717762025503,343.10138248847926,0.12672811059907835,2,38,60,160,61,76,311,1,0,135,191,0.004608294930875576,0.6036866359447005,0.0944700460829493,0.17050691244239632,0.0
P442758,434,4.4631336405529956,0.9009216589861752,0.8331553588658224,378.8087557603687,0.16129032258064516,9,78,76,76,5,114,228,22,6,138,138,0.009216589861751152,0.5483870967741935,0.08755760368663594,0.1935483870967742,0.0
P473828,433,4.547344110854503,0.9376443418013857,0.7367407664388954,285.4157043879908,0.24249422632794457,28,71,220,78,86,59,7,25,12,181,73,0.023094688221709007,0.45958429561200925,0.17090069284064666,0.10392609699769054,0.0
P504007,433,4.528868360277136,0.9168591224018475,0.7246881320464368,297.6004618937644,0.15011547344110854,14,102,281,164,56,59,37,40,14,211,56,0.13163972286374134,0.5057736720554272,0.12702078521939955,0.08545034642032333,0.0
P476415,433,4.565819861431871,0.9168591224018475,0.7923890042163076,346.8314087759815,0.10854503464203233,1,56,29,128,53,84,317,0,0,185,116,0.018475750577367205,0.6096997690531177,0.09930715935334873,0.16397228637413394,0.0
P442871,432,4.085648148148148,0.7986111111111112,0.7723591273352706,316.875,0.09259259259259259,7,56,49,49,12,51,178,15,24,104,156,0.018518518518518517,0.6134259259259259,0.06712962962962964,0.20833333333333334,0.0
P429529,432,4.217592592592593,0.7962962962962963,0.7349167189054322,235.5462962962963,0.20601851851851852,0,16,102,75,13,49,61,5,21,93,76,0.011574074074074073,0.5787037037037037,0.09953703703703703,0.10416666666666667,0.0
P479632,431,4.169373549883991,0.8607888631090487,0.7421098428925401,343.6032482598608,0.1740139211136891,24,40,39,63,78,92,59,25,20,228,109,0.01160092807424594,0.5916473317865429,0.10208816705336426,0.12064965197215777,0.0
P474340,430,4.590697674418605,0.9372093023255814,0.7508710492402315,355.346511627907,0.14651162790697675,62,164,142,74,109,36,55,61,10,271,51,,0.5744186046511628,0.15348837209302327,0.12558139534883722,0.0
P470507,430,4.3604651162790695,0.8604651162790697,0.6931528223340522,447.22558139534885,0.09069767441860466,62,119,229,85,103,82,65,40,18,229,123,0.011627906976744186,0.6465116279069767,0.10232558139534884,0.14883720930232558,0.0
P501028,430,4.388372093023256,0.8744186046511628,0.835204368594832,340.6139534883721,0.1558139534883721,14,45,187,34,72,85,2,37,10,201,74,0.009302325581395349,0.5930232558139535,0.14651162790697675,0.09534883720930233,0.0
P503693,428,4.478971962616822,0.9039812646370023,0.7036227446955603,359.32710280373834,0.11448598130841121,23,36,78,50,40,59,86,32,22,196,102,0.1191588785046729,0.5093457943925234,0.14018691588785046,0.11682242990654206,0.0
P423142,428,4.602803738317757,0.9205607476635514,0.8097999306588337,336.1869158878505,0.08411214953271028,106,193,344,94,132,74,71,66,23,244,78,0.02336448598130841,0.6448598130841121,0.0630841121495327,0.18457943925233644,0.0
P467247,427,4.1030444964871196,0.7728337236533958,0.8053490353046807,303.4707259953162,0.13114754098360656,1,31,39,99,157,60,52,1,3,186,61,0.01639344262295082,0.5362997658079626,0.12177985948477751,0.19437939110070257,0.0
P479348,427,4.6323185011709604,0.9414519906323185,0.7174391081864885,315.847775175644,0.16159250585480095,4,9,17,109,22,68,350,13,2,82,200,0.01639344262295082,0.5714285714285714,0.11475409836065574,0.1358313817330211,0.0
P402944,427,4.009367681498829,0.7407407407407407,0.7148902195066899,363.847775175644,0.1756440281030445,0,4,9,72,3,5,13,16,2,120,29,0.20140515222482436,0.4215456674473068,0.12412177985948478,0.07728337236533958,0.0
P438617,427,4.566744730679157,0.9203747072599532,0.8129038709478501,287.56908665105385,0.20374707259953162,70,63,289,92,70,51,20,30,12,162,87,0.02576112412177986,0.5339578454332553,0.15690866510538642,0.07962529274004684,0.0
P482024,424,4.643867924528302,0.9316037735849056,0.7676135218661765,327.10849056603774,0.19339622641509435,46,45,201,68,66,36,16,67,31,310,62,0.018867924528301886,0.5377358490566038,0.1391509433962264,0.11084905660377359,0.0
P438618,424,4.617924528301887,0.9221698113207547,0.7700212498505911,287.50471698113205,0.16981132075471697,12,29,60,113,91,106,40,0,1,200,67,0.02122641509433962,0.5613207547169812,0.1391509433962264,0.10849056603773585,0.0
P480613,424,4.643867924528302,0.9316037735849056,0.7676135218661765,327.10849056603774,0.19339622641509435,46,45,201,68,66,36,16,67,31,310,62,0.018867924528301886,0.5377358490566038,0.1391509433962264,0.11084905660377359,0.0
P500019,423,4.524822695035461,0.9456264775413712,0.8208197267218069,280.28132387706853,0.17494089834515367,68,127,172,37,120,50,23,28,41,185,55,0.02364066193853428,0.5437352245862884,0.15130023640661938,0.10638297872340426,0.0
P442837,420,4.6380952380952385,0.9214285714285714,0.7853074007384155,358.73571428571427,0.19047619047619047,113,57,231,96,46,81,23,63,55,246,80,0.009523809523809525,0.5857142857142857,0.12380952380952381,0.09047619047619047,0.0
P420158,419,4.241050119331742,0.8052631578947368,0.7441536592999975,295.1360381861575,0.16467780429594273,36,100,247,86,143,58,69,33,17,168,60,0.12649164677804295,0.4701670644391408,0.1288782816229117,0.10978520286396182,0.0
P501236,419,4.6181384248210025,0.9427207637231504,0.3032664542848414,400.3556085918854,0.16706443914081145,16,41,72,32,189,44,27,46,46,258,99,0.007159904534606206,0.5536992840095465,0.14797136038186157,0.12410501193317422,0.0
P442990,416,3.355769230769231,0.5288461538461539,0.7179479815703226,412.6298076923077,0.14903846153846154,3,144,53,86,76,58,55,22,74,144,98,0.009615384615384616,0.5384615384615384,0.11538461538461539,0.1875,0.0
P460624,416,4.627403846153846,0.9471153846153846,0.7811759360252865,342.81490384615387,0.17067307692307693,2,37,115,59,37,48,34,6,2,165,112,0.01201923076923077,0.5504807692307693,0.14182692307692307,0.125,0.0
P377368,414,4.053140096618358,0.7,0.6426232741657183,398.8719806763285,0.07004830917874397,1,14,27,21,2,14,277,7,13,46,258,0.41304347826086957,0.3285024154589372,0.06038647342995169,0.1280193236714976,0.0
P480606,414,4.021739130434782,0.8091787439613527,0.7354166746139527,381.28985507246375,0.15942028985507245,1,41,34,117,246,100,42,1,4,249,50,0.00966183574879227,0.5917874396135265,0.13768115942028986,0.10144927536231885,0.0
P426829,414,4.475845410628019,0.8478260869565217,0.7796644339249248,257.7367149758454,0.24396135265700483,1,41,74,171,68,80,45,1,2,174,62,0.007246376811594203,0.5048309178743962,0.13526570048309178,0.10869565217391304,0.0
P481732,412,4.682038834951456,0.9635922330097088,0.8355890671412151,363.002427184466,0.17718446601941748,71,25,71,35,99,74,39,73,45,227,105,0.01699029126213592,0.5631067961165048,0.1407766990291262,0.10194174757281553,0.0
P454837,412,4.456310679611651,0.8810679611650486,0.8278961894639696,359.36650485436894,0.20388349514563106,5,91,129,58,189,47,31,52,16,235,85,0.007281553398058253,0.5533980582524272,0.14320388349514562,0.09223300970873786,0.0
P469503,412,4.218446601941747,0.8300970873786407,0.761156541440222,261.0752427184466,0.1553398058252427,0,41,28,45,26,68,133,6,11,94,128,0.04854368932038835,0.5339805825242718,0.11165048543689321,0.15048543689320387,0.0
P435386,410,3.7585365853658534,0.651219512195122,0.8011376463429897,243.20243902439023,0.15365853658536585,53,108,233,73,111,56,53,33,77,145,55,0.007317073170731708,0.5756097560975609,0.09024390243902439,0.17317073170731706,0.0
P482757,410,3.9097560975609755,0.7365853658536585,0.7562507646324489,310.96585365853656,0.11463414634146342,7,31,30,128,222,72,50,1,4,220,67,0.06341463414634146,0.5658536585365853,0.14146341463414633,0.11463414634146342,0.0
P475182,410,3.9097560975609755,0.7365853658536585,0.7562507646324489,310.96585365853656,0.11463414634146342,7,31,30,128,222,72,50,1,4,220,67,0.06341463414634146,0.5658536585365853,0.14146341463414633,0.11463414634146342,0.0
P456192,410,4.348780487804878,0.9146341463414634,0.7135876320302487,411.7951219512195,0.1951219512195122,8,114,123,92,248,43,64,67,11,193,85,0.007317073170731708,0.5878048780487805,0.12682926829268293,0.08292682926829269,0.0
P476876,408,4.622549019607843,0.9215686274509803,0.8250637476642927,387.4950980392157,0.19117647058823528,20,30,127,21,100,32,8,56,26,206,95,0.03676470588235294,0.553921568627451,0.1053921568627451,0.11274509803921569,0.0
P282920,408,3.860294117647059,0.7333333333333333,0.7855516901211952,355.10539215686276,0.07352941176470588,9,84,46,16,4,24,59,13,1,121,195,0.20588235294117646,0.4411764705882353,0.0784313725490196,0.20098039215686275,0.0
P469522,407,4.2653562653562656,0.8255528255528255,0.8271795027412292,353.6191646191646,0.13513513513513514,92,167,168,45,77,61,59,54,23,202,64,0.019656019656019656,0.5847665847665847,0.10319410319410319,0.15724815724815724,0.0
P476730,406,4.45320197044335,0.8768472906403941,0.8598734209313988,333.77093596059115,0.19704433497536947,13,61,34,90,104,83,22,3,4,191,85,0.022167487684729065,0.5566502463054187,0.12807881773399016,0.0960591133004926,0.0
P450633,406,4.45320197044335,0.8768472906403941,0.8598734209313988,333.77093596059115,0.19704433497536947,13,61,34,90,104,83,22,3,4,191,85,0.022167487684729065,0.5566502463054187,0.12807881773399016,0.0960591133004926,0.0
P435800,405,4.548148148148148,0.891358024691358,0.8375380652985851,410.8172839506173,0.15308641975308643,1,25,56,57,36,109,113,6,34,143,148,0.014814814814814815,0.562962962962963,0.1259259259259259,0.14320987654320988,0.0
P480285,404,4.6138613861386135,0.9455445544554455,0.6273998022446492,462.3292079207921,0.1782178217821782,29,30,104,30,87,55,8,66,14,183,134,0.019801980198019802,0.6014851485148515,0.11633663366336634,0.08415841584158416,0.0
P270544,404,4.099009900990099,0.8412698412698413,0.8164395801201983,327.26237623762376,0.13366336633663367,15,48,187,61,16,65,8,49,5,117,83,0.3341584158415842,0.3415841584158416,0.10396039603960396,0.08663366336633663,0.0
P456206,402,4.390547263681592,0.9054726368159204,0.8575291087230047,318.7164179104478,0.16666666666666666,11,4,24,21,154,11,7,2,36,50,73,0.014925373134328358,0.5174129353233831,0.16666666666666666,0.13432835820895522,0.0
P434361,402,4.335820895522388,0.8418367346938775,0.787477278122955,313.82835820895525,0.05721393034825871,14,125,164,85,98,54,104,41,12,177,66,0.5248756218905473,0.2736318407960199,0.06218905472636816,0.08208955223880597,0.0
P503052,401,4.2643391521197005,0.8579710144927536,0.7730102529945756,318.1122194513716,0.1770573566084788,1,0,0,2,8,5,3,0,0,135,152,0.11221945137157108,0.4713216957605985,0.12718204488778054,0.11221945137157108,0.0
P392239,401,4.0997506234413965,0.8089887640449438,0.8021200180605605,205.65586034912718,0.14713216957605985,2,7,110,86,100,9,1,9,22,142,40,0.28428927680798005,0.3740648379052369,0.08977556109725686,0.10473815461346633,0.0
P394826,401,4.2643391521197005,0.8579710144927536,0.7730102529945756,318.1122194513716,0.1770573566084788,1,0,0,2,8,5,3,0,0,135,152,0.11221945137157108,0.4713216957605985,0.12718204488778054,0.11221945137157108,0.0
P432262,400,3.8825,0.725,0.8208316415205507,327.25,0.2025,2,4,39,16,85,20,34,8,7,23,111,0.02,0.455,0.1925,0.13,0.0
P475951,400,4.6,0.925,0.8137013936415315,305.5375,0.2675,77,47,223,100,100,62,36,56,49,196,56,0.07,0.4825,0.12,0.06,0.0
P428816,400,3.7875,0.6625,0.715101878117458,353.4475,0.285,8,29,86,66,21,39,7,41,1,82,123,0.02,0.4575,0.1275,0.11,0.0
P475203,400,4.19,0.8492462311557789,0.7245054929694043,323.7075,0.19,48,114,254,107,152,77,38,30,15,183,57,0.0425,0.5375,0.1375,0.0925,0.0
P475185,400,4.19,0.8492462311557789,0.7245054929694043,323.7075,0.19,48,114,254,107,152,77,38,30,15,183,57,0.0425,0.5375,0.1375,0.0925,0.0
P503721,400,4.37,0.8875,0.7216666996479034,291.225,0.125,3,4,4,6,1,20,277,4,5,39,184,0.01,0.62,0.13,0.115,0.0
P440498,398,4.0954773869346734,0.7839195979899497,0.6502400945140937,271.2889447236181,0.11557788944723618,0,8,14,123,28,51,267,2,0,35,181,0.007537688442211055,0.5628140703517588,0.11055276381909548,0.20351758793969849,0.0
P462666,398,4.590452261306533,0.9221105527638191,0.8142111374693022,341.10552763819095,0.2135678391959799,50,24,117,21,51,61,2,62,10,199,161,0.03015075376884422,0.5,0.15577889447236182,0.10050251256281408,0.0
P454388,397,3.9395465994962215,0.7244444444444444,0.8040845572472887,353.5113350125945,0.163727959697733,16,114,79,61,100,44,34,50,31,124,74,0.19395465994962216,0.3979848866498741,0.17632241813602015,0.06801007556675064,0.0
P454387,397,3.9395465994962215,0.7244444444444444,0.8040845572472887,353.5113350125945,0.163727959697733,16,114,79,61,100,44,34,50,31,124,74,0.19395465994962216,0.3979848866498741,0.17632241813602015,0.06801007556675064,0.0
P444980,396,4.184343434343434,0.7929292929292929,0.7962679372945793,320.3308080808081,0.2398989898989899,8,22,154,73,71,89,31,14,14,161,63,0.007575757575757576,0.5328282828282829,0.1414141414141414,0.07828282828282829,0.0
P427409,395,3.6379746835443036,0.640506329113924,0.7767710981537026,327.5417721518987,0.1620253164556962,3,17,75,21,23,104,67,21,6,155,109,0.010126582278481013,0.5367088607594936,0.14430379746835442,0.1468354430379747,0.0
P443829,394,3.4289340101522843,0.6192893401015228,0.7546973583752635,391.4263959390863,0.1446700507614213,2,2,24,39,105,10,7,3,53,38,75,0.01015228426395939,0.4847715736040609,0.27411167512690354,0.08629441624365482,0.0
P217932,394,4.441624365482234,0.8362068965517241,0.846822453424794,289.83502538071065,0.07614213197969544,0,49,33,129,63,60,54,0,4,169,64,0.27411167512690354,0.4467005076142132,0.12944162436548223,0.07360406091370558,0.0
P205614,393,3.5877862595419847,0.5897435897435898,0.7784636976087794,318.38422391857506,0.12213740458015267,3,19,110,17,22,21,2,17,5,66,152,0.25699745547073793,0.37150127226463103,0.19083969465648856,0.058524173027989825,0.0
P456994,392,3.673469387755102,0.6709183673469388,0.8101218055813543,295.1326530612245,0.21683673469387754,3,11,74,14,12,36,8,8,5,71,78,0.02295918367346939,0.4872448979591837,0.14795918367346939,0.125,0.0
P482264,392,4.683673469387755,0.9566326530612245,0.9070328806014456,320.2270408163265,0.11734693877551021,9,43,32,122,76,64,62,2,2,245,71,0.012755102040816327,0.5663265306122449,0.11224489795918367,0.1913265306122449,0.0
P412025,391,3.9667519181585678,0.7290322580645161,0.763628362168594,296.0920716112532,0.1483375959079284,0,0,42,37,10,15,0,5,5,112,109,0.23785166240409208,0.40664961636828645,0.1329923273657289,0.0741687979539642,0.0
P9941,391,4.4961636828644505,0.8670886075949367,0.7921336813127262,257.98976982097184,0.11253196930946291,1,30,29,108,65,44,84,0,0,165,60,0.16879795396419436,0.5115089514066496,0.10997442455242967,0.09718670076726342,0.0
P423130,390,4.366666666666666,0.8948717948717949,0.7544673307350388,350.88461538461536,0.2128205128205128,7,19,114,104,141,60,35,7,9,208,76,0.01282051282051282,0.5538461538461539,0.10512820512820513,0.11538461538461539,0.0
P446419,389,4.22879177377892,0.8354755784061697,0.7231054449720042,358.08997429305913,0.14910025706940874,31,42,53,38,124,67,56,47,58,170,102,0.002570694087403599,0.5758354755784062,0.13367609254498714,0.13881748071979436,0.0
P427529,389,3.6683804627249357,0.6382428940568475,0.7523606365654656,345.9974293059126,0.2210796915167095,1,42,50,27,21,68,77,13,9,132,117,0.012853470437017995,0.5167095115681234,0.14652956298200515,0.10282776349614396,0.0
P481832,388,4.324742268041237,0.8943298969072165,0.6788489655140908,320.909793814433,0.18556701030927836,4,21,81,14,217,14,0,15,16,70,92,0.02577319587628866,0.5,0.15463917525773196,0.13402061855670103,0.0
P471037,388,4.603092783505154,0.9020618556701031,0.6212047677797575,301.6881443298969,0.17525773195876287,81,63,249,72,44,51,52,28,10,209,63,0.04381443298969072,0.48195876288659795,0.18556701030927836,0.1134020618556701,0.0
P460701,386,4.137305699481865,0.810880829015544,0.7564814858138561,276.71243523316065,0.18134715025906736,4,6,95,35,111,66,23,13,22,108,42,0.015544041450777202,0.572538860103627,0.13989637305699482,0.09067357512953368,0.0
P456582,386,4.373056994818653,0.8808290155440415,0.8295565172153361,367.1269430051814,0.13212435233160622,86,193,57,33,143,69,47,45,22,179,83,0.010362694300518135,0.582901554404145,0.13471502590673576,0.13989637305699482,0.0
P392249,386,4.466321243523316,0.828125,0.7893016990046112,375.0518134715026,0.11917098445595854,0,60,42,125,15,78,140,2,1,141,80,0.266839378238342,0.41450777202072536,0.09844559585492228,0.10103626943005181,0.0
P2043,385,4.394805194805195,0.875,0.6874287050721565,299.2701298701299,0.12987012987012986,3,14,84,98,8,23,12,13,5,128,68,0.4051948051948052,0.3116883116883117,0.09350649350649351,0.05974025974025974,0.0
P503692,384,4.1171875,0.7760416666666666,0.7581446586663907,322.7291666666667,0.15885416666666666,2,4,136,85,83,10,2,6,63,141,57,0.0703125,0.5234375,0.11979166666666667,0.12760416666666666,0.0
P442867,384,4.4296875,0.8984375,0.48410796308965703,506.7005208333333,0.19270833333333334,27,69,81,41,108,48,38,63,53,208,135,0.005208333333333333,0.5416666666666666,0.125,0.13541666666666666,0.0
P374841,383,3.2428198433420365,0.39285714285714285,0.771686073852542,339.86945169712794,0.06788511749347259,6,25,75,16,7,13,2,17,1,75,143,0.5639686684073107,0.2193211488250653,0.09138381201044386,0.057441253263707574,0.0
P482323,382,3.643979057591623,0.6963350785340314,0.6551389465707221,368.81151832460733,0.12041884816753927,20,120,11,30,94,52,8,5,28,98,41,0.04712041884816754,0.5392670157068062,0.13350785340314136,0.15968586387434555,0.0
P456193,381,4.530183727034121,0.9501312335958005,0.7822043771867628,398.71391076115486,0.19160104986876642,7,77,163,104,222,58,51,38,11,202,68,0.0026246719160104987,0.6062992125984252,0.12335958005249344,0.07611548556430446,0.0
P480192,381,4.359580052493438,0.8503937007874016,0.8220937750499013,312.6377952755906,0.2125984251968504,32,38,132,43,29,67,6,41,9,170,86,0.026246719160104987,0.49343832020997375,0.15485564304461943,0.11286089238845144,0.0
P500138,381,4.446194225721785,0.8976377952755905,0.46385855059119036,333.90551181102364,0.17585301837270342,38,83,263,84,67,54,34,42,18,218,54,0.01837270341207349,0.5564304461942258,0.15748031496062992,0.09186351706036745,0.0
P463665,379,4.395778364116095,0.8970976253298153,0.7906152849122882,321.6094986807388,0.16358839050131926,12,92,91,50,205,37,61,27,5,169,77,0.0079155672823219,0.5646437994722955,0.10290237467018469,0.16094986807387862,0.0
P456400,378,4.555555555555555,0.9047619047619048,0.8898421409337417,186.489417989418,0.14285714285714285,3,0,0,10,1,4,0,19,1,53,45,0.013227513227513227,0.5211640211640212,0.2037037037037037,0.11904761904761904,0.0
P464239,377,4.5809018567639255,0.9442970822281167,0.8370415335430682,285.6790450928382,0.11140583554376658,60,116,295,62,49,68,168,29,13,180,90,0.010610079575596816,0.636604774535809,0.09018567639257294,0.15119363395225463,0.0
P467976,377,4.037135278514588,0.7824933687002652,0.7796902683417813,378.61538461538464,0.15384615384615385,19,47,6,24,6,10,12,5,2,51,81,0.03183023872679045,0.519893899204244,0.129973474801061,0.16445623342175067,0.0
P472469,376,4.404255319148936,0.8537234042553191,0.7752691050586493,325.5904255319149,0.2047872340425532,17,37,108,46,51,79,71,40,40,196,77,0.018617021276595744,0.5691489361702128,0.11436170212765957,0.09308510638297872,0.0
P460856,373,4.171581769436997,0.8310991957104558,0.8458045397079392,208.9544235924933,0.18230563002680966,0,1,42,13,50,29,4,3,1,87,69,0.01876675603217158,0.46380697050938335,0.16621983914209115,0.16890080428954424,0.0
P481697,372,4.768817204301075,0.9811827956989247,0.6402500971323914,361.53225806451616,0.28763440860215056,58,38,268,150,42,45,23,51,61,208,65,0.021505376344086023,0.5188172043010753,0.13172043010752688,0.04032258064516129,0.0
P475190,371,4.0754716981132075,0.8301886792452831,0.7031676578417159,332.7358490566038,0.14824797843665768,2,7,48,22,27,25,3,5,4,188,46,0.05390835579514825,0.5336927223719676,0.15633423180592992,0.1078167115902965,0.0
P467971,370,4.302702702702702,0.8702702702702703,0.8409890166332579,333.6108108108108,0.16756756756756758,22,26,106,28,38,44,6,30,16,127,136,0.005405405405405406,0.5162162162162162,0.1864864864864865,0.12432432432432433,0.0
P504045,370,4.72972972972973,0.9702702702702702,0.6746295757293701,332.3297297297297,0.11891891891891893,78,66,49,30,25,61,15,37,22,171,53,0.04864864864864865,0.5783783783783784,0.1837837837837838,0.07027027027027027,0.0
P480461,368,4.619565217391305,0.9375,0.8674928679624024,293.0326086956522,0.15217391304347827,2,3,63,15,10,47,0,10,4,123,89,0.019021739130434784,0.5570652173913043,0.1766304347826087,0.09510869565217392,0.0
P501199,368,4.432065217391305,0.9157608695652174,0.7140151363882151,245.6086956521739,0.16032608695652173,35,13,73,21,46,27,6,13,11,166,61,0.03260869565217391,0.5190217391304348,0.14130434782608695,0.14673913043478262,0.0
P454102,367,4.160762942779291,0.7956403269754768,0.7889212551324264,449.2724795640327,0.18528610354223432,14,25,42,27,24,70,151,20,2,108,198,0.0027247956403269754,0.5367847411444142,0.12534059945504086,0.14986376021798364,0.0
P504042,366,4.683060109289618,0.9644808743169399,0.6805555555555556,250.80054644808743,0.1448087431693989,3,21,214,111,22,43,16,14,15,153,43,0.15300546448087432,0.4808743169398907,0.13114754098360656,0.09016393442622951,0.0
P415773,366,4.243169398907104,0.8161290322580645,0.8145307980869946,348.0081967213115,0.19672131147540983,41,124,64,65,35,70,54,16,13,93,69,0.11475409836065574,0.47540983606557374,0.12021857923497267,0.09289617486338798,0.0
P472052,365,4.043835616438356,0.8054794520547945,0.7791216793385419,280.63013698630135,0.1506849315068493,0,2,5,5,0,22,112,2,0,51,211,0.0547945205479452,0.5315068493150685,0.16712328767123288,0.0958904109589041,0.0
P467120,363,4.099173553719008,0.8016528925619835,0.6695534921529,390.05785123966945,0.15426997245179064,3,31,51,120,165,68,29,0,4,216,54,0.01652892561983471,0.6060606060606061,0.12947658402203857,0.09366391184573003,0.0
P470227,362,4.732044198895028,0.9640883977900553,0.7944135665893555,343.4696132596685,0.13812154696132597,2,13,29,37,88,66,38,5,1,206,97,0.0027624309392265192,0.56353591160221,0.15469613259668508,0.1408839779005525,0.0
P501178,361,4.418282548476454,0.8975069252077562,0.75,274.3296398891967,0.16620498614958448,29,112,97,51,59,48,36,30,33,183,49,0.024930747922437674,0.5346260387811634,0.1523545706371191,0.12188365650969529,0.0
P475124,360,4.622222222222222,0.9222222222222223,0.43751238810795323,322.45,0.25,168,32,269,60,69,24,9,65,14,236,60,0.011111111111111112,0.5611111111111111,0.12777777777777777,0.05,0.0
P453928,360,4.527777777777778,0.9166666666666666,0.7526715547717803,339.23333333333335,0.175,34,22,68,42,46,82,5,42,12,136,131,0.016666666666666666,0.6,0.11388888888888889,0.09444444444444444,0.0
P482681,359,4.674094707520891,0.935933147632312,0.7478571431977409,411.95543175487467,0.17270194986072424,9,60,104,55,104,54,13,2,4,191,115,0.002785515320334262,0.5877437325905293,0.14763231197771587,0.08913649025069638,0.0
P415202,359,3.7075208913649025,0.6523297491039427,0.721904671559595,303.49025069637884,0.181058495821727,3,25,121,55,62,35,19,17,7,111,118,0.17270194986072424,0.43454038997214484,0.15041782729805014,0.06128133704735376,0.0
P173652,358,4.533519553072626,0.8113207547169812,0.8099367350237476,326.7039106145251,0.2206703910614525,19,91,149,100,36,38,46,39,15,117,64,0.18435754189944134,0.4301675977653631,0.12849162011173185,0.036312849162011177,0.0
P447596,358,4.173184357541899,0.8100558659217877,0.7792409975519952,290.08379888268155,0.21787709497206703,11,63,75,81,112,21,27,22,6,60,70,0.0335195530726257,0.5139664804469274,0.13128491620111732,0.10335195530726257,0.0
P466114,358,4.578212290502793,0.9217877094972067,0.7587287182791974,392.3435754189944,0.16201117318435754,47,55,82,34,141,43,23,73,38,196,141,0.01675977653631285,0.5782122905027933,0.17318435754189945,0.06983240223463687,0.0
P444970,357,4.610644257703081,0.9159663865546218,0.6430475968144723,480.40896358543415,0.15406162464985995,4,41,30,57,30,114,67,7,6,173,138,0.0056022408963585435,0.5658263305322129,0.1568627450980392,0.11764705882352941,0.0
P474822,357,4.784313725490196,0.9803921568627451,0.6159044676417604,313.84033613445376,0.09243697478991597,5,33,38,100,70,79,65,0,3,229,64,0.036414565826330535,0.6274509803921569,0.12324929971988796,0.12044817927170869,0.0
P482325,356,4.275280898876405,0.8117977528089888,0.6762238001569788,350.2331460674157,0.1797752808988764,90,136,57,40,81,53,24,47,28,182,32,0.025280898876404494,0.550561797752809,0.12921348314606743,0.1151685393258427,0.0
P446909,355,3.867605633802817,0.6901408450704225,0.822386082727462,386.3521126760563,0.15211267605633802,48,125,73,56,25,66,63,22,14,122,73,0.008450704225352112,0.5295774647887324,0.15211267605633802,0.15774647887323945,0.0
P444222,355,4.397183098591549,0.8450704225352113,0.8502351115612465,397.37464788732393,0.22535211267605634,6,59,76,49,82,59,77,54,2,107,79,0.01971830985915493,0.5211267605633803,0.15211267605633802,0.08169014084507042,0.0
P472810,354,4.7824858757062145,0.980225988700565,0.5711472034454346,464.41525423728814,0.17796610169491525,37,36,117,63,63,42,27,64,36,214,98,0.031073446327683617,0.5734463276836158,0.12994350282485875,0.08757062146892655,0.0
P456571,351,4.262108262108262,0.8603988603988604,0.7532970344817097,345.04273504273505,0.1737891737891738,23,38,28,19,64,60,53,28,19,111,118,0.019943019943019943,0.5213675213675214,0.150997150997151,0.1339031339031339,0.0
P500756,351,4.678062678062678,0.9572649572649573,0.7734241397484489,317.45299145299145,0.24216524216524216,66,18,56,22,80,138,38,39,91,162,71,0.02849002849002849,0.47863247863247865,0.16809116809116809,0.08262108262108261,0.0
P417980,351,4.321937321937322,0.8375,0.8520580246004947,392.55840455840456,0.15384615384615385,29,110,54,52,59,64,49,19,11,126,65,0.10826210826210826,0.5413105413105413,0.1111111111111111,0.08547008547008547,0.0
P475135,351,4.262108262108262,0.8603988603988604,0.7532970344817097,345.04273504273505,0.1737891737891738,23,38,28,19,64,60,53,28,19,111,118,0.019943019943019943,0.5213675213675214,0.150997150997151,0.1339031339031339,0.0
P457695,350,4.497142857142857,0.8971428571428571,0.8566372960417474,440.7942857142857,0.22,11,86,147,126,83,145,69,26,8,191,70,0.005714285714285714,0.5514285714285714,0.1,0.12285714285714286,0.0
P470065,349,4.444126074498567,0.8825214899713467,0.8492170283570886,324.1919770773639,0.166189111747851,2,36,24,108,26,76,80,1,0,164,83,0.014326647564469915,0.5644699140401146,0.13753581661891118,0.1174785100286533,0.0
P465741,349,4.681948424068768,0.9398280802292264,0.7555136968286091,418.5702005730659,0.2148997134670487,3,10,31,56,84,95,32,4,0,208,111,0.02865329512893983,0.5444126074498568,0.12607449856733524,0.08595988538681948,0.0
P478029,347,4.417867435158501,0.8876080691642652,0.8331029229628958,274.23919308357347,0.2219020172910663,0,25,23,80,56,58,48,2,2,132,59,0.01440922190201729,0.49855907780979825,0.13544668587896252,0.12968299711815562,0.0
P469088,347,4.417867435158501,0.8876080691642652,0.8331029229628958,274.23919308357347,0.2219020172910663,0,25,23,80,56,58,48,2,2,132,59,0.01440922190201729,0.49855907780979825,0.13544668587896252,0.12968299711815562,0.0
P447778,346,4.03757225433526,0.8294797687861272,0.7985135163754633,340.6127167630058,0.20809248554913296,32,68,202,64,91,81,35,25,14,136,96,0.017341040462427744,0.5433526011560693,0.12716763005780346,0.10404624277456648,0.0
P433456,345,4.011594202898551,0.7681159420289855,0.5998794300688638,340.568115942029,0.15942028985507245,3,19,44,17,77,44,3,14,6,105,99,0.011594202898550725,0.5594202898550724,0.1391304347826087,0.13043478260869565,0.0
P458917,344,4.438953488372093,0.8604651162790697,0.697526329992021,447.6744186046512,0.16279069767441862,70,83,257,80,126,43,22,55,22,196,74,0.014534883720930232,0.5901162790697675,0.12790697674418605,0.10465116279069768,0.0
P503814,344,4.808139534883721,0.9796511627906976,0.6311760442124472,331.4011627906977,0.10174418604651163,48,16,45,43,21,121,25,26,16,171,115,0.023255813953488372,0.6540697674418605,0.13662790697674418,0.08430232558139535,0.0
P504001,344,4.636627906976744,0.967930029154519,0.3866666667703269,303.9360465116279,0.1686046511627907,18,48,127,112,50,53,36,41,25,200,44,0.21511627906976744,0.4069767441860465,0.09593023255813954,0.11337209302325581,0.0
P479903,343,4.4169096209912535,0.825925925925926,0.7844735541858812,416.05830903790087,0.26239067055393583,5,64,125,125,68,45,84,52,5,123,84,0.21865889212827988,0.3877551020408163,0.08746355685131195,0.043731778425655975,0.0
P445833,343,4.352769679300292,0.8950437317784257,0.8405478240651939,394.95043731778424,0.17784256559766765,23,40,37,52,93,56,189,30,32,137,106,0.011661807580174927,0.5918367346938775,0.11078717201166181,0.10787172011661808,0.0
P400204,343,4.4169096209912535,0.825925925925926,0.7844735541858812,416.05830903790087,0.26239067055393583,5,64,125,125,68,45,84,52,5,123,84,0.21865889212827988,0.3877551020408163,0.08746355685131195,0.043731778425655975,0.0
P504064,343,4.635568513119534,0.9676470588235294,0.7741935483870968,292.1224489795918,0.13994169096209913,1,30,158,91,25,28,12,16,19,156,44,0.20699708454810495,0.43440233236151604,0.11078717201166181,0.10787172011661808,0.0
P481833,343,4.478134110787172,0.9300291545189504,0.7323737975929966,345.73760932944606,0.20408163265306123,46,42,133,58,153,31,8,35,13,226,60,0.02040816326530612,0.5801749271137027,0.13994169096209913,0.05539358600583091,0.0
P407444,342,4.3011695906432745,0.8291814946619217,0.824497444040362,308.6140350877193,0.08187134502923976,0,56,40,95,36,51,146,1,2,109,71,0.12280701754385964,0.5760233918128655,0.06725146198830409,0.15204678362573099,0.0
P474075,341,4.73900293255132,0.9706744868035191,0.808333333581686,341.8768328445748,0.17008797653958943,5,34,23,58,51,126,99,9,4,179,108,0.011730205278592375,0.5894428152492669,0.08504398826979472,0.1436950146627566,0.0
P501288,341,4.5014662756598245,0.9032258064516129,0.7492851459063017,288.94134897360703,0.19941348973607037,28,17,103,32,32,56,1,32,9,174,78,0.026392961876832845,0.530791788856305,0.14076246334310852,0.10263929618768329,0.0
P483138,340,4.685294117647059,0.9588235294117647,0.6383374682627618,281.0323529411765,0.12352941176470589,12,33,23,21,23,28,37,8,19,125,105,0.03823529411764706,0.5852941176470589,0.12352941176470589,0.12941176470588237,0.0
P455929,340,4.594117647058823,0.9235294117647059,0.8429502616708096,316.63529411764705,0.17647058823529413,10,29,40,147,69,65,26,0,0,213,69,0.03235294117647059,0.5235294117647059,0.15294117647058825,0.11470588235294117,0.0
P503651,339,4.831858407079646,0.976401179941003,0.707794494691648,331.0973451327434,0.24188790560471976,19,35,147,63,61,67,22,35,11,216,72,0.032448377581120944,0.49262536873156343,0.1415929203539823,0.09144542772861357,0.0
P436353,337,4.12759643916914,0.7833827893175074,0.8300449944850875,243.49851632047478,0.22255192878338279,0,23,100,62,88,47,39,10,6,129,51,0.011869436201780416,0.5905044510385756,0.0712166172106825,0.10385756676557864,0.0
P472021,336,4.669642857142857,0.9345238095238095,0.7891094876187188,310.6190476190476,0.24404761904761904,34,69,250,105,92,44,21,49,26,212,35,0.03571428571428571,0.5148809523809523,0.1130952380952381,0.09226190476190477,0.0
P467750,336,4.645833333333333,0.9315476190476191,0.7703488916158676,430.1309523809524,0.13988095238095238,38,71,195,61,160,37,15,67,18,212,103,0.008928571428571428,0.5773809523809523,0.19345238095238096,0.08035714285714286,0.0
P503642,335,4.414925373134328,0.9194029850746268,0.8186076306661622,358.80298507462686,0.17313432835820897,40,70,241,82,191,31,12,39,22,200,36,0.15223880597014924,0.4388059701492537,0.15522388059701492,0.08059701492537313,0.0
P475181,334,3.946107784431138,0.7897897897897898,0.7577342237486984,327.5508982035928,0.17664670658682635,7,12,59,17,28,20,2,1,14,157,57,0.03293413173652695,0.5718562874251497,0.11377245508982035,0.10479041916167664,0.0
P453929,334,4.607784431137724,0.9251497005988024,0.6895231311377004,352.41317365269464,0.16766467065868262,21,72,118,52,47,70,28,42,14,165,100,0.020958083832335328,0.5898203592814372,0.11077844311377245,0.11077844311377245,0.0
P388200,334,4.0568862275449105,0.7592592592592593,0.7647669486050467,376.98802395209583,0.18562874251497005,1,72,53,112,63,46,27,2,2,180,74,0.3413173652694611,0.3203592814371258,0.09880239520958084,0.05389221556886228,0.0
P467647,331,3.6314199395770395,0.6465256797583081,0.8120539233611341,298.6858006042296,0.1903323262839879,1,41,12,36,64,52,22,0,10,112,71,0.00906344410876133,0.540785498489426,0.1510574018126888,0.10876132930513595,0.0
P479732,331,3.8459214501510575,0.7371601208459214,0.7109642304572343,304.36253776435046,0.1691842900302115,4,134,40,61,17,38,163,29,2,91,96,0.027190332326283987,0.5196374622356495,0.1148036253776435,0.1691842900302115,0.0
P475629,331,4.56797583081571,0.9003021148036254,0.7716043278397549,289.9365558912387,0.18731117824773413,50,87,237,77,106,33,18,51,17,210,41,0.015105740181268883,0.540785498489426,0.1268882175226586,0.1299093655589124,0.0
P416923,326,3.6564417177914113,0.6097560975609756,0.7950196144836289,344.38957055214723,0.22699386503067484,7,21,139,51,24,92,8,23,1,103,78,0.09202453987730061,0.4938650306748466,0.10736196319018405,0.07975460122699386,0.0
P457522,325,4.421538461538462,0.9076923076923077,0.8714193983210458,367.36615384615385,0.2123076923076923,87,126,64,36,136,57,51,28,33,162,56,0.003076923076923077,0.5230769230769231,0.11692307692307692,0.14461538461538462,0.0
P406104,322,3.7422360248447206,0.6205357142857143,0.8079730214875772,326.639751552795,0.14596273291925466,0,2,38,47,4,6,2,8,0,78,95,0.2391304347826087,0.3944099378881988,0.15217391304347827,0.06832298136645963,0.0
P397624,322,4.447204968944099,0.8737864077669902,0.8113967298136817,312.027950310559,0.07453416149068323,2,16,30,36,8,46,208,6,19,73,77,0.37267080745341613,0.40993788819875776,0.055900621118012424,0.08695652173913043,0.0
P479633,321,4.1806853582554515,0.8411214953271028,0.5120329265482724,278.3956386292835,0.1526479750778816,1,33,25,40,20,27,18,3,2,135,60,0.003115264797507788,0.6292834890965732,0.09657320872274143,0.11838006230529595,0.0
P459130,321,4.785046728971962,0.940809968847352,0.39895613196786944,219.79439252336448,0.1526479750778816,9,5,58,24,2,17,14,13,11,79,69,0.0529595015576324,0.5295950155763239,0.18691588785046728,0.0778816199376947,0.0
P467652,320,3.5625,0.6375,0.8344389699649677,217.740625,0.203125,2,9,73,63,80,5,3,8,33,108,47,0.0625,0.475,0.14375,0.115625,0.0
P432048,320,4.25625,0.796875,0.7071885410696268,427.165625,0.184375,18,31,53,34,134,56,67,44,17,140,92,0.0125,0.603125,0.109375,0.090625,0.0
P482008,320,4.39375,0.86875,0.7946115249713648,382.08125,0.190625,5,30,74,41,115,9,4,11,62,90,48,0.021875,0.515625,0.190625,0.08125,0.0
P462344,320,4.440625,0.89375,0.8350187459988381,379.3875,0.103125,0,36,84,70,59,41,33,1,4,187,66,0.00625,0.653125,0.103125,0.134375,0.0
P441323,318,3.70125786163522,0.6572327044025157,0.8139697930871926,267.0125786163522,0.1792452830188679,5,28,17,99,97,60,31,1,4,122,44,0.015723270440251572,0.5157232704402516,0.12578616352201258,0.16352201257861634,0.0
P455924,318,4.053459119496855,0.7735849056603774,0.7578182232379913,330.7169811320755,0.19811320754716982,27,11,90,25,41,27,4,20,5,124,73,0.006289308176100629,0.5377358490566038,0.14779874213836477,0.11006289308176101,0.0
P433457,318,4.3427672955974845,0.89937106918239,0.7683690606520094,320.0125786163522,0.16037735849056603,6,19,10,8,61,18,115,5,5,62,110,0.0031446540880503146,0.5660377358490566,0.12578616352201258,0.14465408805031446,0.0
P483137,318,4.644654088050315,0.9622641509433962,0.5799821055772012,297.6635220125786,0.1540880503144654,19,14,27,18,28,37,69,15,25,101,114,0.050314465408805034,0.5471698113207547,0.13836477987421383,0.11006289308176101,0.0
P482329,317,4.586750788643533,0.9400630914826499,0.6585011657501132,340.5520504731861,0.14511041009463724,7,9,42,35,8,105,63,17,4,138,103,0.0031545741324921135,0.5993690851735016,0.15457413249211358,0.09779179810725552,0.0
P4032,317,4.2933753943217665,0.676923076923077,0.7751922083251617,262.29337539432174,0.17665615141955837,2,21,121,95,71,56,38,8,11,108,41,0.277602523659306,0.4227129337539432,0.08517350157728706,0.03785488958990536,0.0
P453826,317,4.690851735015773,0.9558359621451105,0.7841784954071045,403.3627760252366,0.1892744479495268,16,99,82,33,110,14,19,51,9,188,88,0.0031545741324921135,0.5993690851735016,0.167192429022082,0.04100946372239748,0.0
P423150,317,4.400630914826499,0.886435331230284,0.8286427907756905,324.9526813880126,0.2113564668769716,10,13,102,41,102,43,25,26,12,139,55,0.03785488958990536,0.5394321766561514,0.13249211356466878,0.07886435331230283,0.0
P443351,317,4.400630914826499,0.886435331230284,0.8286427907756905,324.9526813880126,0.2113564668769716,10,13,102,41,102,43,25,26,12,139,55,0.03785488958990536,0.5394321766561514,0.13249211356466878,0.07886435331230283,0.0
P397310,316,4.243670886075949,0.872093023255814,0.7238952751364072,293.996835443038,0.10126582278481013,0,20,24,45,9,55,36,1,0,127,98,0.4620253164556962,0.3227848101265823,0.04430379746835443,0.06962025316455696,0.0
P446422,316,3.901898734177215,0.7468354430379747,0.7470787520397384,409.9018987341772,0.2911392405063291,2,39,129,102,50,40,25,3,1,207,70,0.0031645569620253164,0.5221518987341772,0.10759493670886076,0.0759493670886076,0.0
P467111,314,4.398089171974522,0.9012738853503185,0.8357968134539467,431.38853503184714,0.041401273885350316,19,80,51,50,119,39,205,41,7,122,113,0.006369426751592357,0.6560509554140127,0.07961783439490445,0.21656050955414013,0.0
P503913,314,4.75796178343949,0.9681528662420382,0.8349206494906593,361.37579617834393,0.24203821656050956,9,89,136,196,43,65,19,32,17,149,62,0.08598726114649681,0.5414012738853503,0.07961783439490445,0.050955414012738856,0.0
P421600,313,4.07667731629393,0.7375886524822695,0.7371946662621347,309.1373801916933,0.07667731629392971,2,59,37,39,138,48,99,8,22,89,55,0.11182108626198083,0.5431309904153354,0.0670926517571885,0.2012779552715655,0.0
P455242,313,4.086261980830671,0.7539936102236422,0.8149500788945562,330.4376996805112,0.2108626198083067,3,8,32,91,83,60,53,0,3,170,44,0.009584664536741214,0.5271565495207667,0.13738019169329074,0.11501597444089456,0.0
P444226,312,4.230769230769231,0.7948717948717948,0.7981394495558642,324.5897435897436,0.3141025641025641,14,51,130,108,61,35,70,50,40,137,37,0.016025641025641024,0.46794871794871795,0.1282051282051282,0.07371794871794872,0.0
P482692,311,4.736334405144695,0.9453376205787781,0.6206759575564983,377.1864951768489,0.2315112540192926,45,33,160,57,87,42,12,61,35,175,63,0.03215434083601286,0.5209003215434084,0.1382636655948553,0.07717041800643087,0.0
P423123,309,4.563106796116505,0.9385113268608414,0.7402070821386523,333.67637540453075,0.10355987055016182,0,19,17,58,32,61,30,4,0,155,70,0.006472491909385114,0.5922330097087378,0.1423948220064725,0.1553398058252427,0.0
P450244,308,4.292207792207792,0.8733766233766234,0.7747306406164347,259.3474025974026,0.2435064935064935,19,49,132,62,29,37,19,28,40,156,54,0.012987012987012988,0.525974025974026,0.1590909090909091,0.05844155844155844,0.0
P467118,307,4.013029315960912,0.7654723127035831,0.6422080268600473,389.55374592833874,0.1237785016286645,1,11,67,36,26,43,13,18,5,138,47,0.019543973941368076,0.5635179153094463,0.16286644951140064,0.13029315960912052,0.0
P459128,307,4.824104234527687,0.9576547231270358,0.5829069592373471,244.557003257329,0.1270358306188925,6,8,7,4,12,22,55,10,12,78,69,0.04560260586319218,0.5537459283387622,0.19543973941368079,0.0781758957654723,0.0
P422013,307,4.495114006514658,0.88,0.8293549864037523,266.96091205211724,0.09120521172638436,1,60,29,113,64,66,83,0,1,114,46,0.02280130293159609,0.6319218241042345,0.09771986970684039,0.1563517915309446,0.0
P434550,306,4.369281045751634,0.8856209150326797,0.7508248891507354,367.9934640522876,0.17320261437908496,17,23,61,30,62,41,38,15,46,149,81,0.006535947712418301,0.5718954248366013,0.13071895424836602,0.11764705882352941,0.0
P411254,306,3.9215686274509802,0.7322834645669292,0.7481374125927687,410.2843137254902,0.12091503267973856,0,52,56,42,12,12,30,15,0,134,88,0.5326797385620915,0.22549019607843138,0.0718954248366013,0.049019607843137254,0.0
P470221,305,4.6819672131147545,0.940983606557377,0.7496539865293212,364.65901639344264,0.20655737704918034,4,28,76,74,39,73,50,7,7,166,46,0.003278688524590164,0.5770491803278689,0.08196721311475409,0.13114754098360656,0.0
P460514,304,4.375,0.8552631578947368,0.6985441827939616,405.9407894736842,0.22039473684210525,11,55,73,117,58,54,30,0,5,187,64,0.019736842105263157,0.5296052631578947,0.1118421052631579,0.11842105263157894,0.0
P474825,304,4.496710526315789,0.8914473684210527,0.7889210677718463,393.88157894736844,0.16447368421052633,28,28,58,33,22,63,4,55,23,134,118,0.02631578947368421,0.569078947368421,0.14802631578947367,0.09210526315789473,0.0
P432823,304,4.128289473684211,0.7960526315789473,0.6919886176801445,292.11513157894734,0.1513157894736842,0,2,13,5,0,3,3,6,0,89,65,0.046052631578947366,0.506578947368421,0.15460526315789475,0.14144736842105263,0.0
P469537,302,4.701986754966887,0.9437086092715232,0.4294471777975559,421.0,0.22185430463576158,17,17,97,38,72,21,6,29,12,146,58,0.029801324503311258,0.609271523178808,0.08940397350993377,0.04966887417218543,0.0
P454100,302,4.26158940397351,0.8178807947019867,0.8184506120332052,378.3675496688742,0.16556291390728478,1,10,19,38,13,110,55,1,6,122,102,0.013245033112582781,0.5298013245033113,0.1456953642384106,0.1456953642384106,0.0
P430818,302,4.1092715231788075,0.7748344370860927,0.7315123557563751,314.33112582781456,0.19536423841059603,23,50,147,82,12,29,36,41,52,122,57,0.023178807947019868,0.5397350993377483,0.1456953642384106,0.09602649006622517,0.0
P464245,301,4.498338870431894,0.920265780730897,0.810876624924796,348.6112956810631,0.18272425249169436,8,19,117,85,79,55,49,1,1,168,81,0.006644518272425249,0.6245847176079734,0.10631229235880399,0.07973421926910298,0.0
P501581,300,4.176666666666667,0.8366666666666667,0.856271044774489,331.66,0.06666666666666667,1,18,77,91,179,30,17,0,1,191,34,0.023333333333333334,0.5366666666666666,0.11666666666666667,0.25666666666666665,0.0
P440482,300,3.77,0.7,0.7485375582914928,231.25666666666666,0.19,1,19,58,45,72,37,30,5,8,71,38,0.016666666666666666,0.5033333333333333,0.13,0.16,0.0
P449188,300,3.9766666666666666,0.7266666666666667,0.874333067288186,351.43333333333334,0.22666666666666666,15,93,62,53,43,54,51,21,15,113,62,0.006666666666666667,0.49,0.12333333333333334,0.15333333333333332,0.0
P483664,300,4.513333333333334,0.9,0.6588482066341068,413.71666666666664,0.19333333333333333,33,86,127,74,118,39,22,54,18,224,53,0.03333333333333333,0.5666666666666667,0.15333333333333332,0.05333333333333334,0.0
P474332,300,4.403333333333333,0.9166666666666666,0.8064566241069273,357.60333333333335,0.17666666666666667,21,26,76,34,33,32,28,34,55,158,103,0.013333333333333334,0.5533333333333333,0.15333333333333332,0.10333333333333333,0.0
P504639,300,4.526666666666666,0.8933333333333333,0.7007073214543718,301.9,0.23666666666666666,8,9,28,13,8,8,1,2,2,64,67,0.02,0.5033333333333333,0.16,0.08,0.0
P504421,300,4.81,0.9833333333333333,0.4444444154699643,288.58,0.2633333333333333,14,31,186,108,27,18,9,19,15,176,45,0.05,0.4766666666666667,0.15666666666666668,0.05333333333333334,0.0
P504429,300,4.81,0.9833333333333333,0.75,302.0833333333333,0.29333333333333333,37,22,196,95,35,33,11,49,44,149,61,0.02666666666666667,0.4766666666666667,0.15666666666666668,0.04666666666666667,0.0
P482269,300,4.7,0.95,0.7412868598593941,349.0233333333333,0.25666666666666665,100,75,116,29,76,29,13,34,26,166,42,0.02,0.5133333333333333,0.14333333333333334,0.06666666666666667,0.0
P500894,299,4.642140468227424,0.959866220735786,0.875439700531474,347.68896321070235,0.21739130434782608,10,38,145,79,78,46,33,13,19,174,45,0.010033444816053512,0.5551839464882943,0.11371237458193979,0.10367892976588629,0.0
P430903,299,3.725752508361204,0.6755852842809364,0.7821369687660357,330.7190635451505,0.24414715719063546,3,29,89,40,56,26,35,17,72,118,57,0.006688963210702341,0.5250836120401338,0.12709030100334448,0.09698996655518395,0.0
P469118,299,4.688963210702341,0.959866220735786,0.7531249998853757,391.9397993311037,0.3076923076923077,7,91,148,181,48,37,23,37,7,165,62,0.0033444816053511705,0.5183946488294314,0.13377926421404682,0.03678929765886288,0.0
P467630,298,4.6375838926174495,0.9261744966442953,0.818204159617424,434.3154362416107,0.17785234899328858,9,52,84,18,68,34,2,49,6,130,118,,0.5939597315436241,0.12080536912751678,0.10738255033557047,0.0
P380000,298,4.315436241610739,0.8947368421052632,0.8863778358600178,359.19463087248323,0.09395973154362416,43,104,200,64,142,37,32,33,18,160,37,0.05704697986577181,0.6208053691275168,0.15100671140939598,0.07718120805369127,0.0
P409630,298,4.177852348993288,0.8461538461538461,0.8113060065490358,262.8255033557047,0.09731543624161074,0,0,36,17,7,7,1,1,2,81,101,0.4161073825503356,0.3221476510067114,0.09731543624161074,0.06711409395973154,0.0
P467617,297,4.508417508417509,0.9225589225589226,0.822063932141054,360.8619528619529,0.09427609427609428,4,23,88,83,28,63,239,3,2,51,162,0.010101010101010102,0.6666666666666666,0.09764309764309764,0.13131313131313133,0.0
P435209,297,4.447811447811448,0.9326599326599326,0.6050800873587528,431.12794612794613,0.18855218855218855,0,27,57,39,17,54,16,6,19,177,79,0.010101010101010102,0.5589225589225589,0.16498316498316498,0.07744107744107744,0.0
P455900,296,4.398648648648648,0.8682432432432432,0.7863460273171464,276.7635135135135,0.2702702702702703,43,100,85,89,12,27,35,45,9,99,60,0.016891891891891893,0.46283783783783783,0.14864864864864866,0.10135135135135136,0.0
P455365,296,4.135135135135135,0.793918918918919,0.8173648340757503,251.09121621621622,0.1891891891891892,44,82,208,63,37,33,34,24,21,127,51,0.016891891891891893,0.5506756756756757,0.09797297297297297,0.14527027027027026,0.0
P480447,295,4.566101694915254,0.9084745762711864,0.8701519565148788,334.42033898305084,0.22372881355932203,41,45,239,82,54,41,29,33,16,182,42,0.030508474576271188,0.5322033898305085,0.1288135593220339,0.0847457627118644,0.0
P454389,294,3.9047619047619047,0.5925925925925926,0.7800357599274903,267.08843537414964,0.16666666666666666,10,111,16,17,75,31,10,13,36,61,53,0.20068027210884354,0.41496598639455784,0.16666666666666666,0.05102040816326531,0.0
P501282,293,4.699658703071672,0.9692832764505119,0.8349426476394429,305.17747440273035,0.19112627986348124,65,42,228,33,46,53,23,34,16,175,42,0.04778156996587031,0.49146757679180886,0.15699658703071673,0.11262798634812286,0.0
P501321,293,4.832764505119454,0.9726962457337884,0.8585687519311905,330.7133105802048,0.20136518771331058,47,69,63,21,67,27,16,15,7,135,38,0.0034129692832764505,0.5460750853242321,0.13651877133105803,0.11262798634812286,0.0
P460513,292,4.575342465753424,0.8904109589041096,0.6963000493031917,394.69520547945206,0.25,20,48,143,105,52,35,19,17,30,147,51,0.02054794520547945,0.4828767123287671,0.1232876712328767,0.1232876712328767,0.0
P436891,292,3.547945205479452,0.6404109589041096,0.825495927955935,255.82534246575344,0.2226027397260274,0,2,12,3,1,3,3,12,0,118,46,0.017123287671232876,0.476027397260274,0.1678082191780822,0.11643835616438356,0.0
P443838,291,4.391752577319588,0.8831615120274914,0.8390019885131291,311.07560137457045,0.11683848797250859,4,29,25,42,30,75,65,6,12,102,89,0.013745704467353952,0.5773195876288659,0.10652920962199312,0.18556701030927836,0.0
P456572,291,4.0687285223367695,0.8006872852233677,0.7827270298390775,340.8144329896907,0.15807560137457044,15,10,25,12,18,27,8,17,8,58,102,0.01718213058419244,0.49828178694158076,0.18213058419243985,0.14432989690721648,0.0
P423254,291,4.061855670103093,0.7663230240549829,0.7806908638853776,318.83161512027493,0.24054982817869416,1,3,86,49,6,19,2,13,5,89,77,0.020618556701030927,0.4948453608247423,0.15463917525773196,0.08934707903780069,0.0
P500618,290,4.610344827586207,0.9206896551724137,0.802130025110127,338.87931034482756,0.19655172413793104,5,10,24,80,115,53,10,0,3,198,28,0.02413793103448276,0.5551724137931034,0.12758620689655173,0.09655172413793103,0.0
P455894,289,4.2387543252595155,0.8200692041522492,0.8074148798426146,330.2768166089965,0.04152249134948097,17,192,185,70,12,38,45,15,4,110,72,0.010380622837370242,0.4809688581314879,0.05190311418685121,0.41522491349480967,0.0
P474333,288,4.3125,0.8854166666666666,0.5183814059322079,391.1354166666667,0.1423611111111111,10,25,41,32,31,61,45,21,43,139,97,0.027777777777777776,0.5590277777777778,0.13194444444444445,0.1388888888888889,0.0
P472302,288,4.756944444444445,0.9583333333333334,0.8648105332355821,346.3298611111111,0.2222222222222222,40,24,68,28,62,45,21,63,40,177,87,0.027777777777777776,0.4791666666666667,0.19444444444444445,0.0763888888888889,0.0
P464241,287,4.40418118466899,0.9163763066202091,0.8712479403790305,297.602787456446,0.11498257839721254,2,13,32,86,18,55,211,4,3,34,168,0.006968641114982578,0.6585365853658537,0.06968641114982578,0.14982578397212543,0.0
P474330,287,4.2543554006968645,0.8606271777003485,0.8032335995273157,358.91637630662024,0.20209059233449478,22,22,21,16,79,55,63,41,41,102,122,0.010452961672473868,0.5679442508710801,0.10801393728222997,0.11149825783972125,0.0
P201439,287,4.167247386759582,0.7796610169491526,0.8582240983941196,325.9965156794425,0.20905923344947736,0,28,39,67,8,114,49,1,0,93,72,0.1951219512195122,0.47735191637630664,0.06620209059233449,0.05226480836236934,0.0
P474826,286,4.461538461538462,0.8986013986013986,0.5672278566030311,334.34965034965035,0.14335664335664336,14,17,37,23,69,50,60,22,16,161,102,0.02097902097902098,0.5979020979020979,0.1048951048951049,0.13286713286713286,0.0
P294018,284,4.47887323943662,0.7878787878787878,0.8465906395763159,338.5633802816901,0.1267605633802817,0,23,12,38,44,88,17,5,13,103,57,0.3380281690140845,0.35563380281690143,0.09859154929577464,0.08098591549295775,0.0
P439927,282,4.372340425531915,0.875886524822695,0.657617742843169,430.51418439716315,0.2127659574468085,0,20,43,59,35,84,81,8,28,121,87,0.0035460992907801418,0.5673758865248227,0.1276595744680851,0.08865248226950355,0.0
P122727,282,4.170212765957447,0.8,0.8040275412185169,280.8262411347518,0.14184397163120568,3,25,71,22,5,34,5,20,2,64,82,0.1950354609929078,0.450354609929078,0.13829787234042554,0.07446808510638298,0.0
P448181,281,3.6156583629893237,0.6405693950177936,0.7942777079343796,436.2313167259787,0.15302491103202848,1,22,10,15,0,23,30,9,0,44,137,0.010676156583629894,0.5765124555160143,0.099644128113879,0.1601423487544484,0.0
P244701,281,4.476868327402135,0.875,0.7035828296814048,345.7864768683274,0.010676156583629894,1,82,21,81,13,46,185,1,0,85,98,0.5658362989323843,0.23843416370106763,0.021352313167259787,0.16370106761565836,0.0
P456988,280,3.7714285714285714,0.7142857142857143,0.7764266462566761,374.6,0.17857142857142858,0,4,48,16,54,14,7,6,18,25,79,0.017857142857142856,0.5,0.19642857142857142,0.10714285714285714,0.0
P504044,279,4.752688172043011,0.9713261648745519,0.7239519991935828,336.38351254480284,0.21505376344086022,8,26,167,78,44,105,15,25,8,185,61,0.05734767025089606,0.5232974910394266,0.14336917562724014,0.06093189964157706,0.0
P450632,278,4.561151079136691,0.920863309352518,0.7776486598589318,303.6546762589928,0.15467625899280577,3,17,26,77,114,55,35,0,0,146,54,0.02158273381294964,0.6007194244604317,0.1223021582733813,0.10071942446043165,0.0
P397623,278,4.539568345323741,0.8917525773195877,0.7963756682502257,268.0863309352518,0.17266187050359713,0,15,141,77,12,54,26,11,16,73,44,0.3237410071942446,0.3669064748201439,0.07553956834532374,0.06115107913669065,0.0
P469439,278,3.870503597122302,0.6906474820143885,0.7568862195611,299.83093525179856,0.18705035971223022,2,9,109,61,64,18,1,5,59,128,35,0.046762589928057555,0.5179856115107914,0.14388489208633093,0.10431654676258993,0.0
P457510,278,4.672661870503597,0.960431654676259,0.7045479002790372,315.5359712230216,0.17985611510791366,1,0,2,2,15,15,1,0,0,73,90,0.03597122302158273,0.5611510791366906,0.1223021582733813,0.10071942446043165,0.0
P467251,278,4.0647482014388485,0.7985611510791367,0.792272968225035,343.71223021582733,0.15827338129496402,2,39,104,41,81,45,57,6,6,110,61,0.02877697841726619,0.5215827338129496,0.09712230215827339,0.19424460431654678,0.0
P476731,278,4.561151079136691,0.920863309352518,0.7776486598589318,303.6546762589928,0.15467625899280577,3,17,26,77,114,55,35,0,0,146,54,0.02158273381294964,0.6007194244604317,0.1223021582733813,0.10071942446043165,0.0
P505049,277,4.8014440433212995,0.9819494584837545,0.04710145041405448,318.44404332129966,0.2563176895306859,40,21,116,34,22,55,2,43,6,143,54,0.01444043321299639,0.5415162454873647,0.12274368231046931,0.06498194945848375,0.0
P475194,277,4.245487364620939,0.8592057761732852,0.7322391121742431,340.98916967509024,0.148014440433213,33,32,40,17,57,50,45,30,63,127,61,0.05054151624548736,0.555956678700361,0.1299638989169675,0.11552346570397112,0.0
P482061,276,4.47463768115942,0.8768115942028986,0.8716126704953381,328.67753623188406,0.22826086956521738,41,50,29,24,31,30,9,20,17,161,57,0.03260869565217391,0.463768115942029,0.17028985507246377,0.10507246376811594,0.0
P402014,276,4.271739130434782,0.71875,0.7887613859067681,483.67028985507244,0.10144927536231885,0,53,68,73,49,69,38,3,0,140,57,0.4166666666666667,0.33695652173913043,0.06521739130434782,0.07971014492753623,0.0
P404794,276,3.847826086956522,0.6802030456852792,0.7917765855609652,351.3768115942029,0.20652173913043478,6,88,113,121,48,25,23,29,6,78,52,0.3007246376811594,0.358695652173913,0.09420289855072464,0.03985507246376811,0.0
P479340,274,4.521897810218978,0.9087591240875912,0.767964962640634,342.1094890510949,0.15693430656934307,6,35,36,16,18,66,19,9,12,92,73,0.029197080291970802,0.5620437956204379,0.16058394160583941,0.09124087591240876,0.0
P479692,273,4.7032967032967035,0.9523809523809523,0.6221088262704703,330.35897435897436,0.21245421245421245,30,13,69,29,8,26,1,27,8,123,82,0.03296703296703297,0.5164835164835165,0.13186813186813187,0.10622710622710622,0.0
P9939,272,4.3088235294117645,0.8088235294117647,0.6530508944776161,270.76838235294116,0.08088235294117647,0,21,51,57,53,24,41,15,11,102,51,0.23897058823529413,0.5147058823529411,0.10661764705882353,0.058823529411764705,0.0
P482006,271,4.3837638376383765,0.8560885608856088,0.7161472664250956,298.06642066420665,0.1070110701107011,56,53,178,38,76,35,14,28,47,163,33,0.02952029520295203,0.6014760147601476,0.12915129151291513,0.13284132841328414,0.0
P439643,271,3.6309963099630997,0.6605166051660517,0.7453618211663358,342.5239852398524,0.17712177121771217,13,45,152,51,10,35,43,10,12,101,60,0.0036900369003690036,0.5461254612546126,0.12546125461254612,0.14760147601476015,0.0
P475086,271,4.638376383763838,0.948339483394834,0.7359336897975108,414.54243542435427,0.1992619926199262,68,55,215,41,64,36,22,45,54,166,56,0.0036900369003690036,0.5498154981549815,0.15498154981549817,0.09225092250922509,0.0
P475159,271,4.398523985239852,0.8966789667896679,0.7702069612694722,313.73062730627305,0.1033210332103321,31,31,48,19,73,82,27,21,22,96,96,,0.6974169741697417,0.1070110701107011,0.09225092250922509,0.0
P122782,270,4.296296296296297,0.7894736842105263,0.8243710635524047,252.8037037037037,0.18518518518518517,3,12,74,64,20,9,1,3,24,85,42,0.2074074074074074,0.45925925925925926,0.08518518518518518,0.06296296296296296,0.0
P504433,270,4.707407407407407,0.9666666666666667,0.6519505675380112,318.2962962962963,0.2,30,10,65,16,36,29,12,40,23,150,67,0.022222222222222223,0.5481481481481482,0.13333333333333333,0.0962962962962963,0.0
P385631,268,4.332089552238806,0.8677685950413223,0.757678939640977,319.02985074626866,0.022388059701492536,3,118,120,48,16,23,55,11,6,61,55,0.31343283582089554,0.3880597014925373,0.041044776119402986,0.23507462686567165,0.0
P459129,268,4.817164179104478,0.9626865671641791,0.6501833359534676,210.8992537313433,0.1455223880597015,7,8,34,5,1,23,1,8,2,52,76,0.04477611940298507,0.5410447761194029,0.19776119402985073,0.0708955223880597,0.0
P462747,267,3.947565543071161,0.7378277153558053,0.7940926677707968,382.7116104868914,0.08614232209737828,0,51,18,69,91,34,141,0,0,109,71,,0.5468164794007491,0.11610486891385768,0.250936329588015,0.0
P479351,267,4.378277153558052,0.8614232209737828,0.666271518966923,356.14606741573033,0.3445692883895131,41,83,130,86,42,28,18,54,16,111,50,0.056179775280898875,0.40074906367041196,0.15355805243445692,0.0449438202247191,0.0
P429954,267,3.947565543071161,0.7378277153558053,0.7940926677707968,382.7116104868914,0.08614232209737828,0,51,18,69,91,34,141,0,0,109,71,,0.5468164794007491,0.11610486891385768,0.250936329588015,0.0
P504309,267,4.441947565543071,0.8913857677902621,0.8814192350004234,300.7865168539326,0.49063670411985016,66,32,51,43,29,16,5,15,14,125,43,0.02247191011235955,0.2247191011235955,0.24344569288389514,0.018726591760299626,0.0
P468640,267,4.580524344569288,0.9363295880149812,0.6579979985584448,361.5917602996255,0.15730337078651685,53,105,109,25,104,32,20,21,24,124,32,0.00749063670411985,0.5468164794007491,0.17228464419475656,0.11610486891385768,0.0
P424378,267,4.239700374531835,0.8239700374531835,0.8291348703921988,295.29213483146066,0.23595505617977527,10,67,88,85,9,35,59,40,4,71,40,0.00749063670411985,0.5056179775280899,0.13857677902621723,0.11235955056179775,0.0
P464234,267,4.50187265917603,0.9250936329588015,0.8039188939881953,381.2434456928839,0.14606741573033707,15,25,22,30,31,48,106,24,9,150,119,0.003745318352059925,0.5468164794007491,0.18352059925093633,0.1198501872659176,0.0
P502326,266,4.80827067669173,0.9774436090225563,0.7402380990982056,320.40977443609023,0.22180451127819548,44,70,151,39,74,33,22,26,10,142,36,0.03759398496240601,0.5150375939849624,0.15413533834586465,0.07142857142857142,0.0
P454095,266,4.026315789473684,0.7481203007518797,0.7153689997413983,383.2631578947368,0.14661654135338345,3,56,41,74,59,41,9,0,5,151,68,0.015037593984962405,0.6466165413533834,0.09398496240601503,0.09774436090225563,0.0
P469510,264,4.553030303030303,0.9015151515151515,0.7625791004624977,398.90909090909093,0.1856060606060606,10,18,48,32,18,75,46,20,11,90,97,0.015151515151515152,0.5340909090909091,0.12121212121212122,0.14393939393939395,0.0
P296413,264,4.268939393939394,0.7068965517241379,0.8380657424877959,299.10227272727275,0.14772727272727273,0,26,29,97,49,60,41,0,1,113,53,0.24621212121212122,0.4166666666666667,0.11363636363636363,0.07575757575757576,0.0
P455613,262,4.320610687022901,0.816793893129771,0.7182147918995154,447.7557251908397,0.17938931297709923,11,21,78,31,46,50,5,43,9,120,88,0.026717557251908396,0.5381679389312977,0.183206106870229,0.07251908396946564,0.0
P484067,262,4.8396946564885495,0.9847328244274809,0.5348710001824977,325.7022900763359,0.1984732824427481,56,70,92,83,33,74,32,43,9,146,42,0.030534351145038167,0.549618320610687,0.13358778625954199,0.08778625954198473,0.0
P470058,262,4.438931297709924,0.8778625954198473,0.8507389342613357,364.50763358778624,0.17938931297709923,38,60,35,9,68,16,7,38,43,111,26,0.022900763358778626,0.5763358778625954,0.12213740458015267,0.09923664122137404,0.0
P417867,260,4.188461538461539,0.7666666666666667,0.7514283287261302,364.85769230769233,0.28076923076923077,15,44,144,93,29,42,40,24,17,120,45,0.07692307692307693,0.4576923076923077,0.13846153846153847,0.046153846153846156,0.0
P433143,260,4.1923076923076925,0.823076923076923,0.8044858847345625,348.4769230769231,0.11923076923076924,13,32,17,54,11,28,201,7,7,56,120,0.015384615384615385,0.5538461538461539,0.12692307692307692,0.18461538461538463,0.0
P464235,260,4.476923076923077,0.9461538461538461,0.5687074895415988,326.90384615384613,0.11923076923076924,29,55,56,18,38,36,29,33,12,136,82,0.011538461538461539,0.6230769230769231,0.16153846153846155,0.08461538461538462,0.0
P501781,260,4.5807692307692305,0.9076923076923077,0.7900691444600992,318.9153846153846,0.17692307692307693,22,23,28,20,12,18,21,1,2,101,71,0.046153846153846156,0.5269230769230769,0.13846153846153847,0.11153846153846154,0.0
P462891,259,4.532818532818533,0.9073359073359073,0.8179965762127387,334.97297297297297,0.14285714285714285,19,27,53,23,95,35,35,26,26,131,57,0.003861003861003861,0.6138996138996139,0.1274131274131274,0.11196911196911197,0.0
P503747,259,4.552123552123552,0.9459459459459459,0.5614692319820567,353.18918918918916,0.13127413127413126,1,57,19,42,45,47,15,1,5,117,67,0.10810810810810811,0.5173745173745173,0.16216216216216217,0.08108108108108109,0.0
P500716,258,4.8023255813953485,0.9806201550387597,0.6315789457998777,362.51937984496124,0.21705426356589147,10,15,77,23,14,22,7,18,2,115,81,0.015503875968992248,0.5155038759689923,0.16279069767441862,0.08914728682170543,0.0
P483692,257,4.501945525291829,0.8832684824902723,0.7365508369497351,297.408560311284,0.24124513618677043,15,34,126,41,64,24,5,23,10,187,54,0.03501945525291829,0.5097276264591439,0.1556420233463035,0.058365758754863814,0.0
P483708,257,4.501945525291829,0.8832684824902723,0.7365508369497351,297.408560311284,0.24124513618677043,15,34,126,41,64,24,5,23,10,187,54,0.03501945525291829,0.5097276264591439,0.1556420233463035,0.058365758754863814,0.0
P461667,257,4.171206225680934,0.8054474708171206,0.8199886584823782,309.8093385214008,0.14396887159533073,2,42,1,13,37,32,8,1,3,61,60,0.019455252918287938,0.5330739299610895,0.13229571984435798,0.17120622568093385,0.0
P480629,257,4.217898832684825,0.8443579766536965,0.8051341199316084,348.7976653696498,0.1556420233463035,41,13,25,13,85,56,94,21,20,94,98,0.054474708171206226,0.5214007782101168,0.13229571984435798,0.13618677042801555,0.0
P442752,255,4.180392156862745,0.8,0.8049137522776921,356.12549019607843,0.2235294117647059,1,13,41,20,25,40,49,19,28,72,76,0.00392156862745098,0.5529411764705883,0.14901960784313725,0.07058823529411765,0.0
P478731,255,4.631372549019608,0.9450980392156862,0.7243886767671659,335.7607843137255,0.17647058823529413,15,9,32,33,23,65,27,13,15,131,79,0.01568627450980392,0.5254901960784314,0.19215686274509805,0.09019607843137255,0.0
P467973,254,4.208661417322834,0.8070866141732284,0.8355113545743128,331.13385826771656,0.1968503937007874,5,28,87,20,17,41,0,18,6,84,75,0.011811023622047244,0.5511811023622047,0.16141732283464566,0.07874015748031496,0.0
P38217,254,4.464566929133858,0.8620689655172413,0.7777612488213423,283.8582677165354,0.1889763779527559,0,28,39,87,29,35,39,0,1,103,48,0.14960629921259844,0.452755905511811,0.14960629921259844,0.05905511811023622,0.0
P447785,253,3.822134387351779,0.7233201581027668,0.8635165267925469,301.72332015810275,0.2134387351778656,30,23,85,28,20,38,0,29,4,97,58,0.007905138339920948,0.5533596837944664,0.13043478260869565,0.09486166007905138,0.0
P481096,253,4.4940711462450595,0.8774703557312253,0.7019172110171481,380.9169960474308,0.233201581027668,22,17,46,20,125,54,28,39,22,110,80,0.039525691699604744,0.5296442687747036,0.11857707509881422,0.07905138339920949,0.0
P91627362,253,4.177865612648222,0.8063241106719368,0.8196422799315515,310.3399209486166,0.1422924901185771,2,41,1,13,37,31,7,1,3,60,59,0.019762845849802372,0.5335968379446641,0.13438735177865613,0.16996047430830039,0.0
P107306,253,4.031620553359684,0.7088607594936709,0.7863085042232665,307.2687747035573,0.15810276679841898,1,6,62,15,6,29,2,13,0,51,93,0.20948616600790515,0.43873517786561267,0.1067193675889328,0.08695652173913043,0.0
P501190,252,4.7936507936507935,0.9563492063492064,0.9013368515591872,332.60714285714283,0.626984126984127,25,31,153,98,63,49,10,39,15,162,54,0.01984126984126984,0.19444444444444445,0.14682539682539683,0.011904761904761904,0.0
P471039,252,4.166666666666667,0.8253968253968254,0.6101937027268328,277.42063492063494,0.17857142857142858,0,0,4,51,30,27,179,0,1,30,120,0.06349206349206349,0.5079365079365079,0.1111111111111111,0.1388888888888889,0.0
P501243,251,4.059760956175299,0.8047808764940239,0.8227697347601255,394.23107569721117,0.11952191235059761,5,21,30,30,61,60,37,12,25,117,111,,0.649402390438247,0.13147410358565736,0.099601593625498,0.0
P458546,251,4.597609561752988,0.9243027888446215,0.4922010449280266,474.77290836653384,0.17131474103585656,37,55,150,46,68,17,14,26,38,144,69,0.02390438247011952,0.5776892430278885,0.11952191235059761,0.10756972111553785,0.0
P420143,250,3.916,0.7142857142857143,0.7294214390218258,375.096,0.092,0,30,13,52,107,50,84,0,10,77,80,0.384,0.328,0.08,0.116,0.0
P504028,249,3.9879518072289155,0.8152610441767069,0.7671559640589882,360.44176706827307,0.10441767068273092,15,28,62,15,30,39,2,35,42,106,85,0.008032128514056224,0.6024096385542169,0.1646586345381526,0.12048192771084337,0.0
P500098,248,3.403225806451613,0.5887096774193549,0.7266666670640309,354.26612903225805,0.11290322580645161,1,75,28,34,80,23,16,0,11,126,59,0.03225806451612903,0.5483870967741935,0.0846774193548387,0.2217741935483871,0.0
P442753,247,4.198380566801619,0.8178137651821862,0.7765507630340243,376.73279352226723,0.17813765182186234,3,6,27,11,6,14,12,14,7,58,119,0.03643724696356275,0.5303643724696356,0.145748987854251,0.10931174089068826,0.0
P474824,247,4.728744939271255,0.9676113360323887,0.8061665132259711,365.4331983805668,0.15789473684210525,9,20,52,27,58,51,13,23,19,122,101,0.02834008097165992,0.6153846153846154,0.11336032388663968,0.08502024291497975,0.0
P435975,247,3.659919028340081,0.6356275303643725,0.7873078546625503,282.8987854251012,0.22267206477732793,5,45,104,54,54,24,17,15,4,89,33,0.020242914979757085,0.5506072874493927,0.145748987854251,0.06072874493927125,0.0
P405826,247,4.190283400809717,0.8235294117647058,0.7602367206905665,410.12145748987854,0.09716599190283401,0,1,0,3,11,5,11,0,0,69,47,0.4251012145748988,0.3157894736842105,0.0931174089068826,0.06882591093117409,0.0
P483658,246,4.487804878048781,0.9105691056910569,0.5757391028331987,335.1056910569106,0.23170731707317074,44,69,27,25,62,70,21,20,36,96,43,0.02032520325203252,0.5203252032520326,0.11788617886178862,0.10975609756097561,0.0
P480160,245,4.640816326530612,0.9306122448979591,0.7007968715110491,423.50204081632654,0.18775510204081633,10,54,142,49,110,23,22,44,14,142,46,0.036734693877551024,0.5510204081632653,0.13877551020408163,0.08571428571428572,0.0
P442757,245,4.228571428571429,0.8204081632653061,0.8321929317559296,322.71836734693875,0.3795918367346939,2,41,108,71,96,34,34,30,1,66,47,,0.44081632653061226,0.12244897959183673,0.05714285714285714,0.0
P379907,245,4.453061224489796,0.9655172413793104,0.82619380024927,437.51428571428573,0.02857142857142857,13,87,85,65,24,24,62,49,1,89,77,0.8775510204081632,0.06938775510204082,0.02040816326530612,0.004081632653061225,0.0
P469530,245,4.559183673469388,0.9142857142857143,0.8580553639188128,321.48571428571427,0.13877551020408163,1,23,22,73,17,39,108,3,1,124,60,0.0163265306122449,0.5918367346938775,0.11020408163265306,0.14285714285714285,0.0
P417984,244,4.024590163934426,0.7333333333333333,0.7547802209663086,317.4918032786885,0.18442622950819673,21,75,144,82,15,29,32,21,51,109,43,0.20901639344262296,0.4057377049180328,0.09836065573770492,0.10245901639344263,0.0
P455899,244,4.209016393442623,0.7909836065573771,0.804374499948787,329.2418032786885,0.26639344262295084,33,26,116,51,9,39,39,34,29,110,59,,0.47950819672131145,0.13114754098360656,0.12295081967213115,0.0
P473725,243,4.810699588477366,0.9753086419753086,0.6976193523123151,290.0329218106996,0.1934156378600823,1,8,21,23,11,83,35,0,1,91,57,0.02880658436213992,0.49382716049382713,0.1728395061728395,0.1111111111111111,0.0
P500114,243,4.065843621399177,0.8106995884773662,0.7407407407407407,304.0205761316872,0.10699588477366255,8,42,76,37,86,61,31,7,19,104,65,0.024691358024691357,0.5596707818930041,0.09053497942386832,0.21810699588477367,0.0
P442850,242,4.161157024793388,0.8057851239669421,0.7725141721663715,331.35537190082647,0.26859504132231404,4,20,82,38,23,46,28,9,3,88,69,,0.512396694214876,0.10743801652892562,0.1115702479338843,0.0
P379711,241,3.4232365145228214,0.5379310344827586,0.7146274745464325,388.3402489626556,0.17842323651452283,1,20,46,17,168,28,27,20,5,70,70,0.13692946058091288,0.49377593360995853,0.14107883817427386,0.04979253112033195,0.0
P500094,241,4.124481327800829,0.8174273858921162,0.6,295.7842323651452,0.11203319502074689,45,81,190,44,85,36,22,26,28,135,36,0.03734439834024896,0.5435684647302904,0.0912863070539419,0.2157676348547718,0.0
P472057,241,4.365145228215767,0.8589211618257261,0.8124850754455853,365.9128630705394,0.21161825726141079,5,1,0,19,0,57,6,1,0,98,48,0.02074688796680498,0.5145228215767634,0.11203319502074689,0.14107883817427386,0.0
P400205,241,4.352697095435684,0.8031914893617021,0.8333902194933162,371.7883817427386,0.1991701244813278,15,56,82,44,137,36,42,43,3,89,33,0.22821576763485477,0.3900414937759336,0.12033195020746888,0.06224066390041494,0.0
P462339,241,4.639004149377594,0.9087136929460581,0.707093727152059,392.3817427385892,0.1037344398340249,21,42,93,33,50,16,2,20,16,111,53,,0.5726141078838174,0.11203319502074689,0.21161825726141079,0.0
P433453,241,2.887966804979253,0.45643153526970953,0.7446537252242972,395.04564315352695,0.14522821576763487,0,6,8,33,0,11,24,3,0,55,78,0.02074688796680498,0.5975103734439834,0.12033195020746888,0.11618257261410789,0.0
P503992,241,4.8796680497925315,0.983402489626556,0.8863095283508301,332.02904564315355,0.27385892116182575,14,27,30,55,45,37,9,0,1,135,52,0.03319502074688797,0.5062240663900415,0.14107883817427386,0.04564315352697095,0.0
P503197,240,4.879166666666666,0.9708333333333333,0.9379099761738496,406.20416666666665,0.2125,5,15,101,69,47,42,11,1,1,196,33,0.03333333333333333,0.5,0.15833333333333333,0.09583333333333334,0.0
P471227,240,4.466666666666667,0.8666666666666667,0.6138617157513369,416.7625,0.19166666666666668,11,63,90,42,94,31,33,48,16,135,66,0.016666666666666666,0.6041666666666666,0.11666666666666667,0.07083333333333333,0.0
P429662,239,3.8870292887029287,0.7489539748953975,0.7497700533810878,339.67782426778246,0.13389121338912133,0,24,10,41,114,32,28,1,0,68,109,0.008368200836820083,0.6359832635983264,0.0502092050209205,0.17154811715481172,0.0
P398761,239,4.338912133891213,0.8466666666666667,0.7918972935565193,364.68200836820085,0.17154811715481172,0,13,24,46,3,112,77,0,1,70,68,0.3723849372384937,0.3598326359832636,0.058577405857740586,0.03765690376569038,0.0
P296415,239,4.380753138075314,0.68,0.7765523242205381,376.11297071129707,0.13807531380753138,6,65,73,54,26,27,45,27,2,93,55,0.32217573221757323,0.34309623430962344,0.1297071129707113,0.06694560669456066,0.0
P457442,238,3.323529411764706,0.5966386554621849,0.7454993947686857,280.92857142857144,0.18487394957983194,5,10,36,16,53,17,28,14,20,62,56,0.008403361344537815,0.5378151260504201,0.15966386554621848,0.1092436974789916,0.0
P469519,238,4.73109243697479,0.9495798319327731,0.8622536061689107,298.6764705882353,0.2689075630252101,17,18,107,84,21,38,24,20,10,141,35,0.02100840336134454,0.4789915966386555,0.16806722689075632,0.06302521008403361,0.0
P232327,238,3.9705882352941178,0.589041095890411,0.8183617461362535,308.4957983193277,0.15966386554621848,6,108,33,31,28,44,52,19,11,53,43,0.1722689075630252,0.46218487394957986,0.10084033613445378,0.10504201680672269,0.0
P427405,238,4.319327731092437,0.8613445378151261,0.7903645856950049,322.7268907563025,0.21008403361344538,1,14,52,27,5,18,25,11,23,62,68,,0.5210084033613446,0.1638655462184874,0.10504201680672269,0.0
P458724,238,4.474789915966387,0.8907563025210085,0.8361924139989747,287.6512605042017,0.2184873949579832,1,1,6,4,0,19,7,3,0,41,52,0.05042016806722689,0.5042016806722689,0.13445378151260504,0.09243697478991597,0.0
P462829,237,3.6413502109704643,0.6244725738396625,0.7245566614326977,392.27848101265823,0.2320675105485232,0,24,23,65,46,34,31,0,7,133,49,0.016877637130801686,0.4936708860759494,0.1308016877637131,0.12658227848101267,0.0
P6028,236,4.305084745762712,0.7592592592592593,0.8298259496438403,296.8771186440678,0.211864406779661,0,18,11,52,24,90,24,1,3,88,62,0.2669491525423729,0.3474576271186441,0.11440677966101695,0.059322033898305086,0.0
P503867,234,4.581196581196581,0.9786324786324786,0.2990338106950124,438.14529914529913,0.24786324786324787,20,20,57,33,60,75,14,36,7,105,83,0.03418803418803419,0.47863247863247865,0.13675213675213677,0.10256410256410256,0.0
P501169,234,4.5256410256410255,0.8760683760683761,0.7359252923371776,332.1923076923077,0.18376068376068377,19,13,23,14,70,49,20,32,33,100,87,0.029914529914529916,0.5341880341880342,0.16666666666666666,0.08547008547008547,0.0
P433973,230,4.721739130434782,0.9478260869565217,0.8014376893639564,301.11304347826086,0.12608695652173912,1,15,31,33,33,56,24,5,1,127,54,0.0391304347826087,0.5434782608695652,0.1826086956521739,0.10869565217391304,0.0
P503827,229,4.751091703056769,0.9517543859649122,0.7135607986073745,335.87772925764193,0.13100436681222707,12,9,30,29,22,113,31,25,11,119,74,0.519650655021834,0.27510917030567683,0.043668122270742356,0.03056768558951965,0.0
P481748,229,4.406113537117904,0.925764192139738,0.7397619126098497,426.8340611353712,0.18340611353711792,23,59,143,50,115,29,28,26,15,132,30,0.039301310043668124,0.49344978165938863,0.17903930131004367,0.10480349344978165,0.0
P392945,229,3.982532751091703,0.7291666666666666,0.7529508464590267,413.8122270742358,0.16593886462882096,4,16,43,29,99,33,57,12,25,58,102,0.3624454148471616,0.3231441048034934,0.0611353711790393,0.08733624454148471,0.0
P474326,229,3.7860262008733625,0.6550218340611353,0.7003809043765068,323.46724890829694,0.2663755458515284,28,47,144,67,70,40,25,27,6,126,23,0.026200873362445413,0.4585152838427948,0.20087336244541484,0.048034934497816595,0.0
P461935,229,4.423580786026201,0.9170305676855895,0.8368251285491846,485.03930131004364,0.1965065502183406,3,1,3,7,0,7,3,2,3,83,129,0.013100436681222707,0.5895196506550219,0.11790393013100436,0.08296943231441048,0.0
P481367,228,4.074561403508772,0.7631578947368421,0.8612580902197144,305.1666666666667,0.20175438596491227,2,1,56,12,58,9,1,1,50,84,16,0.04824561403508772,0.47368421052631576,0.15350877192982457,0.12280701754385964,0.0
P442759,228,4.412280701754386,0.8640350877192983,0.8506752020040436,323.35087719298247,0.27631578947368424,20,29,100,62,4,36,50,20,32,94,46,0.0043859649122807015,0.5350877192982456,0.11842105263157894,0.06578947368421052,0.0
P443837,227,4.308370044052864,0.8502202643171806,0.7465748987704902,250.23788546255506,0.10572687224669604,3,28,21,72,17,44,43,9,1,106,51,0.013215859030837005,0.6123348017621145,0.05726872246696035,0.21145374449339208,0.0
P405944,227,3.1762114537444934,0.4429530201342282,0.7334611018796167,388.3832599118943,0.14977973568281938,10,34,22,29,20,57,18,18,10,44,46,0.20704845814977973,0.44493392070484583,0.13656387665198239,0.06167400881057269,0.0
P468396,226,4.438053097345133,0.8982300884955752,0.27450745149894995,357.4778761061947,0.14601769911504425,21,31,57,18,70,19,14,36,31,136,51,,0.5796460176991151,0.14601769911504425,0.12831858407079647,0.0
P500039,226,4.6902654867256635,0.9469026548672567,0.7559932364658876,362.5353982300885,0.22566371681415928,44,28,69,5,69,14,1,63,33,153,79,0.008849557522123894,0.5176991150442478,0.17256637168141592,0.0752212389380531,0.0
P122876,226,4.384955752212389,0.8214285714285714,0.7747012269847533,281.9026548672566,0.01327433628318584,0,125,33,55,21,29,76,4,2,51,56,0.16371681415929204,0.20353982300884957,0.022123893805309734,0.5973451327433629,0.0
P422257,226,4.287610619469026,0.8165137614678899,0.8169144629077478,341.283185840708,0.1592920353982301,1,35,22,51,59,46,36,0,0,85,46,0.04424778761061947,0.5398230088495575,0.11504424778761062,0.1415929203539823,0.0
P423135,226,4.65929203539823,0.9513274336283186,0.8614142070401389,394.5973451327434,0.23893805309734514,6,70,143,117,23,19,31,42,7,117,38,0.017699115044247787,0.5398230088495575,0.07964601769911504,0.12389380530973451,0.0
P477492,225,4.542222222222223,0.9244444444444444,0.8148919746745378,363.73777777777775,0.2311111111111111,21,29,130,43,104,25,9,44,25,162,29,0.03111111111111111,0.52,0.10666666666666667,0.1111111111111111,0.0
P483127,225,4.7555555555555555,0.9644444444444444,0.8037698734890331,373.7911111111111,0.17333333333333334,26,7,30,29,20,94,34,21,12,118,81,0.06222222222222222,0.5155555555555555,0.12,0.1288888888888889,0.0
P270543,224,4.21875,0.8852459016393442,0.8101099862479696,315.55357142857144,0.17410714285714285,20,70,139,76,40,37,34,28,5,78,47,0.33482142857142855,0.36607142857142855,0.07589285714285714,0.049107142857142856,0.0
P469862,223,4.381165919282512,0.8699551569506726,0.804517638464432,313.0358744394619,0.242152466367713,36,43,167,66,69,29,29,24,9,104,25,0.02242152466367713,0.547085201793722,0.10762331838565023,0.08071748878923767,0.0
P440937,222,4.13963963963964,0.7927927927927928,0.7866219747698668,353.9054054054054,0.19369369369369369,7,42,41,32,60,46,109,12,3,65,53,0.0045045045045045045,0.5765765765765766,0.1036036036036036,0.12162162162162163,0.0
P503690,222,4.752252252252252,0.954954954954955,0.8645833327124516,322.7882882882883,0.527027027027027,33,26,195,132,18,29,14,29,5,154,30,0.07657657657657657,0.24774774774774774,0.12612612612612611,0.02252252252252252,0.0
P475932,221,4.4343891402714934,0.8642533936651584,0.8423686926806724,383.5565610859729,0.18552036199095023,22,13,32,5,37,34,55,20,15,112,82,0.027149321266968326,0.5701357466063348,0.09502262443438914,0.12217194570135746,0.0
P474971,221,4.262443438914027,0.8597285067873304,0.8456130724814203,292.57466063348414,0.12217194570135746,36,70,168,29,67,33,68,17,6,91,35,0.04524886877828054,0.5565610859728507,0.12669683257918551,0.1493212669683258,0.0
P282935,221,4.271493212669683,0.5833333333333334,0.7978911517197604,343.9864253393665,0.18099547511312217,8,35,112,42,27,28,41,32,3,69,55,0.23076923076923078,0.3755656108597285,0.14479638009049775,0.06787330316742081,0.0
P479353,220,4.159090909090909,0.8272727272727273,0.6836359389334418,267.3772727272727,0.33636363636363636,4,15,53,95,34,47,21,0,2,111,47,0.004545454545454545,0.4,0.20454545454545456,0.05454545454545454,0.0
P469511,220,4.531818181818182,0.8863636363636364,0.7522159819862594,412.30454545454546,0.14545454545454545,11,27,26,25,28,37,54,20,18,108,72,0.013636363636363636,0.5863636363636363,0.11818181818181818,0.13636363636363635,0.0
P232902,220,4.1909090909090905,0.8333333333333334,0.7302353006552874,301.42727272727274,0.15454545454545454,3,27,19,76,51,82,45,0,0,75,42,0.23636363636363636,0.45,0.11363636363636363,0.045454545454545456,0.0
P453713,220,4.345454545454546,0.8818181818181818,0.7468498518521135,359.81363636363636,0.20454545454545456,0,0,12,7,5,0,8,2,0,34,52,0.013636363636363636,0.5227272727272727,0.15,0.10909090909090909,0.0
P428240,219,4.3561643835616435,0.8767123287671232,0.8945056537264272,350.8173515981735,0.5205479452054794,44,47,147,108,60,73,33,16,20,108,44,0.0045662100456621,0.3287671232876712,0.0684931506849315,0.0776255707762557,0.0
P479352,219,4.648401826484018,0.9360730593607306,0.5192903580191808,376.9771689497717,0.0958904109589041,11,41,27,28,42,56,30,12,6,143,55,0.0228310502283105,0.5753424657534246,0.1050228310502283,0.2009132420091324,0.0
P500244,218,4.6880733944954125,0.9403669724770642,0.4747483769401175,373.1192660550459,0.2018348623853211,1,0,55,17,6,5,1,2,1,91,63,0.05504587155963303,0.591743119266055,0.08256880733944955,0.06880733944954129,0.0
P481335,216,4.782407407407407,0.9398148148148148,0.7439775348799985,299.38425925925924,0.16203703703703703,3,35,48,18,79,16,32,23,1,85,30,0.05092592592592592,0.5092592592592593,0.18981481481481483,0.08796296296296297,0.0
P482529,216,4.055555555555555,0.7777777777777778,0.7369369195925223,381.8888888888889,0.14351851851851852,9,23,94,39,38,29,17,30,13,105,41,0.009259259259259259,0.5648148148148148,0.1712962962962963,0.1111111111111111,0.0
P474325,216,4.287037037037037,0.8240740740740741,0.7566046918928623,340.787037037037,0.10185185185185185,27,86,122,34,38,32,58,17,6,118,25,0.041666666666666664,0.6296296296296297,0.07407407407407407,0.1527777777777778,0.0
P501213,216,4.467592592592593,0.9398148148148148,0.7736633209460372,354.36574074074076,0.14351851851851852,12,11,45,43,32,85,27,9,4,113,75,0.041666666666666664,0.5787037037037037,0.14814814814814814,0.08796296296296297,0.0
P469507,216,4.75462962962963,0.9583333333333334,0.8583559520587236,349.18055555555554,0.21296296296296297,15,11,40,20,12,60,123,13,1,80,75,0.027777777777777776,0.5370370370370371,0.10185185185185185,0.12037037037037036,0.0
P432831,215,4.26046511627907,0.8,0.8115954358914965,360.2093023255814,0.22325581395348837,13,12,78,41,71,29,27,16,26,113,49,0.013953488372093023,0.5162790697674419,0.17209302325581396,0.07441860465116279,0.0
P407387,215,4.153488372093023,0.8010752688172043,0.7294315878330296,308.74418604651163,0.15348837209302327,0,0,0,0,0,1,2,0,0,74,99,0.09767441860465116,0.4790697674418605,0.11627906976744186,0.15348837209302327,0.0
P476028,214,4.453271028037383,0.8551401869158879,0.8155161561494205,325.8551401869159,0.22897196261682243,19,50,91,44,18,22,51,38,7,98,28,0.02336448598130841,0.49065420560747663,0.14953271028037382,0.10747663551401869,0.0
P480284,212,4.75,0.9811320754716981,0.7650735436416254,446.2688679245283,0.15566037735849056,47,32,73,41,89,16,7,46,33,132,67,0.018867924528301886,0.5754716981132075,0.15566037735849056,0.09433962264150944,0.0
P386739,210,4.095238095238095,0.788235294117647,0.7801954650370649,369.62857142857143,0.16666666666666666,8,18,62,28,51,30,4,33,7,84,51,0.1380952380952381,0.46190476190476193,0.15714285714285714,0.0761904761904762,0.0
P469818,209,4.5311004784688995,0.9234449760765551,0.8379224155780295,351.97607655502395,0.11483253588516747,7,13,26,26,37,55,37,4,5,119,33,0.028708133971291867,0.6076555023923444,0.07655502392344497,0.1722488038277512,0.0
P500055,209,4.679425837320574,0.9186602870813397,0.792448320388794,327.35885167464113,0.19617224880382775,99,50,178,32,52,19,6,27,7,121,36,0.03827751196172249,0.5311004784688995,0.14832535885167464,0.0861244019138756,0.0
P500112,209,4.488038277511961,0.8660287081339713,0.8442793059639815,282.0956937799043,0.19617224880382775,14,39,4,8,84,32,10,4,7,46,10,0.014354066985645933,0.507177033492823,0.1722488038277512,0.11004784688995216,0.0
P471033,209,4.3875598086124405,0.84688995215311,0.656130445752167,353.17224880382776,0.4449760765550239,28,20,117,69,48,21,11,32,64,132,21,0.019138755980861243,0.35406698564593303,0.11961722488038277,0.06220095693779904,0.0
P504644,209,4.339712918660287,0.8325358851674641,0.4011219061083264,535.4880382775119,0.05263157894736842,2,31,68,37,46,25,53,11,3,82,85,0.3492822966507177,0.3875598086124402,0.11004784688995216,0.10047846889952153,0.0
P482552,209,4.631578947368421,0.9282296650717703,0.7213953866992356,328.5933014354067,0.09569377990430622,1,22,14,57,25,35,29,7,0,131,51,0.06698564593301436,0.6028708133971292,0.11004784688995216,0.12440191387559808,0.0
P449541,207,4.314009661835748,0.8792270531400966,0.8542997364886105,428.8888888888889,0.1642512077294686,21,62,102,53,58,32,34,23,15,122,39,0.004830917874396135,0.6618357487922706,0.12560386473429952,0.043478260869565216,0.0
P474809,207,4.608695652173913,0.9178743961352657,0.594837043234097,414.4009661835749,0.24154589371980675,36,11,41,11,70,40,27,35,21,113,73,0.004830917874396135,0.4975845410628019,0.11594202898550725,0.14009661835748793,0.0
P448201,207,4.51207729468599,0.8840579710144928,0.80913288363566,303.8647342995169,0.21739130434782608,8,47,69,27,46,19,7,28,8,87,46,0.00966183574879227,0.5555555555555556,0.13526570048309178,0.0821256038647343,0.0
P385253,207,4.096618357487923,0.7699115044247787,0.727901114380523,335.97584541062804,0.11594202898550725,7,83,121,32,34,21,65,27,3,61,44,0.2028985507246377,0.48792270531400966,0.0966183574879227,0.0966183574879227,0.0
P504043,206,4.815533980582524,0.9660194174757282,0.7825901655963173,340.1067961165049,0.19902912621359223,26,61,116,79,44,21,16,41,10,110,36,0.35436893203883496,0.27184466019417475,0.0970873786407767,0.07766990291262135,0.0
P455898,206,4.524271844660194,0.8980582524271845,0.8347597866523556,365.1067961165049,0.21844660194174756,1,32,51,28,26,20,41,15,12,75,56,0.014563106796116505,0.5485436893203883,0.1262135922330097,0.09223300970873786,0.0
P483136,206,4.597087378640777,0.941747572815534,0.6486399513555736,305.68932038834953,0.22815533980582525,14,11,40,17,20,34,6,14,14,102,62,0.043689320388349516,0.49029126213592233,0.1553398058252427,0.0825242718446602,0.0
P471038,206,4.422330097087379,0.8446601941747572,0.6582988502763251,256.30582524271847,0.18932038834951456,3,2,57,19,57,5,0,1,75,58,2,0.09223300970873786,0.45145631067961167,0.16019417475728157,0.10679611650485436,0.0
P420230,205,4.102439024390244,0.7589743589743589,0.6616951197565321,198.06829268292682,0.22926829268292684,0,9,23,35,31,2,0,0,0,64,43,0.12195121951219512,0.4195121951219512,0.13658536585365855,0.09268292682926829,0.0
P475084,205,4.341463414634147,0.8829268292682927,0.7788461538461539,302.4,0.13658536585365855,21,37,98,19,75,8,9,29,13,96,45,0.004878048780487805,0.5756097560975609,0.17073170731707318,0.11219512195121951,0.0
P416552,205,4.385365853658537,0.8375,0.7748187364557305,328.2829268292683,0.12195121951219512,3,27,44,32,52,19,28,13,3,87,42,0.24878048780487805,0.4292682926829268,0.13658536585365855,0.06341463414634146,0.0
P423134,204,4.176470588235294,0.8333333333333334,0.8280541407756317,317.578431372549,0.14215686274509803,2,27,46,9,42,22,4,21,7,107,59,0.014705882352941176,0.5245098039215687,0.14705882352941177,0.1715686274509804,0.0
P481354,204,4.367647058823529,0.8774509803921569,0.7820559270955898,259.55392156862746,0.17647058823529413,11,44,106,52,69,25,15,11,9,99,25,0.058823529411764705,0.5098039215686274,0.18137254901960784,0.07352941176470588,0.0
P501030,203,4.699507389162561,0.9950738916256158,0.2228162640548614,386.58620689655174,0.21182266009852216,17,10,41,28,73,39,22,33,32,115,42,0.034482758620689655,0.5467980295566502,0.11822660098522167,0.08866995073891626,0.0
P455338,202,4.3316831683168315,0.8514851485148515,0.7982585948705673,478.74257425742576,0.17326732673267325,0,6,68,12,3,38,34,6,7,43,68,0.009900990099009901,0.5346534653465347,0.13366336633663367,0.1485148514851485,0.0
P438637,202,4.0594059405940595,0.7871287128712872,0.7442225269722135,319.5049504950495,0.17326732673267325,1,3,22,12,8,20,0,3,2,59,65,0.024752475247524754,0.5198019801980198,0.19801980198019803,0.08415841584158416,0.0
P473729,201,4.482587064676617,0.8606965174129353,0.6967900847479448,242.86069651741295,0.15920398009950248,11,8,59,41,46,24,14,0,0,107,18,0.04975124378109453,0.4527363184079602,0.19900497512437812,0.13930348258706468,0.0
P470040,201,4.487562189054726,0.8955223880597015,0.7038061406749946,355.14925373134326,0.03482587064676617,37,130,133,19,32,16,33,32,28,111,35,,0.32338308457711445,0.15422885572139303,0.48756218905472637,0.0
P469520,200,4.73,0.945,0.8350130632708345,303.29,0.185,9,30,26,71,28,56,33,0,2,137,43,0.025,0.505,0.165,0.12,0.0
P505139,200,4.83,0.995,0.8571428571428571,347.5,0.195,61,34,113,36,30,13,1,26,4,134,58,0.02,0.545,0.155,0.085,0.0
P505160,200,4.48,0.89,0.6854838700063767,308.32,0.325,55,28,152,42,50,11,5,12,6,131,17,0.015,0.45,0.155,0.055,0.0
P122651,200,4.515,0.868421052631579,0.7673641262309892,235.355,0.375,2,21,31,91,8,54,29,1,0,55,39,0.205,0.32,0.055,0.045,0.0
P423127,199,4.452261306532663,0.8994974874371859,0.8184525945557738,368.7286432160804,0.21105527638190955,4,24,24,62,34,102,44,0,1,92,36,0.010050251256281407,0.5577889447236181,0.07035175879396985,0.1507537688442211,0.0
P476459,199,4.236180904522613,0.8040201005025126,0.8769770111416427,272.94472361809045,0.11557788944723618,0,1,0,0,158,7,0,0,0,58,32,0.01507537688442211,0.628140703517588,0.1457286432160804,0.09547738693467336,0.0
P503250,199,4.582914572864322,0.9346733668341709,0.8442779315842522,331.45226130653265,0.1507537688442211,11,13,16,13,14,26,50,16,11,83,55,0.020100502512562814,0.5879396984924623,0.12060301507537688,0.12060301507537688,0.0
P417241,199,4.422110552763819,0.8823529411764706,0.738630497455597,332.3467336683417,0.21608040201005024,13,50,69,50,45,18,12,33,3,87,37,0.07035175879396985,0.542713567839196,0.11055276381909548,0.06030150753768844,0.0
P432243,198,3.085858585858586,0.494949494949495,0.7282247044925206,262.2979797979798,0.15151515151515152,0,4,3,6,0,10,13,0,0,44,91,0.010101010101010102,0.5303030303030303,0.07575757575757576,0.23232323232323232,0.0
P472023,198,4.792929292929293,0.9696969696969697,0.8330729162941376,350.22727272727275,0.18181818181818182,1,16,43,71,39,51,18,0,1,130,27,0.010101010101010102,0.5808080808080808,0.16161616161616163,0.06565656565656566,0.0
P479722,197,4.456852791878172,0.9035532994923858,0.7374561828607954,256.4213197969543,0.19289340101522842,5,7,17,11,14,31,78,9,3,39,85,0.03553299492385787,0.5076142131979695,0.13705583756345177,0.12690355329949238,0.0
P482753,197,4.426395939086294,0.883248730964467,0.845582337264555,342.84263959390864,0.10152284263959391,19,70,22,17,68,25,19,14,9,91,29,0.04568527918781726,0.5939086294416244,0.17258883248730963,0.08629441624365482,0.0
P392607,197,3.487309644670051,0.5957446808510638,0.6913087811404267,371.11167512690355,0.06091370558375635,0,7,33,29,4,19,11,0,14,73,63,0.5279187817258884,0.28426395939086296,0.07614213197969544,0.050761421319796954,0.0
P473133,196,4.6020408163265305,0.9387755102040817,0.8660754160239146,323.1275510204082,0.17346938775510204,1,8,18,28,30,42,19,2,0,94,51,0.030612244897959183,0.5459183673469388,0.12755102040816327,0.12244897959183673,0.0
P424989,196,4.188775510204081,0.8112244897959183,0.8346976912423466,461.7295918367347,0.1989795918367347,1,0,39,15,67,9,1,1,7,20,49,0.01020408163265306,0.49489795918367346,0.23469387755102042,0.061224489795918366,0.0
P472025,196,4.760204081632653,0.9489795918367347,0.8191273136862687,308.9642857142857,0.3979591836734694,4,32,16,53,52,53,10,1,1,118,46,0.04081632653061224,0.27040816326530615,0.23469387755102042,0.05612244897959184,0.0
P500420,195,4.323076923076923,0.8923076923076924,0.8509999990463257,509.66153846153844,0.13846153846153847,48,83,97,40,57,19,25,32,9,114,54,0.010256410256410256,0.5641025641025641,0.14358974358974358,0.14358974358974358,0.0
P421997,194,4.221649484536083,0.7688172043010753,0.7737910573152785,281.16494845360825,0.08762886597938144,5,52,22,43,31,53,61,4,10,60,31,0.05154639175257732,0.5876288659793815,0.05670103092783505,0.21649484536082475,0.0
P480628,194,4.752577319587629,0.9639175257731959,0.6925786304123261,316.819587628866,0.20618556701030927,16,20,41,13,12,35,35,22,15,117,59,0.030927835051546393,0.5257731958762887,0.12886597938144329,0.10824742268041238,0.0
P473172,194,4.582474226804123,0.9381443298969072,0.5727848344588582,312.9020618556701,0.5,31,31,99,46,64,32,14,28,20,112,28,0.005154639175257732,0.30927835051546393,0.14948453608247422,0.03608247422680412,0.0
P500329,194,4.293814432989691,0.8298969072164949,0.6319213921609133,725.3144329896908,0.20618556701030927,5,9,87,47,35,45,0,6,68,119,52,0.015463917525773196,0.5412371134020618,0.14948453608247422,0.08762886597938144,0.0
P474329,194,4.623711340206185,0.9226804123711341,0.66013628132131,351.7525773195876,0.24742268041237114,15,31,66,24,14,7,7,6,2,67,25,0.015463917525773196,0.5,0.14948453608247422,0.08762886597938144,0.0
P416312,194,4.252577319587629,0.7904761904761904,0.7453586137102496,304.5360824742268,0.10309278350515463,0,27,18,80,45,50,34,0,1,71,32,0.3556701030927835,0.422680412371134,0.06701030927835051,0.05154639175257732,0.0
P455623,193,4.404145077720207,0.8808290155440415,0.8207847093102298,343.8860103626943,0.14507772020725387,24,48,98,37,18,34,30,21,11,99,33,0.0051813471502590676,0.5751295336787565,0.15544041450777202,0.11917098445595854,0.0
P456194,193,4.652849740932642,0.9533678756476683,0.767963534870813,375.5854922279793,0.20725388601036268,34,38,64,3,63,20,4,45,23,125,69,0.0051813471502590676,0.5492227979274611,0.16580310880829016,0.07253886010362694,0.0
P470217,193,4.259067357512953,0.8290155440414507,0.8836600280304749,428.3419689119171,0.23834196891191708,51,57,38,23,55,26,16,32,14,98,36,0.010362694300518135,0.48186528497409326,0.14507772020725387,0.12435233160621761,0.0
P417242,192,3.9322916666666665,0.6708074534161491,0.7218891781215605,341.3020833333333,0.16666666666666666,0,7,59,55,26,5,2,3,13,46,38,0.16145833333333334,0.4739583333333333,0.140625,0.057291666666666664,0.0
P471009,192,4.536458333333333,0.90625,0.7270202395960319,443.625,0.140625,1,6,26,37,52,52,21,5,0,113,67,0.036458333333333336,0.640625,0.09895833333333333,0.08333333333333333,0.0
P432239,191,4.041884816753926,0.7225130890052356,0.7205364465290773,273.60732984293196,0.2356020942408377,1,7,47,59,24,9,4,3,8,50,41,0.02617801047120419,0.4869109947643979,0.16230366492146597,0.08900523560209424,0.0
P482695,191,4.141361256544503,0.8167539267015707,0.7511122117886383,341.29842931937173,0.16230366492146597,27,57,147,40,35,16,19,35,27,106,39,0.04712041884816754,0.5602094240837696,0.07329842931937172,0.15706806282722513,0.0
P504171,190,4.636842105263158,0.9470899470899471,0.763526613666461,363.5052631578947,0.1368421052631579,6,11,41,20,25,18,24,4,11,57,28,0.2578947368421053,0.38421052631578945,0.12631578947368421,0.09473684210526316,0.0
P504073,190,4.831578947368421,0.9736842105263158,0.5138888992369175,302.10526315789474,0.3736842105263158,57,39,109,56,20,26,6,29,9,67,38,0.015789473684210527,0.4421052631578947,0.11578947368421053,0.05263157894736842,0.0
P472455,189,4.661375661375661,0.9259259259259259,0.7720318236030065,359.968253968254,0.24338624338624337,30,28,115,51,61,37,13,33,21,94,43,0.021164021164021163,0.5767195767195767,0.06878306878306878,0.08994708994708994,0.0
P481145,189,4.656084656084656,0.9417989417989417,0.883778699048578,308.5925925925926,0.2751322751322751,38,33,150,35,35,21,12,22,15,130,16,0.010582010582010581,0.544973544973545,0.06878306878306878,0.10052910052910052,0.0
P429043,189,3.9735449735449735,0.7248677248677249,0.7857598232317574,452.2645502645503,0.19047619047619047,1,7,15,15,0,20,10,5,0,57,77,0.015873015873015872,0.544973544973545,0.1746031746031746,0.07407407407407407,0.0
P448853,189,3.9047619047619047,0.708994708994709,0.7997618501069229,269.984126984127,0.19047619047619047,2,6,19,22,29,36,64,1,5,47,39,0.06349206349206349,0.544973544973545,0.12169312169312169,0.07936507936507936,0.0
P422248,188,4.287234042553192,0.8087431693989071,0.7390743254027405,273.70212765957444,0.10106382978723404,0,27,12,46,17,30,42,1,0,77,44,0.03723404255319149,0.5212765957446809,0.09574468085106383,0.24468085106382978,0.0
P431847,188,4.111702127659575,0.8031914893617021,0.7125107599783314,294.4148936170213,0.23404255319148937,0,3,18,25,2,1,11,0,2,42,60,0.015957446808510637,0.48936170212765956,0.14893617021276595,0.11170212765957446,0.0
P500696,188,4.691489361702128,0.9627659574468085,0.6614835813075681,336.77659574468083,0.2872340425531915,27,7,73,16,15,21,0,24,10,88,48,0.047872340425531915,0.4946808510638298,0.13297872340425532,0.03723404255319149,0.0
P483697,188,4.691489361702128,0.9627659574468085,0.7918923238621038,317.2925531914894,0.24468085106382978,34,15,84,17,34,30,10,38,14,102,34,0.026595744680851064,0.5,0.1276595744680851,0.10106382978723404,0.0
P448934,187,4.048128342245989,0.7540106951871658,0.6065427023246421,346.75935828877004,0.0962566844919786,6,48,18,46,26,26,25,2,3,59,61,0.0106951871657754,0.6149732620320856,0.10160427807486631,0.17647058823529413,0.0
P482260,186,4.854838709677419,0.978494623655914,0.230691048248512,305.9301075268817,0.16666666666666666,46,42,87,42,39,18,17,25,9,109,25,0.03763440860215054,0.6021505376344086,0.13440860215053763,0.05913978494623656,0.0
P467115,186,3.6559139784946235,0.6236559139784946,0.7965528051563575,322.80645161290323,0.16666666666666666,3,9,15,15,9,33,51,8,14,42,77,0.021505376344086023,0.489247311827957,0.16129032258064516,0.16129032258064516,0.0
P461522,186,2.9946236559139785,0.478494623655914,0.7458946381352449,173.67741935483872,0.12903225806451613,0,1,0,6,10,8,2,0,4,13,88,0.04838709677419355,0.5,0.1827956989247312,0.13978494623655913,0.0
P501157,185,4.745945945945946,0.9621621621621622,0.5632859113461831,343.8810810810811,0.2,30,7,40,16,11,38,0,40,4,77,60,0.021621621621621623,0.5513513513513514,0.16756756756756758,0.05945945945945946,0.0
P471541,185,4.243243243243243,0.7945945945945946,0.7177529859356582,379.81081081081084,0.17297297297297298,43,50,150,37,92,25,9,38,23,120,33,0.016216216216216217,0.6108108108108108,0.08648648648648649,0.11351351351351352,0.0
P475201,185,4.2594594594594595,0.8972972972972973,0.7704112722115083,399.8378378378378,0.2,4,38,88,24,27,20,2,7,10,90,34,0.016216216216216217,0.5567567567567567,0.15135135135135136,0.07567567567567568,0.0
P474068,184,4.505434782608695,0.9293478260869565,0.8412890938066301,376.3695652173913,0.25,2,5,100,15,88,16,4,3,8,84,20,0.016304347826086956,0.4891304347826087,0.125,0.11956521739130435,0.0
P479319,184,4.434782608695652,0.907608695652174,0.9039470883249079,318.9076086956522,0.15760869565217392,0,5,11,18,42,24,23,0,1,84,56,0.021739130434782608,0.5108695652173914,0.125,0.18478260869565216,0.0
P503865,184,4.391304347826087,0.8369565217391305,0.8605193702254709,343.1630434782609,0.23369565217391305,33,9,64,17,11,25,0,11,2,71,42,0.021739130434782608,0.5597826086956522,0.14130434782608695,0.043478260869565216,0.0
P476010,184,4.684782608695652,0.9347826086956522,0.6978347287387461,354.05434782608694,0.16304347826086957,5,10,36,33,45,31,25,6,18,88,26,0.03260869565217391,0.5815217391304348,0.10326086956521739,0.11956521739130435,0.0
P504315,184,4.684782608695652,0.9347826086956522,0.6978347287387461,354.05434782608694,0.16304347826086957,5,10,36,33,45,31,25,6,18,88,26,0.03260869565217391,0.5815217391304348,0.10326086956521739,0.11956521739130435,0.0
P504076,183,4.770491803278689,0.9562841530054644,0.96875,301.27322404371586,0.2459016393442623,3,5,6,34,29,66,8,4,0,108,43,0.00546448087431694,0.4972677595628415,0.12568306010928962,0.12568306010928962,0.0
P448192,183,3.8852459016393444,0.7158469945355191,0.7350427300597613,228.224043715847,0.1912568306010929,0,9,6,35,61,26,10,0,2,53,24,,0.5573770491803278,0.12568306010928962,0.12568306010928962,0.0
P504212,183,4.601092896174864,0.9016393442622951,0.8559177847629463,219.86885245901638,0.1912568306010929,0,1,29,10,46,1,0,1,1,27,9,0.08743169398907104,0.44808743169398907,0.16393442622950818,0.1092896174863388,0.0
P468211,183,4.103825136612022,0.7486338797814208,0.8652768212253462,369.1803278688525,0.3005464480874317,9,71,63,50,25,21,14,9,6,63,31,,0.43169398907103823,0.20218579234972678,0.06557377049180328,0.0
P385632,182,4.214285714285714,0.8518518518518519,0.6945443763112535,304.06043956043953,0.14285714285714285,3,34,78,59,6,26,46,7,3,49,41,0.2857142857142857,0.43956043956043955,0.09340659340659341,0.038461538461538464,0.0
P422011,182,4.263736263736264,0.8333333333333334,0.7674745792957177,291.489010989011,0.2087912087912088,2,19,71,53,31,36,23,11,8,83,30,0.01098901098901099,0.5604395604395604,0.0989010989010989,0.12087912087912088,0.0
P443369,181,4.18232044198895,0.8232044198895028,0.7747752003297947,462.68508287292815,0.1712707182320442,12,29,63,34,102,26,20,14,9,105,36,0.0055248618784530384,0.5414364640883977,0.14917127071823205,0.13259668508287292,0.0
P424986,181,4.342541436464089,0.8453038674033149,0.8200534810493518,414.4640883977901,0.14917127071823205,1,2,41,18,84,8,1,2,15,33,34,0.016574585635359115,0.47513812154696133,0.23756906077348067,0.12154696132596685,0.0
P481336,181,4.629834254143646,0.9281767955801105,0.8127248654762904,222.12707182320443,0.17679558011049723,6,7,5,11,38,28,7,0,1,95,27,0.055248618784530384,0.5248618784530387,0.1712707182320442,0.0718232044198895,0.0
P472448,181,4.6353591160221,0.9613259668508287,0.5913432885048001,427.3259668508287,0.18232044198895028,3,18,60,28,15,35,4,11,16,109,56,0.016574585635359115,0.5248618784530387,0.15469613259668508,0.12154696132596685,0.0
P403315,181,4.475138121546961,0.8283582089552238,0.7524369200004027,380.83425414364643,0.15469613259668508,15,41,61,49,29,18,24,34,4,57,30,0.27624309392265195,0.40331491712707185,0.09392265193370165,0.0718232044198895,0.0
P483453,181,4.552486187845304,0.9005524861878453,0.7284539206884801,477.8618784530387,0.1712707182320442,0,0,11,28,6,25,0,1,0,56,52,0.049723756906077346,0.56353591160221,0.13812154696132597,0.07734806629834254,0.0
P432824,179,3.877094972067039,0.7150837988826816,0.8068601765632629,298.3631284916201,0.16201117318435754,0,0,10,1,0,1,4,8,0,60,36,0.027932960893854747,0.5251396648044693,0.16201117318435754,0.12290502793296089,0.0
P465365,179,4.268156424581005,0.8491620111731844,0.7548145413203956,322.45251396648047,0.2122905027932961,0,0,43,7,9,23,4,7,2,54,57,0.05027932960893855,0.5027932960893855,0.12849162011173185,0.10614525139664804,0.0
P481142,178,4.741573033707865,0.9775280898876404,0.3535205234434003,412.32022471910113,0.19662921348314608,6,15,32,19,18,60,10,21,5,86,74,0.05056179775280899,0.5561797752808989,0.0898876404494382,0.10674157303370786,0.0
P444216,177,4.440677966101695,0.864406779661017,0.8282194335300189,324.7457627118644,0.1864406779661017,6,28,60,41,42,25,27,16,6,93,33,0.01694915254237288,0.5819209039548022,0.13559322033898305,0.07909604519774012,0.0
P448932,177,4.293785310734464,0.864406779661017,0.6176581683158875,498.42937853107344,0.15819209039548024,5,26,81,19,75,39,29,11,3,80,53,0.005649717514124294,0.632768361581921,0.11864406779661017,0.0847457627118644,0.0
P440981,177,4.6158192090395485,0.8813559322033898,0.8373021185398102,435.50847457627117,0.24293785310734464,4,38,42,34,33,32,66,23,2,61,41,0.005649717514124294,0.5480225988700564,0.10734463276836158,0.096045197740113,0.0
P481363,176,4.636363636363637,0.9545454545454546,0.8260971763554741,191.7215909090909,0.18181818181818182,0,4,7,20,20,35,6,1,0,82,17,0.056818181818181816,0.5113636363636364,0.17613636363636365,0.07386363636363637,0.0
P503657,176,4.573863636363637,0.9147727272727273,0.719390625456969,476.6931818181818,0.1534090909090909,11,37,115,62,84,17,10,38,9,116,36,0.17045454545454544,0.48295454545454547,0.10795454545454546,0.08522727272727272,0.0
P468813,176,4.3352272727272725,0.8465909090909091,0.3809653446737644,397.14772727272725,0.16477272727272727,2,12,89,62,97,36,13,6,6,95,31,0.017045454545454544,0.6306818181818182,0.0625,0.125,0.0
P503923,176,4.613636363636363,0.9431818181818182,0.6810166986115211,314.52840909090907,0.2784090909090909,8,12,43,5,43,28,1,26,4,82,43,0.13636363636363635,0.4147727272727273,0.14204545454545456,0.028409090909090908,0.0
P469444,176,4.3522727272727275,0.875,0.7694677021354437,478.27272727272725,0.17045454545454544,2,22,55,58,93,34,14,2,6,110,53,0.022727272727272728,0.6136363636363636,0.07954545454545454,0.11363636363636363,0.0
P502852,175,4.531428571428571,0.9482758620689655,0.7442348110225966,500.64,0.13714285714285715,0,0,8,5,2,15,5,3,0,55,97,0.12571428571428572,0.5314285714285715,0.12,0.08571428571428572,0.0
P443834,175,4.102857142857143,0.8228571428571428,0.7546132689084464,283.90285714285716,0.25142857142857145,6,44,49,36,36,8,37,12,3,44,36,0.011428571428571429,0.5028571428571429,0.08571428571428572,0.14857142857142858,0.0
P440305,174,4.557471264367816,0.896551724137931,0.8409910706523197,308.2988505747126,0.3448275862068966,1,11,58,67,47,63,25,2,0,87,17,0.005747126436781609,0.3793103448275862,0.1896551724137931,0.08045977011494253,0.0
P467748,174,4.333333333333333,0.8333333333333334,0.6579643046816454,321.44827586206895,0.16091954022988506,25,21,41,15,53,21,2,20,13,66,59,0.028735632183908046,0.5862068965517241,0.12643678160919541,0.09770114942528736,0.0
P4039,174,4.172413793103448,0.8076923076923077,0.8505907913049062,274.82758620689657,0.21264367816091953,8,64,89,33,20,20,26,20,2,55,20,0.1781609195402299,0.41954022988505746,0.12643678160919541,0.06321839080459771,0.0
P461491,174,4.275862068965517,0.8045977011494253,0.8911759462080845,312.78735632183907,0.21839080459770116,13,7,29,8,13,46,0,14,7,80,47,0.040229885057471264,0.4540229885057471,0.21839080459770116,0.06896551724137931,0.0
P450290,174,4.402298850574713,0.8448275862068966,0.19915551170120088,341.0057471264368,0.21264367816091953,11,24,45,20,32,14,4,29,2,100,56,0.011494252873563218,0.5689655172413793,0.1206896551724138,0.08620689655172414,0.0
P481371,173,4.468208092485549,0.9075144508670521,0.726430999510216,201.9306358381503,0.17341040462427745,0,9,29,55,32,24,7,1,0,91,20,0.057803468208092484,0.5202312138728323,0.1791907514450867,0.06936416184971098,0.0
P424990,173,4.098265895953757,0.8034682080924855,0.8263410698882369,465.88439306358384,0.20809248554913296,0,4,29,19,74,8,6,14,8,40,40,0.005780346820809248,0.4797687861271676,0.2138728323699422,0.09248554913294797,0.0
P505158,172,4.813953488372093,0.9825581395348837,0.8,323.1453488372093,0.22093023255813954,39,40,30,18,21,16,12,21,16,83,23,0.023255813953488372,0.5058139534883721,0.14534883720930233,0.10465116279069768,0.0
P455339,172,4.308139534883721,0.8313953488372093,0.7919221875960367,343.11046511627904,0.19767441860465115,2,7,29,29,2,60,54,5,5,45,56,,0.5523255813953488,0.1511627906976744,0.09883720930232558,0.0
P430812,172,4.203488372093023,0.7848837209302325,0.8571347777224794,360.55232558139534,0.22093023255813954,8,52,30,31,18,20,27,4,5,45,30,,0.4941860465116279,0.16279069767441862,0.12209302325581395,0.0
P467749,172,4.406976744186046,0.8895348837209303,0.7066042540229369,359.51162790697674,0.1569767441860465,11,29,78,26,77,17,13,20,9,103,43,0.040697674418604654,0.5930232558139535,0.11046511627906977,0.09883720930232558,0.0
P468369,172,4.441860465116279,0.936046511627907,0.7452423849276134,627.1744186046511,0.22093023255813954,8,24,41,21,68,45,15,32,9,89,93,0.011627906976744186,0.5465116279069767,0.16279069767441862,0.05813953488372093,0.0
P476447,172,4.290697674418604,0.8662790697674418,0.7895168098243507,264.13953488372096,0.11046511627906977,0,0,0,0,4,2,0,0,0,56,53,0.023255813953488372,0.6453488372093024,0.13372093023255813,0.0872093023255814,0.0
P461948,171,4.2631578947368425,0.8771929824561403,0.745428624865599,345.4795321637427,0.2222222222222222,7,44,72,26,51,23,8,17,3,95,41,0.04093567251461988,0.5087719298245614,0.14035087719298245,0.08771929824561403,0.0
P432818,171,3.982456140350877,0.7134502923976608,0.74003198433232,389.65497076023394,0.15204678362573099,0,3,14,4,0,12,9,3,0,80,33,0.023391812865497075,0.5497076023391813,0.09941520467836257,0.17543859649122806,0.0
P450583,171,3.953216374269006,0.7251461988304093,0.792280431814266,372.2923976608187,0.19883040935672514,3,16,20,17,15,35,60,8,14,58,53,,0.5380116959064327,0.0935672514619883,0.1695906432748538,0.0
P402942,171,3.7777777777777777,0.7062937062937062,0.8111993273099264,368.50877192982455,0.1871345029239766,3,1,3,9,0,7,3,4,0,40,22,0.2046783625730994,0.391812865497076,0.13450292397660818,0.08187134502923976,0.0
P462748,170,4.205882352941177,0.7777777777777778,0.810365490800093,427.0176470588235,0.058823529411764705,0,36,13,57,74,27,42,2,1,98,38,0.16470588235294117,0.5058823529411764,0.1,0.17058823529411765,0.0
P481348,170,4.823529411764706,0.9882352941176471,0.757822810798078,340.7,0.22941176470588234,11,5,28,20,10,63,15,22,8,105,61,0.023529411764705882,0.48823529411764705,0.17647058823529413,0.08235294117647059,0.0
P392144,170,4.205882352941177,0.7777777777777778,0.810365490800093,427.0176470588235,0.058823529411764705,0,36,13,57,74,27,42,2,1,98,38,0.16470588235294117,0.5058823529411764,0.1,0.17058823529411765,0.0
P122767,169,4.017751479289941,0.5384615384615384,0.8538056085938993,298.55029585798815,0.14201183431952663,0,4,39,50,3,7,1,14,7,38,43,0.25443786982248523,0.42011834319526625,0.07692307692307693,0.10650887573964497,0.0
P471000,169,4.6982248520710055,0.9349112426035503,0.8036474958688271,502.698224852071,0.14201183431952663,19,77,92,39,19,10,25,19,9,99,45,0.023668639053254437,0.6035502958579881,0.14201183431952663,0.08875739644970414,0.0
P504240,168,4.208333333333333,0.8214285714285714,0.8000833721059125,316.30357142857144,0.15476190476190477,5,29,66,26,46,32,23,9,7,72,35,0.023809523809523808,0.5238095238095238,0.10714285714285714,0.19047619047619047,0.0
P433971,168,4.190476190476191,0.7976190476190477,0.7888279574257987,348.82142857142856,0.15476190476190477,7,29,96,47,58,26,19,22,10,83,28,0.02976190476190476,0.6011904761904762,0.125,0.08928571428571429,0.0
P467250,168,4.208333333333333,0.8214285714285714,0.8000833721059125,316.30357142857144,0.15476190476190477,5,29,66,26,46,32,23,9,7,72,35,0.023809523809523808,0.5238095238095238,0.10714285714285714,0.19047619047619047,0.0
P504575,168,4.660714285714286,0.9642857142857143,0.9166666666666666,310.63690476190476,0.20833333333333334,0,0,0,0,22,4,0,0,0,49,29,0.017857142857142856,0.5535714285714286,0.13095238095238096,0.08928571428571429,0.0
P476538,167,4.449101796407185,0.8982035928143712,0.753851559232263,243.66467065868264,0.11976047904191617,0,0,0,0,0,3,0,0,0,47,50,0.023952095808383235,0.6586826347305389,0.12574850299401197,0.0718562874251497,0.0
P500121,167,4.197604790419161,0.8502994011976048,0.8295649852898481,406.77245508982037,0.2694610778443114,13,4,30,19,24,52,54,8,11,78,55,0.03592814371257485,0.5568862275449101,0.0658682634730539,0.0718562874251497,0.0
P455612,167,4.502994011976048,0.8802395209580839,0.7291451025315944,424.02994011976045,0.20958083832335328,17,21,43,18,52,28,11,18,10,74,32,0.011976047904191617,0.5149700598802395,0.15568862275449102,0.10778443113772455,0.0
P440503,167,4.251497005988024,0.8263473053892215,0.8256491835766692,244.69461077844312,0.1317365269461078,3,8,51,30,50,4,1,1,19,50,21,0.041916167664670656,0.5449101796407185,0.1317365269461078,0.1497005988023952,0.0
P455614,167,4.383233532934132,0.8502994011976048,0.8017825844133792,404.47305389221555,0.12574850299401197,3,12,15,54,55,33,31,1,0,95,30,0.023952095808383235,0.5269461077844312,0.2155688622754491,0.10778443113772455,0.0
P476009,166,4.668674698795181,0.963855421686747,0.5243482602679211,319.921686746988,0.22289156626506024,39,26,59,15,55,18,6,24,7,96,28,0.018072289156626505,0.5903614457831325,0.0783132530120482,0.09036144578313253,0.0
P427404,166,3.819277108433735,0.7048192771084337,0.7681439660395248,337.1566265060241,0.18072289156626506,6,48,32,23,15,38,44,31,1,64,45,0.012048192771084338,0.5843373493975904,0.15060240963855423,0.07228915662650602,0.0
P477961,166,4.72289156626506,0.9457831325301205,0.7246529726187388,448.2409638554217,0.18674698795180722,2,1,31,10,1,28,13,18,0,62,73,,0.5542168674698795,0.1686746987951807,0.09036144578313253,0.0
P471793,166,4.656626506024097,0.9216867469879518,0.833132151372825,323.5421686746988,0.2469879518072289,0,14,8,34,27,35,9,1,1,84,43,0.006024096385542169,0.5542168674698795,0.13855421686746988,0.05421686746987952,0.0
P392648,165,3.3696969696969696,0.5310344827586206,0.740765201535664,285.77575757575755,0.23636363636363636,6,17,48,15,62,14,14,3,5,40,19,0.06060606060606061,0.45454545454545453,0.14545454545454545,0.10303030303030303,0.0
P217931,165,4.1030303030303035,0.7727272727272727,0.781283400952816,296.27272727272725,0.05454545454545454,1,18,14,44,49,44,32,1,1,59,25,0.2545454545454545,0.49696969696969695,0.08484848484848485,0.10909090909090909,0.0
P480274,165,4.793939393939394,0.9878787878787879,0.6219464045889834,380.05454545454546,0.18181818181818182,1,12,16,30,24,42,36,8,8,82,48,0.01818181818181818,0.5818181818181818,0.10909090909090909,0.10909090909090909,0.0
P398717,164,4.408536585365853,0.8714285714285714,0.868704039384337,302.6341463414634,0.3475609756097561,2,42,100,103,11,30,31,16,4,45,26,0.3597560975609756,0.20121951219512196,0.054878048780487805,0.036585365853658534,0.0
P448200,164,4.603658536585366,0.9390243902439024,0.7596967778508625,302.5914634146341,0.17682926829268292,10,49,53,19,53,16,6,28,5,93,45,0.018292682926829267,0.6158536585365854,0.10365853658536585,0.08536585365853659,0.0
P442755,164,3.9878048780487805,0.75,0.8167048754331506,351.7073170731707,0.1951219512195122,3,49,29,20,12,32,25,15,5,61,51,,0.524390243902439,0.1524390243902439,0.12804878048780488,0.0
P473726,164,4.628048780487805,0.9207317073170732,0.7648700639361241,254.3658536585366,0.18292682926829268,6,9,8,32,14,44,28,0,0,72,29,0.036585365853658534,0.5182926829268293,0.1402439024390244,0.12195121951219512,0.0
P500102,164,4.682926829268292,0.9390243902439024,0.7326260656118393,315.5548780487805,0.21341463414634146,1,17,20,21,25,25,2,0,5,81,34,0.024390243902439025,0.524390243902439,0.12195121951219512,0.11585365853658537,0.0
P442756,163,4.098159509202454,0.7607361963190185,0.8006915410233152,330.3803680981595,0.12269938650306748,6,22,28,20,13,35,50,13,39,54,54,0.018404907975460124,0.6134969325153374,0.11042944785276074,0.13496932515337423,0.0
P465752,162,3.8271604938271606,0.6975308641975309,0.8353917528537737,257.9938271604938,0.2222222222222222,10,22,87,31,10,16,18,13,3,46,33,0.018518518518518517,0.5308641975308642,0.1111111111111111,0.11728395061728394,0.0
P442713,162,3.7222222222222223,0.654320987654321,0.7929669737051694,324.39506172839504,0.2037037037037037,1,8,39,23,1,50,6,5,2,29,52,0.012345679012345678,0.5802469135802469,0.13580246913580246,0.06790123456790123,0.0
P500626,161,3.9751552795031055,0.7267080745341615,0.882207207314603,272.3105590062112,0.20496894409937888,0,23,2,13,19,21,6,0,3,62,47,0.055900621118012424,0.484472049689441,0.11801242236024845,0.13664596273291926,0.0
P472451,161,4.763975155279503,0.9627329192546584,0.8006131509517102,394.17391304347825,0.16770186335403728,9,16,112,61,52,31,9,9,5,91,34,0.018633540372670808,0.6273291925465838,0.06832298136645963,0.11801242236024845,0.0
P501518,160,4.0875,0.8375,0.9054726415605687,348.03125,0.175,1,58,51,22,79,13,11,20,7,95,45,0.00625,0.56875,0.14375,0.10625,0.0
P429683,160,3.83125,0.70625,0.74183474752036,391.13125,0.2125,1,1,4,5,70,1,1,2,18,20,38,,0.425,0.23125,0.13125,0.0
P474371,160,4.325,0.8875,0.7876190376281739,303.41875,0.30625,2,7,32,47,40,73,17,0,3,101,28,0.00625,0.3625,0.28125,0.04375,0.0
P473304,159,3.6855345911949686,0.6477987421383647,0.8207907729347547,342.2830188679245,0.1949685534591195,4,5,19,2,2,3,6,0,1,35,29,0.018867924528301886,0.5220125786163522,0.1761006289308176,0.0880503144654088,0.0
P408230,159,4.754716981132075,0.9559748427672956,0.8129936284962155,317.8616352201258,0.2138364779874214,3,2,13,15,14,8,5,3,3,82,54,0.050314465408805034,0.5094339622641509,0.1761006289308176,0.050314465408805034,0.0
P387511,159,3.880503144654088,0.5846153846153846,0.7162514990195632,385.72327044025155,0.18238993710691823,3,56,57,30,67,26,11,18,3,62,36,0.3018867924528302,0.3584905660377358,0.12578616352201258,0.031446540880503145,0.0
P416825,159,3.981132075471698,0.7449664429530202,0.794658442640579,382.6792452830189,0.20754716981132076,3,8,19,24,7,74,44,1,1,31,50,0.06289308176100629,0.5220125786163522,0.12578616352201258,0.08176100628930817,0.0
P476554,159,4.213836477987422,0.7924528301886793,0.6500768055838924,279.58490566037733,0.12578616352201258,0,5,25,26,3,9,14,2,0,42,49,0.018867924528301886,0.6163522012578616,0.1320754716981132,0.1069182389937107,0.0
P456421,159,4.0062893081761,0.7007299270072993,0.818788211290718,370.2327044025157,0.2138364779874214,4,6,17,15,14,27,2,7,7,29,64,0.12578616352201258,0.42138364779874216,0.16352201257861634,0.07547169811320754,0.0
P432053,158,3.848101265822785,0.7278481012658228,0.7843035145884468,315.61392405063293,0.22151898734177214,0,13,17,6,19,20,20,5,5,29,37,0.006329113924050633,0.5063291139240507,0.10759493670886076,0.15822784810126583,0.0
P422012,158,3.8417721518987342,0.6730769230769231,0.8170369661871403,302.65822784810126,0.21518987341772153,7,52,82,28,33,19,28,15,3,41,17,0.05063291139240506,0.5253164556962026,0.12658227848101267,0.08227848101265822,0.0
P476553,158,4.189873417721519,0.8227848101265823,0.6988351438795367,284.84177215189874,0.13291139240506328,0,0,3,5,3,7,48,1,0,38,59,0.012658227848101266,0.6139240506329114,0.13291139240506328,0.10759493670886076,0.0
P461520,157,4.273885350318471,0.8343949044585988,0.8515607337608482,239.87898089171975,0.18471337579617833,0,0,43,34,30,1,0,6,7,43,24,0.01910828025477707,0.5095541401273885,0.17834394904458598,0.10828025477707007,0.0
P416824,157,3.929936305732484,0.7099236641221374,0.753800880459566,355.03821656050957,0.22929936305732485,0,4,26,7,9,11,25,2,3,29,68,0.09554140127388536,0.5031847133757962,0.08280254777070063,0.08917197452229299,0.0
P423125,156,4.3076923076923075,0.8589743589743589,0.8461290539375373,340.47435897435895,0.20512820512820512,14,27,37,27,36,64,26,12,1,66,43,0.01282051282051282,0.5705128205128205,0.09615384615384616,0.11538461538461539,0.0
P418221,156,3.9743589743589745,0.6590909090909091,0.7816466957057288,337.0576923076923,0.16666666666666666,3,11,40,9,39,12,18,4,3,22,35,0.1794871794871795,0.41025641025641024,0.15384615384615385,0.08974358974358974,0.0
P457697,156,4.641025641025641,0.9358974358974359,0.847150648764351,420.0064102564103,0.23717948717948717,24,19,54,33,28,60,22,22,13,67,49,,0.532051282051282,0.10256410256410256,0.1282051282051282,0.0
P504026,156,4.871794871794871,0.9871794871794872,0.9028395334879558,308.1923076923077,0.27564102564102566,18,36,71,47,30,16,12,12,7,77,28,0.02564102564102564,0.5128205128205128,0.1346153846153846,0.05128205128205128,0.0
P503991,156,4.871794871794871,0.9871794871794872,0.9028395334879558,308.1923076923077,0.27564102564102566,18,36,71,47,30,16,12,12,7,77,28,0.02564102564102564,0.5128205128205128,0.1346153846153846,0.05128205128205128,0.0
P449158,155,3.9935483870967743,0.6774193548387096,0.7875833298265934,223.45806451612904,0.2064516129032258,9,33,69,22,55,21,26,8,7,61,13,0.012903225806451613,0.535483870967742,0.16774193548387098,0.07741935483870968,0.0
P500687,155,4.52258064516129,0.9290322580645162,0.7891242961257191,323.9935483870968,0.2064516129032258,5,7,31,76,27,19,6,0,3,95,31,0.0064516129032258064,0.5741935483870968,0.12258064516129032,0.09032258064516129,0.0
P504056,155,4.767741935483871,0.967741935483871,0.8273809637342181,319.39354838709676,0.16129032258064516,18,6,68,27,30,26,6,27,12,98,18,0.15483870967741936,0.49032258064516127,0.14193548387096774,0.05161290322580645,0.0
P483455,155,4.645161290322581,0.9419354838709677,0.6197739768434655,346.1548387096774,0.2064516129032258,2,0,3,6,0,18,0,0,0,52,32,0.04516129032258064,0.4838709677419355,0.12258064516129032,0.14193548387096774,0.0
P470007,154,4.175324675324675,0.7857142857142857,0.7967835593890477,289.03246753246754,0.19480519480519481,1,15,17,62,35,42,22,0,0,67,26,,0.5324675324675324,0.18831168831168832,0.08441558441558442,0.0
P481703,153,4.006535947712418,0.6915887850467289,0.7928601827097032,328.1111111111111,0.20261437908496732,5,32,55,28,31,10,18,14,3,58,53,0.24183006535947713,0.35294117647058826,0.11764705882352941,0.08496732026143791,0.0
P474117,153,4.03921568627451,0.7712418300653595,0.7325525615019959,356.4313725490196,0.1895424836601307,0,21,25,3,24,8,5,22,10,77,69,0.013071895424836602,0.5947712418300654,0.13071895424836602,0.0718954248366013,0.0
P474113,153,4.03921568627451,0.7712418300653595,0.7325525615019959,356.4313725490196,0.1895424836601307,0,21,25,3,24,8,5,22,10,77,69,0.013071895424836602,0.5947712418300654,0.13071895424836602,0.0718954248366013,0.0
P481828,153,4.0588235294117645,0.8366013071895425,0.852597477570386,418.0718954248366,0.21568627450980393,18,45,51,16,27,21,17,12,11,54,25,0.006535947712418301,0.5359477124183006,0.13071895424836602,0.1111111111111111,0.0
P483457,152,4.697368421052632,0.9539473684210527,0.5439560520343292,322.7894736842105,0.2236842105263158,1,1,40,40,25,24,0,1,3,51,35,0.05263157894736842,0.48026315789473684,0.13157894736842105,0.1118421052631579,0.0
P481825,152,4.256578947368421,0.8157894736842105,0.8199945007469139,322.23026315789474,0.2565789473684211,27,65,49,31,39,38,17,11,10,59,24,0.05263157894736842,0.46710526315789475,0.07894736842105263,0.14473684210526316,0.0
P483699,152,4.605263157894737,0.9144736842105263,0.500569756772067,341.89473684210526,0.2894736842105263,10,31,69,38,27,28,13,25,6,104,24,0.02631578947368421,0.48026315789473684,0.13815789473684212,0.06578947368421052,0.0
P428255,152,4.243421052631579,0.8223684210526315,0.7600473464408424,317.4407894736842,0.19078947368421054,1,19,27,26,16,11,18,7,6,47,51,,0.5526315789473685,0.13157894736842105,0.125,0.0
P481701,151,4.748344370860927,0.9602649006622517,0.7931499741499937,344.82781456953643,0.271523178807947,14,31,111,40,12,28,21,9,3,95,17,0.026490066225165563,0.44370860927152317,0.16556291390728478,0.09271523178807947,0.0
P443358,151,4.470198675496689,0.9072847682119205,0.8088607788085938,376.29801324503313,0.2582781456953642,9,66,108,63,40,19,11,20,7,62,33,0.006622516556291391,0.5099337748344371,0.16556291390728478,0.059602649006622516,0.0
P431840,151,3.5496688741721854,0.6158940397350994,0.8066209760737849,269.17218543046357,0.19205298013245034,0,8,29,11,87,10,0,46,1,46,11,0.019867549668874173,0.5099337748344371,0.17218543046357615,0.10596026490066225,0.0
P465803,150,4.8933333333333335,0.9866666666666667,0.6995956559679402,259.9,0.20666666666666667,1,0,3,0,0,1,1,1,0,43,24,0.04666666666666667,0.47333333333333333,0.16,0.11333333333333333,0.0
P377576,150,3.9066666666666667,0.7878787878787878,0.7913906311759582,335.1933333333333,0.14,6,14,44,21,4,32,2,13,1,24,50,0.3933333333333333,0.31333333333333335,0.06666666666666667,0.08666666666666667,0.0
P404465,149,4.140939597315437,0.825503355704698,0.8043689935926407,289.4161073825503,0.1476510067114094,0,0,0,3,1,24,0,0,0,10,82,0.040268456375838924,0.5771812080536913,0.12080536912751678,0.11409395973154363,0.0
P500988,149,4.221476510067114,0.7919463087248322,0.7749813631411613,327.1275167785235,0.20134228187919462,9,8,53,14,15,35,2,22,1,81,44,0.06040268456375839,0.5302013422818792,0.1476510067114094,0.06040268456375839,0.0
P483643,148,4.54054054054054,0.8851351351351351,0.9038030614978388,336.1216216216216,0.23648648648648649,0,7,70,44,38,9,0,2,19,72,17,0.033783783783783786,0.4864864864864865,0.12837837837837837,0.11486486486486487,0.0
P481700,148,4.277027027027027,0.8783783783783784,0.7895610998074214,397.56081081081084,0.20945945945945946,6,20,33,22,27,38,17,6,11,52,59,0.02702702702702703,0.5337837837837838,0.11486486486486487,0.11486486486486487,0.0
P449177,148,4.331081081081081,0.8783783783783784,0.8784958425532566,547.2094594594595,0.25675675675675674,3,22,21,16,58,24,9,25,29,81,52,,0.5743243243243243,0.14189189189189189,0.02702702702702703,0.0
P447213,148,4.445945945945946,0.8986486486486487,0.6210779705733964,327.1756756756757,0.10810810810810811,1,11,20,21,21,45,17,16,2,62,43,,0.5878378378378378,0.16891891891891891,0.13513513513513514,0.0
P467614,148,4.695945945945946,0.9121621621621622,0.5835661441804125,440.94594594594594,0.16891891891891891,23,20,36,10,26,31,19,29,18,73,50,0.013513513513513514,0.5608108108108109,0.12837837837837837,0.12837837837837837,0.0
P427393,148,3.527027027027027,0.6148648648648649,0.846792487381411,299.4932432432432,0.10135135135135136,4,11,34,31,4,20,0,13,3,25,33,0.006756756756756757,0.5540540540540541,0.1554054054054054,0.18243243243243243,0.0
P443839,148,4.4391891891891895,0.9459459459459459,0.8960526507482471,252.66216216216216,0.24324324324324326,2,46,45,26,10,12,15,7,2,49,30,,0.5743243243243243,0.10810810810810811,0.07432432432432433,0.0
P505211,147,4.482993197278912,0.8843537414965986,0.5095237995897021,339.85714285714283,0.17687074829931973,12,13,2,7,1,1,2,1,0,20,20,0.02040816326530612,0.5782312925170068,0.14965986394557823,0.07482993197278912,0.0
P474823,147,4.741496598639456,0.9591836734693877,0.8321055835556417,382.5374149659864,0.17006802721088435,0,8,12,21,11,36,12,3,2,81,69,0.027210884353741496,0.6190476190476191,0.10884353741496598,0.07482993197278912,0.0
P383053,146,4.082191780821918,0.6956521739130435,0.832447992934697,353.1164383561644,0.1095890410958904,3,13,35,15,8,18,1,16,2,34,42,0.2465753424657534,0.4315068493150685,0.136986301369863,0.07534246575342465,0.0
P469505,146,4.705479452054795,0.952054794520548,0.8839087255653881,362.0342465753425,0.10273972602739725,3,12,13,26,10,23,68,6,5,52,60,0.0273972602739726,0.6095890410958904,0.15753424657534246,0.10273972602739725,0.0
P416755,146,4.034246575342466,0.7559055118110236,0.7995691694117881,308.4246575342466,0.1643835616438356,18,41,95,33,25,19,28,17,5,68,17,0.1095890410958904,0.4794520547945205,0.136986301369863,0.1095890410958904,0.0
P504506,144,4.798611111111111,0.9652777777777778,0.12217647352613005,356.3888888888889,0.2916666666666667,29,12,29,10,30,48,6,31,9,91,46,0.013888888888888888,0.5,0.1388888888888889,0.05555555555555555,0.0
P388545,144,4.451388888888889,0.8651685393258427,0.7930422152550716,323.77777777777777,0.1736111111111111,2,31,12,27,28,27,28,0,1,49,29,0.2222222222222222,0.375,0.1388888888888889,0.09027777777777778,0.0
P478239,144,4.631944444444445,0.9444444444444444,0.7672861601049835,460.09027777777777,0.0625,3,48,12,41,48,26,36,7,0,91,23,0.006944444444444444,0.6736111111111112,0.05555555555555555,0.2013888888888889,0.0
P457696,144,4.1875,0.8263888888888888,0.772503614278123,389.06944444444446,0.2222222222222222,0,13,40,43,39,61,27,2,0,78,25,,0.5486111111111112,0.1388888888888889,0.09027777777777778,0.0
P456395,143,4.566433566433567,0.8951048951048951,0.7027556100705018,417.1748251748252,0.13286713286713286,5,50,21,38,50,27,31,12,2,58,35,0.006993006993006993,0.5594405594405595,0.06993006993006994,0.23076923076923078,0.0
P476428,143,4.566433566433567,0.9300699300699301,0.8556604130311055,336.83916083916085,0.06993006993006994,22,9,22,2,15,30,40,22,24,63,48,0.027972027972027972,0.6433566433566433,0.0979020979020979,0.16083916083916083,0.0
P443383,142,3.3380281690140845,0.5422535211267606,0.7562313555843301,325.8943661971831,0.19014084507042253,4,8,61,37,2,15,4,13,50,42,29,0.014084507042253521,0.5352112676056338,0.13380281690140844,0.1267605633802817,0.0
P419633,142,3.887323943661972,0.7920792079207921,0.707859872529904,470.27464788732397,0.07746478873239436,0,4,1,10,0,10,107,0,0,17,93,0.30985915492957744,0.4084507042253521,0.08450704225352113,0.11971830985915492,0.0
P502395,142,4.697183098591549,0.9788732394366197,0.7777778080531529,327.0774647887324,0.2112676056338028,34,14,46,18,44,11,0,31,15,84,32,0.056338028169014086,0.5211267605633803,0.13380281690140844,0.07746478873239436,0.0
P479313,141,4.695035460992908,0.9361702127659575,0.5713827412288922,358.72340425531917,0.24113475177304963,2,19,67,36,17,34,6,26,3,87,47,0.03546099290780142,0.5106382978723404,0.14893617021276595,0.06382978723404255,0.0
P502745,141,4.382978723404255,0.8723404255319149,0.8594982658309498,862.0709219858156,0.22695035460992907,17,16,72,34,64,40,11,23,13,82,46,0.03546099290780142,0.49645390070921985,0.15602836879432624,0.0851063829787234,0.0
P443366,141,4.361702127659575,0.9290780141843972,0.8529509540760156,437.709219858156,0.1773049645390071,20,51,79,35,48,40,28,11,4,62,23,0.014184397163120567,0.5602836879432624,0.10638297872340426,0.14184397163120568,0.0
P455930,140,4.257142857142857,0.8,0.7945494750514627,296.3357142857143,0.12857142857142856,38,54,114,36,17,19,25,15,5,60,19,,0.5642857142857143,0.12857142857142856,0.17857142857142858,0.0
P442833,140,4.35,0.8428571428571429,0.8459850473032482,367.0642857142857,0.17857142857142858,0,22,18,8,4,32,21,13,4,54,46,0.007142857142857143,0.5857142857142857,0.12142857142857143,0.10714285714285714,0.0
P500101,139,4.64748201438849,0.9280575539568345,0.8360768042323066,285.7410071942446,0.17266187050359713,5,14,18,20,12,41,1,2,3,62,42,0.02877697841726619,0.5827338129496403,0.12949640287769784,0.08633093525179857,0.0
P474936,139,4.388489208633094,0.841726618705036,0.7316554401602063,368.28057553956836,0.05755395683453238,27,82,84,15,44,15,67,17,11,49,41,0.02158273381294964,0.45323741007194246,0.02158273381294964,0.4460431654676259,0.0
P379064,139,4.402877697841727,0.9722222222222222,0.7630169862752845,436.0647482014389,0.014388489208633094,1,68,34,25,30,21,59,10,0,32,43,0.7482014388489209,0.14388489208633093,0.050359712230215826,0.04316546762589928,0.0
P474843,139,4.676258992805756,0.9568345323741008,0.8954174895675815,427.10791366906477,0.1510791366906475,7,35,78,19,67,20,19,18,2,88,37,0.007194244604316547,0.5971223021582733,0.1223021582733813,0.1223021582733813,0.0
P442989,138,3.101449275362319,0.5289855072463768,0.8107819927353708,382.268115942029,0.17391304347826086,3,8,20,8,42,17,28,8,37,37,32,,0.572463768115942,0.15217391304347827,0.10144927536231885,0.0
P480278,138,4.115942028985507,0.7681159420289855,0.6783389995886585,347.5507246376812,0.2246376811594203,1,20,42,21,27,20,14,5,1,33,26,0.06521739130434782,0.5434782608695652,0.10144927536231885,0.06521739130434782,0.0
P473126,138,4.6521739130434785,0.9420289855072463,0.7584903400118758,329.0652173913044,0.21014492753623187,14,4,14,13,13,27,37,15,6,63,59,0.028985507246376812,0.5289855072463768,0.12318840579710146,0.10869565217391304,0.0
P302900,138,4.326086956521739,0.7692307692307693,0.8221494157314301,386.5652173913044,0.12318840579710146,3,18,37,19,2,7,29,12,0,60,49,0.2898550724637681,0.42028985507246375,0.10869565217391304,0.057971014492753624,0.0
P422003,138,4.398550724637682,0.8518518518518519,0.7891870582220601,333.7536231884058,0.26811594202898553,7,44,42,32,28,12,18,15,2,48,24,0.014492753623188406,0.4782608695652174,0.13768115942028986,0.10144927536231885,0.0
P469528,137,4.5036496350364965,0.8905109489051095,0.7875168577581644,458.86131386861314,0.18248175182481752,2,5,8,19,22,43,14,0,4,79,50,0.043795620437956206,0.583941605839416,0.10948905109489052,0.08029197080291971,0.0
P385262,137,3.8175182481751824,0.5492957746478874,0.6972940835569587,333.59124087591243,0.1386861313868613,2,42,1,9,39,18,11,5,9,28,30,0.22627737226277372,0.4233576642335766,0.1386861313868613,0.072992700729927,0.0
P500778,137,4.708029197080292,0.9416058394160584,0.8452830370867027,309.8759124087591,0.21897810218978103,4,29,0,3,82,21,10,2,5,26,11,0.043795620437956206,0.43795620437956206,0.15328467153284672,0.145985401459854,0.0
P483128,137,4.328467153284672,0.8905109489051095,0.804589376501415,301.44525547445255,0.10948905109489052,0,7,6,3,14,16,57,8,8,29,73,0.014598540145985401,0.6204379562043796,0.0948905109489051,0.16058394160583941,0.0
P450211,137,3.9708029197080292,0.7153284671532847,0.7504176941001788,244.86861313868613,0.18248175182481752,3,11,23,12,36,16,16,8,10,52,19,0.0072992700729927005,0.48175182481751827,0.1897810218978102,0.1386861313868613,0.0
P429637,137,3.678832116788321,0.6715328467153284,0.8157103324449191,404.8978102189781,0.06569343065693431,9,43,71,18,28,19,40,12,20,64,26,,0.635036496350365,0.145985401459854,0.15328467153284672,0.0
P410883,137,4.226277372262774,0.8181818181818182,0.7661220120101035,363.11678832116786,0.051094890510948905,0,17,18,47,20,21,106,0,0,26,51,0.24087591240875914,0.44525547445255476,0.029197080291970802,0.23357664233576642,0.0
P385773,137,4.255474452554744,0.8131868131868132,0.8597376454741724,386.2919708029197,0.27007299270072993,12,19,69,49,13,30,25,25,8,38,25,0.13138686131386862,0.45985401459854014,0.10218978102189781,0.0364963503649635,0.0
P446630,136,4.455882352941177,0.875,0.5052302619086877,480.65441176470586,0.14705882352941177,1,8,16,5,1,13,13,14,0,67,22,0.051470588235294115,0.5808823529411765,0.09558823529411764,0.125,0.0
P423157,136,3.8529411764705883,0.7352941176470589,0.7519323040864297,315.47058823529414,0.21323529411764705,0,0,0,0,11,1,0,0,0,36,42,0.03676470588235294,0.5073529411764706,0.14705882352941177,0.09558823529411764,0.0
P379709,136,3.411764705882353,0.5294117647058824,0.673964666823546,380.86764705882354,0.19852941176470587,7,23,98,41,70,12,9,13,6,51,31,0.15441176470588236,0.4264705882352941,0.16176470588235295,0.058823529411764705,0.0
P439672,136,3.698529411764706,0.6911764705882353,0.7422844318802967,231.03676470588235,0.16911764705882354,0,0,13,2,1,0,1,5,0,34,15,0.029411764705882353,0.5220588235294118,0.19117647058823528,0.08823529411764706,0.0
P447200,135,4.4148148148148145,0.837037037037037,0.8645633460264507,378.6074074074074,0.45185185185185184,4,32,101,67,17,27,25,14,5,60,24,,0.37037037037037035,0.1111111111111111,0.06666666666666667,0.0
P386755,135,4.407407407407407,0.890625,0.7344767188324648,322.3925925925926,0.1925925925925926,0,1,1,3,3,1,11,0,0,32,55,0.05185185185185185,0.5407407407407407,0.11851851851851852,0.0962962962962963,0.0
P413613,134,4.149253731343284,0.8095238095238095,0.7444890323877335,332.36567164179104,0.1865671641791045,2,2,13,13,7,4,9,7,0,30,35,0.21641791044776118,0.40298507462686567,0.06716417910447761,0.12686567164179105,0.0
P504277,134,4.656716417910448,0.9402985074626866,0.4090909090909091,377.13432835820896,0.23134328358208955,3,21,105,27,32,6,6,8,3,71,19,0.014925373134328358,0.5671641791044776,0.16417910447761194,0.022388059701492536,0.0
P440658,134,4.395522388059701,0.8805970149253731,0.8137581326940038,373.64179104477614,0.17164179104477612,0,9,14,44,9,28,19,0,0,46,29,,0.6044776119402985,0.12686567164179105,0.09701492537313433,0.0
P500002,134,4.2835820895522385,0.9029850746268657,0.7786207738912331,401.25373134328356,0.022388059701492536,5,29,48,14,37,10,6,20,6,72,24,0.007462686567164179,0.6940298507462687,0.19402985074626866,0.08208955223880597,0.0
P469524,133,4.2556390977443606,0.7969924812030075,0.8427433646836523,387.7593984962406,0.13533834586466165,8,53,29,40,10,30,32,6,9,40,38,,0.5037593984962406,0.11278195488721804,0.24812030075187969,0.0
P395389,133,4.421052631578948,0.8859649122807017,0.8072486166115646,392.22556390977445,0.12781954887218044,0,0,4,1,1,33,0,0,1,19,72,0.13533834586466165,0.5338345864661654,0.11278195488721804,0.09022556390977443,0.0
P451748,132,4.159090909090909,0.8560606060606061,0.4716862539450328,369.6818181818182,0.08333333333333333,12,12,18,22,38,13,15,21,17,61,39,,0.4621212121212121,0.24242424242424243,0.21212121212121213,0.0
P410756,132,4.075757575757576,0.65,0.7419424357923489,645.2878787878788,0.06060606060606061,5,32,24,14,44,15,23,15,9,68,50,0.7045454545454546,0.13636363636363635,0.06060606060606061,0.03787878787878788,0.0
P504637,132,4.871212121212121,0.9924242424242424,0.2,340.0,0.26515151515151514,26,4,13,18,12,41,12,18,6,72,54,0.022727272727272728,0.553030303030303,0.08333333333333333,0.07575757575757576,0.0
P411881,131,3.4427480916030535,0.4666666666666667,0.6863590065658707,368.35114503816794,0.183206106870229,1,2,20,17,1,21,3,7,2,31,47,0.19083969465648856,0.3816793893129771,0.1297709923664122,0.11450381679389313,0.0
P476683,131,4.473282442748092,0.9312977099236641,0.31285583777259096,374.03053435114504,0.22900763358778625,7,6,30,11,2,6,3,4,1,47,34,0.022900763358778626,0.5343511450381679,0.11450381679389313,0.09923664122137404,0.0
P476733,131,4.015267175572519,0.7557251908396947,0.8407893889816478,357.7175572519084,0.09923664122137404,5,51,16,16,7,9,8,2,2,49,24,0.022900763358778626,0.48091603053435117,0.09923664122137404,0.29770992366412213,0.0
P482696,131,4.534351145038168,0.916030534351145,0.6861834248451337,382.67175572519085,0.21374045801526717,22,13,59,17,39,22,2,14,3,71,26,0.030534351145038167,0.5572519083969466,0.12213740458015267,0.07633587786259542,0.0
P471097,130,4.546153846153846,0.9,0.47285909786683705,418.7692307692308,0.2076923076923077,1,1,6,4,0,4,0,5,0,55,52,0.015384615384615385,0.5692307692307692,0.13076923076923078,0.07692307692307693,0.0
P397622,130,4.053846153846154,0.794392523364486,0.7952733547777258,234.09230769230768,0.2076923076923077,0,10,49,32,22,27,17,3,4,29,13,0.2,0.45384615384615384,0.08461538461538462,0.05384615384615385,0.0
P408301,129,3.8449612403100777,0.6071428571428571,0.798082838825723,403.71317829457365,0.07751937984496124,0,12,10,27,22,14,33,0,0,51,33,0.3798449612403101,0.3333333333333333,0.12403100775193798,0.08527131782945736,0.0
P447199,129,3.9844961240310077,0.7131782945736435,0.8184365199804307,311.6666666666667,0.20930232558139536,1,3,27,13,23,12,14,2,8,23,19,,0.5271317829457365,0.20930232558139536,0.05426356589147287,0.0
P502986,129,4.891472868217054,0.9922480620155039,0.0,287.0077519379845,0.13178294573643412,2,0,7,0,0,2,0,5,3,60,20,0.03875968992248062,0.5271317829457365,0.1937984496124031,0.10852713178294573,0.0
P394702,129,3.8372093023255816,0.75,0.8003804695553485,332.1860465116279,0.13178294573643412,2,4,48,17,4,19,4,17,3,24,37,0.37209302325581395,0.3333333333333333,0.10077519379844961,0.06201550387596899,0.0
P470240,129,4.1937984496124034,0.7596899224806202,0.7788164203657824,246.84496124031008,0.20930232558139536,0,14,12,14,30,14,26,13,18,35,30,0.015503875968992248,0.4806201550387597,0.18604651162790697,0.10852713178294573,0.0
P503920,129,4.875968992248062,0.9922480620155039,0.8436507793033824,403.71317829457365,0.2713178294573643,1,1,5,18,1,47,7,1,0,65,53,0.06201550387596899,0.49612403100775193,0.10077519379844961,0.06976744186046512,0.0
P474844,128,4.609375,0.921875,0.8629337300856909,396.3515625,0.234375,7,19,41,7,20,13,2,17,5,65,45,0.015625,0.4453125,0.21875,0.0859375,0.0
P440933,127,3.984251968503937,0.7244094488188977,0.8516131333022747,222.64566929133858,0.13385826771653545,0,10,6,19,3,23,29,0,0,30,40,0.031496062992125984,0.5748031496062992,0.10236220472440945,0.15748031496062992,0.0
P500318,127,4.440944881889764,0.8976377952755905,0.7357579746160162,313.86614173228344,0.007874015748031496,16,19,9,8,38,13,17,13,6,60,29,,0.7401574803149606,0.1732283464566929,0.07874015748031496,0.0
P484081,127,4.519685039370079,0.9291338582677166,0.824380015922805,316.244094488189,0.16535433070866143,3,16,41,18,13,13,2,12,0,54,22,0.031496062992125984,0.5196850393700787,0.11811023622047244,0.16535433070866143,0.0
P482025,127,4.803149606299213,0.984251968503937,0.9291666746139526,472.5748031496063,0.25196850393700787,1,26,94,31,47,14,7,19,3,77,21,,0.49606299212598426,0.16535433070866143,0.08661417322834646,0.0
P440483,126,3.9603174603174605,0.7698412698412699,0.8158332311162134,223.5793650793651,0.1984126984126984,2,7,30,16,21,15,13,0,8,49,12,0.031746031746031744,0.5,0.12698412698412698,0.14285714285714285,0.0
P473148,126,4.380952380952381,0.873015873015873,0.8381679785251618,311.3253968253968,0.23015873015873015,2,9,45,45,25,27,25,1,1,67,20,0.023809523809523808,0.5317460317460317,0.14285714285714285,0.07142857142857142,0.0
P476726,125,4.36,0.912,0.7000000006274173,315.704,0.048,2,18,6,26,46,52,15,0,0,67,25,0.016,0.4,0.096,0.44,0.0
P453818,125,4.464,0.912,0.8920267548443924,357.032,0.272,3,18,47,28,7,38,11,6,0,51,30,0.016,0.456,0.144,0.112,0.0
P377178,125,4.128,0.7777777777777778,0.7552509281511713,305.136,0.192,3,8,26,9,8,8,9,5,0,23,50,0.336,0.36,0.064,0.048,0.0
P429522,125,3.616,0.576,0.7959607305510021,264.24,0.2,17,46,21,16,15,17,16,12,2,35,18,0.008,0.584,0.104,0.104,0.0
P483700,124,4.379032258064516,0.8790322580645161,0.5614776810010275,323.0241935483871,0.2661290322580645,14,4,43,10,11,33,2,9,1,59,30,0.024193548387096774,0.4274193548387097,0.25,0.03225806451612903,0.0
P398502,124,4.435483870967742,0.8640776699029126,0.5679562902378459,466.3225806451613,0.11290322580645161,0,5,13,9,0,27,28,10,0,45,48,0.1774193548387097,0.5645161290322581,0.08064516129032258,0.06451612903225806,0.0
P444967,124,4.096774193548387,0.782258064516129,0.7827440914797023,193.66935483870967,0.1935483870967742,0,4,21,17,30,11,7,2,3,37,10,0.008064516129032258,0.5403225806451613,0.16129032258064516,0.0967741935483871,0.0
P471041,123,4.333333333333333,0.8455284552845529,0.5441133824423847,259.3333333333333,0.14634146341463414,0,8,11,17,21,31,19,2,10,38,32,0.0975609756097561,0.4959349593495935,0.13821138211382114,0.12195121951219512,0.0
P433519,123,3.5284552845528454,0.6260162601626016,0.7681020785932956,456.390243902439,0.2926829268292683,0,27,34,30,46,8,15,20,51,71,31,0.016260162601626018,0.45528455284552843,0.17886178861788618,0.056910569105691054,0.0
P502997,123,3.6341463414634148,0.6721311475409836,0.8055977968202122,336.5609756097561,0.17073170731707318,16,5,11,25,36,22,90,4,3,42,46,0.08130081300813008,0.4796747967479675,0.11382113821138211,0.15447154471544716,0.0
P442854,122,3.6311475409836067,0.7131147540983607,0.6524088694801871,395.74590163934425,0.1885245901639344,0,1,5,2,1,10,26,0,0,15,69,,0.5737704918032787,0.13114754098360656,0.10655737704918032,0.0
P470535,122,4.737704918032787,0.9508196721311475,0.610418530831854,409.6639344262295,0.1885245901639344,2,7,10,6,20,22,11,6,7,76,42,0.040983606557377046,0.5163934426229508,0.1557377049180328,0.09836065573770492,0.0
P464242,122,4.508196721311475,0.9508196721311475,0.7459025344876355,395.2950819672131,0.13114754098360656,7,14,49,19,8,13,14,14,39,80,36,0.00819672131147541,0.5491803278688525,0.1885245901639344,0.12295081967213115,0.0
P436365,121,3.5041322314049586,0.6776859504132231,0.6567126035544217,441.26446280991735,0.2644628099173554,3,4,17,29,18,46,21,3,0,41,39,,0.49586776859504134,0.1487603305785124,0.09090909090909091,0.0
P455212,121,3.512396694214876,0.6446280991735537,0.8246178436895897,274.6115702479339,0.14049586776859505,0,1,20,18,9,9,5,4,3,32,19,0.008264462809917356,0.5537190082644629,0.17355371900826447,0.12396694214876033,0.0
P444614,120,3.783333333333333,0.7,0.7932653824036772,441.225,0.19166666666666668,0,0,12,14,39,1,1,1,14,14,19,,0.4666666666666667,0.2,0.14166666666666666,0.0
P392143,120,3.65,0.6538461538461539,0.7650184808116333,446.2416666666667,0.23333333333333334,0,13,42,20,51,14,15,1,1,23,28,0.24166666666666667,0.36666666666666664,0.1,0.058333333333333334,0.0
P399755,120,4.391666666666667,0.8833333333333333,0.7834463992944131,362.075,0.19166666666666668,0,0,7,2,2,35,0,0,1,11,63,0.016666666666666666,0.55,0.125,0.11666666666666667,0.0
P468850,120,4.7,0.9416666666666667,0.3275619195855182,404.1333333333333,0.26666666666666666,24,27,109,24,27,23,7,8,10,71,32,0.008333333333333333,0.4666666666666667,0.15,0.10833333333333334,0.0
P502046,119,4.5966386554621845,0.9411764705882353,0.8300237690026944,276.47058823529414,0.20168067226890757,29,24,77,8,44,7,8,15,14,65,13,,0.6050420168067226,0.12605042016806722,0.06722689075630252,0.0
P416344,119,4.0,0.7027027027027027,0.7237158690889677,304.7647058823529,0.16806722689075632,0,15,20,39,21,15,12,0,1,53,14,0.07563025210084033,0.5378151260504201,0.08403361344537816,0.13445378151260504,0.0
P500113,119,4.050420168067227,0.865546218487395,0.5614035255030582,351.94117647058823,0.058823529411764705,2,44,16,32,46,37,26,0,1,60,18,0.008403361344537815,0.5462184873949579,0.025210084033613446,0.36134453781512604,0.0
P392472,118,4.02542372881356,0.8095238095238095,0.8201346320933417,318.47457627118644,0.0847457627118644,0,25,9,40,15,18,23,0,0,55,24,0.3474576271186441,0.3474576271186441,0.0847457627118644,0.13559322033898305,0.0
P442859,118,4.372881355932203,0.8389830508474576,0.7767711481168157,399.6694915254237,0.1694915254237288,0,12,17,35,2,30,31,1,1,61,31,0.01694915254237288,0.576271186440678,0.11016949152542373,0.1271186440677966,0.0
P503878,118,4.601694915254237,0.9067796610169492,0.9049093114432468,234.47457627118644,0.3305084745762712,0,3,42,22,29,5,0,0,23,38,13,0.09322033898305085,0.3474576271186441,0.1694915254237288,0.059322033898305086,0.0
P503927,117,4.589743589743589,0.9401709401709402,0.7973333203792572,271.1794871794872,0.39316239316239315,0,0,29,26,11,12,4,1,6,53,19,0.10256410256410256,0.19658119658119658,0.28205128205128205,0.02564102564102564,0.0
P460554,117,4.6068376068376065,0.9401709401709402,0.7664282401954686,348.6837606837607,0.11965811965811966,0,9,12,22,19,29,47,3,1,35,39,,0.5555555555555556,0.1623931623931624,0.1623931623931624,0.0
P500109,116,4.137931034482759,0.8017241379310345,0.7829861032466093,279.0948275862069,0.1810344827586207,7,11,50,8,28,23,3,8,7,51,19,0.02586206896551724,0.5689655172413793,0.12931034482758622,0.09482758620689655,0.0
P380027,116,4.439655172413793,0.8703703703703703,0.7619525190395645,268.4051724137931,0.08620689655172414,0,16,5,39,20,14,20,0,1,56,20,0.28448275862068967,0.43103448275862066,0.10344827586206896,0.09482758620689655,0.0
P504325,116,4.853448275862069,0.9827586206896551,0.8352713023507318,344.38793103448273,0.2413793103448276,12,8,38,14,15,10,3,7,7,41,18,0.017241379310344827,0.5086206896551724,0.14655172413793102,0.08620689655172414,0.0
P448537,116,4.224137931034483,0.853448275862069,0.7662675156466012,282.7155172413793,0.1810344827586207,7,3,14,8,9,22,16,4,6,33,36,0.008620689655172414,0.5689655172413793,0.14655172413793102,0.09482758620689655,0.0
P433975,116,4.2155172413793105,0.8189655172413793,0.8293120938998002,287.92241379310343,0.16379310344827586,13,2,34,7,8,13,0,7,1,39,29,0.04310344827586207,0.49137931034482757,0.25,0.05172413793103448,0.0
P388262,116,3.7758620689655173,0.717948717948718,0.7894651153177585,325.98275862068965,0.16379310344827586,1,3,30,16,7,15,2,9,0,39,33,0.25,0.3793103448275862,0.16379310344827586,0.04310344827586207,0.0
P446916,115,4.2,0.8434782608695652,0.840916393500454,360.9130434782609,0.24347826086956523,3,14,33,46,18,26,2,3,2,32,41,0.06956521739130435,0.4434782608695652,0.1565217391304348,0.08695652173913043,0.0
P407040,115,4.130434782608695,0.8372093023255814,0.7691720447848353,373.5739130434783,0.11304347826086956,2,14,16,29,2,21,100,7,4,23,44,0.3565217391304348,0.34782608695652173,0.043478260869565216,0.1391304347826087,0.0
P412117,114,4.307017543859649,0.7640449438202247,0.8452627606531407,333.719298245614,0.35964912280701755,2,28,63,69,19,23,8,12,2,35,25,0.15789473684210525,0.42105263157894735,0.05263157894736842,0.008771929824561403,0.0
P461936,114,4.12280701754386,0.8421052631578947,0.619538351893425,397.92105263157896,0.2807017543859649,1,0,1,1,0,1,0,0,1,36,43,0.03508771929824561,0.47368421052631576,0.14035087719298245,0.07017543859649122,0.0
P474110,114,4.649122807017544,0.9298245614035088,0.8082144483067524,364.7894736842105,0.2543859649122807,10,6,17,10,32,28,13,25,21,51,42,0.017543859649122806,0.631578947368421,0.07017543859649122,0.02631578947368421,0.0
P446638,113,4.575221238938053,0.9557522123893806,0.7444992849360341,454.13274336283183,0.22123893805309736,2,14,9,25,23,28,15,0,0,63,33,0.035398230088495575,0.5486725663716814,0.09734513274336283,0.09734513274336283,0.0
P449102,112,4.383928571428571,0.8928571428571429,0.8302518102683519,242.63392857142858,0.125,2,3,36,6,26,0,0,0,49,35,8,0.017857142857142856,0.5535714285714286,0.16071428571428573,0.14285714285714285,0.0
P483696,112,4.660714285714286,0.9285714285714286,0.7056584196326173,322.07142857142856,0.24107142857142858,1,8,17,43,20,24,7,0,0,75,24,0.017857142857142856,0.5625,0.10714285714285714,0.07142857142857142,0.0
P397465,112,4.151785714285714,0.7682926829268293,0.7786371535979785,181.25,0.16071428571428573,0,2,39,13,44,2,0,0,6,29,6,0.19642857142857142,0.49107142857142855,0.07142857142857142,0.08035714285714286,0.0
P471761,112,4.366071428571429,0.8660714285714286,0.7880597989493554,284.70535714285717,0.16071428571428573,0,11,41,15,7,20,15,2,3,38,26,0.008928571428571428,0.625,0.14285714285714285,0.0625,0.0
P483698,112,4.589285714285714,0.9017857142857143,0.38622682304172723,300.91964285714283,0.25892857142857145,26,15,91,24,19,14,10,17,7,52,22,0.017857142857142856,0.49107142857142855,0.13392857142857142,0.09821428571428571,0.0
P500746,112,4.544642857142857,0.9196428571428571,0.7436540811448484,288.8392857142857,0.2767857142857143,29,13,75,33,9,17,11,15,26,59,15,0.03571428571428571,0.45535714285714285,0.14285714285714285,0.08928571428571429,0.0
P469196,111,3.7567567567567566,0.6756756756756757,0.8220779298275125,236.63063063063063,0.14414414414414414,0,0,0,0,0,0,0,0,1,7,5,0.05405405405405406,0.5315315315315315,0.13513513513513514,0.13513513513513514,0.0
P501166,111,4.657657657657658,0.9459459459459459,0.8370258894833651,332.8018018018018,0.11711711711711711,23,15,77,8,20,15,19,18,9,54,31,0.05405405405405406,0.32432432432432434,0.34234234234234234,0.16216216216216217,0.0
P483661,111,4.513513513513513,0.9009009009009009,0.6846197583157607,358.52252252252254,0.17117117117117117,7,6,15,11,28,56,13,21,9,68,35,0.05405405405405406,0.5765765765765766,0.13513513513513514,0.06306306306306306,0.0
P500117,111,4.342342342342342,0.8198198198198198,0.7857979858915011,272.3243243243243,0.23423423423423423,17,26,4,5,41,17,5,4,7,31,12,0.036036036036036036,0.44144144144144143,0.21621621621621623,0.07207207207207207,0.0
P503652,110,4.418181818181818,0.9090909090909091,0.8974358974358975,358.6727272727273,0.20909090909090908,6,42,70,38,54,16,12,11,3,52,15,0.09090909090909091,0.509090909090909,0.11818181818181818,0.07272727272727272,0.0
P433618,110,4.245454545454545,0.7818181818181819,0.7886893727043842,335.9909090909091,0.13636363636363635,0,21,8,40,15,15,20,1,0,54,15,,0.6,0.12727272727272726,0.13636363636363635,0.0
P440317,109,3.623853211009174,0.6422018348623854,0.8045112641071374,341.4954128440367,0.27522935779816515,1,19,44,14,59,17,12,7,1,35,31,0.01834862385321101,0.46788990825688076,0.1559633027522936,0.08256880733944955,0.0
P501421,109,4.6880733944954125,0.9724770642201835,0.906442902982235,308.8532110091743,0.1834862385321101,3,14,20,26,20,12,3,0,4,63,26,0.045871559633027525,0.5504587155963303,0.10091743119266056,0.11926605504587157,0.0
P460758,109,4.146788990825688,0.7247706422018348,0.5524180228398605,421.4954128440367,0.27522935779816515,8,12,46,26,20,29,11,14,4,50,32,0.009174311926605505,0.5412844036697247,0.06422018348623854,0.11009174311926606,0.0
P430813,108,4.083333333333333,0.75,0.8142815305906184,276.8796296296296,0.19444444444444445,0,7,23,8,17,15,6,3,7,38,24,0.009259259259259259,0.5833333333333334,0.09259259259259259,0.12037037037037036,0.0
P417625,108,3.9166666666666665,0.7156862745098039,0.6984495079517364,351.1111111111111,0.10185185185185185,8,8,18,10,11,13,2,10,1,31,34,0.046296296296296294,0.5185185185185185,0.25,0.08333333333333333,0.0
P504988,108,4.703703703703703,0.9722222222222222,0.7921052637853121,322.6574074074074,0.12037037037037036,0,9,12,25,20,17,6,0,0,63,20,0.037037037037037035,0.6203703703703703,0.10185185185185185,0.12037037037037036,0.0
P501031,108,4.574074074074074,0.9814814814814815,0.7109557309975991,346.4259259259259,0.08333333333333333,3,2,11,21,23,37,17,0,3,54,34,0.009259259259259259,0.6296296296296297,0.12962962962962962,0.14814814814814814,0.0
P482327,108,3.9537037037037037,0.7314814814814815,0.7410642650113048,227.27777777777777,0.25925925925925924,0,7,17,28,1,14,13,1,0,38,19,0.046296296296296294,0.5277777777777778,0.09259259259259259,0.07407407407407407,0.0
P457694,108,4.212962962962963,0.8240740740740741,0.7874999352863856,468.9537037037037,0.2037037037037037,0,2,6,10,20,36,32,1,1,54,55,,0.5370370370370371,0.1574074074074074,0.10185185185185185,0.0
P483701,108,4.574074074074074,0.8611111111111112,0.8394048406231788,330.31481481481484,0.25,2,13,44,17,14,21,12,7,3,43,38,0.046296296296296294,0.5555555555555556,0.07407407407407407,0.07407407407407407,0.0
P464244,107,4.598130841121495,0.9439252336448598,0.8669077279892835,340.22429906542055,0.14018691588785046,3,6,11,17,27,15,12,6,5,49,32,0.009345794392523364,0.5420560747663551,0.19626168224299065,0.11214953271028037,0.0
P454821,107,3.878504672897196,0.7476635514018691,0.8252811463106247,486.6448598130841,0.2336448598130841,0,4,1,5,0,9,12,0,0,33,37,0.028037383177570093,0.5327102803738317,0.09345794392523364,0.11214953271028037,0.0
P468149,107,4.205607476635514,0.8130841121495327,0.6666255561867729,381.7943925233645,0.16822429906542055,0,0,0,0,1,2,0,0,1,33,31,0.018691588785046728,0.5514018691588785,0.09345794392523364,0.16822429906542055,0.0
P475172,106,4.716981132075472,0.9245283018867925,0.6260561937825722,344.0377358490566,0.2641509433962264,6,8,40,22,33,12,1,9,6,73,15,0.018867924528301886,0.5471698113207547,0.12264150943396226,0.04716981132075472,0.0
P440926,105,4.114285714285714,0.7714285714285715,0.7912468777315037,251.2095238095238,0.3047619047619048,0,17,53,28,27,23,14,3,13,38,22,0.009523809523809525,0.5047619047619047,0.13333333333333333,0.047619047619047616,0.0
P433468,105,4.114285714285714,0.7428571428571429,0.6322861204108039,397.8857142857143,0.047619047619047616,2,10,13,24,12,18,77,1,3,22,50,,0.6190476190476191,0.10476190476190476,0.22857142857142856,0.0
P440929,105,4.476190476190476,0.8952380952380953,0.8245863192453143,225.1809523809524,0.1523809523809524,1,7,7,27,8,24,13,0,0,43,15,0.0380952380952381,0.5428571428571428,0.12380952380952381,0.14285714285714285,0.0
P402992,105,3.4380952380952383,0.632183908045977,0.7421782544681004,434.5809523809524,0.1523809523809524,0,1,1,3,0,2,1,0,1,31,54,0.0761904761904762,0.4666666666666667,0.21904761904761905,0.08571428571428572,0.0
P385320,105,3.4380952380952383,0.632183908045977,0.7421782544681004,434.5809523809524,0.1523809523809524,0,1,1,3,0,2,1,0,1,31,54,0.0761904761904762,0.4666666666666667,0.21904761904761905,0.08571428571428572,0.0
P464240,105,4.40952380952381,0.9047619047619048,0.685666698217392,418.2857142857143,0.10476190476190476,0,11,10,16,8,27,77,2,1,39,42,,0.6476190476190476,0.06666666666666667,0.18095238095238095,0.0
P483146,104,4.586538461538462,0.9134615384615384,0.8086740575157679,277.71153846153845,0.25,4,6,9,22,9,19,7,1,1,31,23,0.019230769230769232,0.46153846153846156,0.17307692307692307,0.09615384615384616,0.0
P444225,104,4.221153846153846,0.8269230769230769,0.808710799395264,279.2980769230769,0.14423076923076922,0,10,10,25,15,19,27,1,0,45,20,0.009615384615384616,0.5673076923076923,0.125,0.15384615384615385,0.0
P410755,104,4.134615384615385,0.5714285714285714,0.5975630732550137,637.625,0.04807692307692308,3,21,9,7,15,17,27,16,8,51,52,0.875,0.019230769230769232,0.057692307692307696,,0.0
P429661,103,4.203883495145631,0.8058252427184466,0.6768117059881871,371.77669902912623,0.0970873786407767,9,39,28,15,4,4,8,6,1,40,32,,0.5533980582524272,0.08737864077669903,0.2621359223300971,0.0
P429526,103,4.427184466019417,0.8640776699029126,0.7410561634253149,308.747572815534,0.22330097087378642,3,18,35,21,7,5,32,11,1,33,15,,0.5631067961165048,0.1262135922330097,0.08737864077669903,0.0
P403748,102,3.911764705882353,0.7105263157894737,0.7561186173498028,282.0882352941176,0.11764705882352941,1,7,13,11,6,12,18,11,12,28,28,0.3431372549019608,0.35294117647058826,0.12745098039215685,0.058823529411764705,0.0
P475112,102,4.53921568627451,0.8921568627450981,0.7434232116032106,304.0098039215686,0.06862745098039216,6,56,74,17,16,14,12,4,6,58,22,0.049019607843137254,0.45098039215686275,0.12745098039215685,0.30392156862745096,0.0
P393501,102,3.872549019607843,0.782608695652174,0.732641134221675,311.38235294117646,0.049019607843137254,1,11,13,29,6,18,74,0,1,26,35,0.35294117647058826,0.43137254901960786,0.049019607843137254,0.11764705882352941,0.0
P383052,102,3.7745098039215685,0.4772727272727273,0.8625370658688493,339.96078431372547,0.1568627450980392,0,3,23,1,10,3,1,6,6,25,33,0.22549019607843138,0.4215686274509804,0.16666666666666666,0.029411764705882353,0.0
P468672,102,4.53921568627451,0.9411764705882353,0.7755555503070355,274.69607843137254,0.11764705882352941,4,6,3,27,7,23,66,4,3,27,38,0.0392156862745098,0.5784313725490197,0.10784313725490197,0.1568627450980392,0.0
P377919,101,4.287128712871287,0.8409090909090909,0.8440841279732876,265.74257425742576,0.19801980198019803,0,11,10,37,18,18,7,0,0,46,17,0.21782178217821782,0.36633663366336633,0.13861386138613863,0.07920792079207921,0.0
P464237,101,3.881188118811881,0.7425742574257426,0.7013611134428245,426.7821782178218,0.12871287128712872,3,5,17,4,9,12,1,10,1,52,46,0.009900990099009901,0.48514851485148514,0.24752475247524752,0.12871287128712872,0.0
P482675,101,4.683168316831683,0.9405940594059405,0.6763888984918595,322.46534653465346,0.19801980198019803,2,2,19,5,3,7,4,7,1,51,25,0.0594059405940594,0.6336633663366337,0.06930693069306931,0.039603960396039604,0.0
P395417,100,3.67,0.5925925925925926,0.7436189469976389,711.68,0.02,0,0,1,2,1,8,2,0,0,13,86,0.74,0.16,0.08,,0.0
P467972,100,4.75,0.96,0.9354007311703003,367.32,0.19,1,12,12,7,18,14,16,8,7,46,23,0.03,0.53,0.17,0.08,0.0
P482510,100,4.67,0.94,0.8642119522704634,423.54,0.12,2,30,37,24,27,22,12,13,3,56,19,,0.57,0.22,0.09,0.0
P475540,100,4.73,0.95,0.8684484043291637,310.34,0.34,2,26,81,49,28,18,17,6,1,42,11,0.02,0.44,0.12,0.08,0.0
P505338,100,4.93,1.0,0.4105741015889428,382.23,0.2,4,11,12,38,11,18,16,5,5,60,22,0.02,0.55,0.12,0.11,0.0
P469086,100,4.73,0.94,0.8622501013654001,248.13,0.19,1,0,0,6,0,13,1,2,0,46,20,0.03,0.59,0.12,0.07,0.0
P455618,100,4.37,0.87,0.6796303767669987,299.77,0.15,7,20,15,4,31,10,5,3,8,32,7,,0.53,0.19,0.13,0.0
P447504,100,3.97,0.74,0.7388141956380618,378.03,0.27,5,7,20,7,33,23,17,9,6,35,30,,0.44,0.18,0.11,0.0
P505711,100,4.69,0.97,0.8,290.41,0.32,13,22,36,14,13,11,3,5,10,38,19,0.05,0.42,0.16,0.05,0.0
P505408,100,4.21,0.85,0.8,351.96,0.13,12,15,37,6,9,8,0,11,6,55,26,0.02,0.5,0.22,0.13,0.0
P392004,99,4.383838383838384,0.85,0.8045042427791946,356.6969696969697,0.1717171717171717,1,23,39,38,50,22,18,6,2,26,13,0.41414141414141414,0.36363636363636365,0.030303030303030304,0.020202020202020204,0.0
P504523,99,3.888888888888889,0.7777777777777778,0.7691184804763322,279.5959595959596,0.40404040404040403,1,22,25,30,35,5,3,3,11,34,10,0.010101010101010102,0.3333333333333333,0.16161616161616163,0.09090909090909091,0.0
P455931,99,4.444444444444445,0.898989898989899,0.8580996009920324,297.55555555555554,0.12121212121212122,4,24,18,19,24,15,13,2,2,52,21,0.010101010101010102,0.6464646464646465,0.09090909090909091,0.13131313131313133,0.0
P433974,99,4.575757575757576,0.9292929292929293,0.7951812295195384,292.72727272727275,0.16161616161616163,12,16,47,14,28,8,3,17,7,48,10,0.030303030303030304,0.5757575757575758,0.15151515151515152,0.08080808080808081,0.0
P460627,99,3.1515151515151514,0.5151515151515151,0.7752200311168711,360.6868686868687,0.1717171717171717,0,2,2,6,25,11,46,0,0,15,40,0.030303030303030304,0.5757575757575758,0.09090909090909091,0.13131313131313133,0.0
P480165,98,4.76530612244898,0.9693877551020408,0.644206959181107,384.5204081632653,0.22448979591836735,0,8,53,16,6,13,10,3,0,35,13,0.04081632653061224,0.4897959183673469,0.14285714285714285,0.10204081632653061,0.0
P504849,98,4.836734693877551,0.9897959183673469,0.8333333333333334,350.44897959183675,0.25510204081632654,11,14,52,25,12,7,6,14,12,46,29,0.05102040816326531,0.5612244897959183,0.09183673469387756,0.04081632653061224,0.0
P429659,98,4.255102040816326,0.8061224489795918,0.8710249267126384,307.265306122449,0.37755102040816324,1,9,41,20,13,12,4,5,2,31,16,0.01020408163265306,0.42857142857142855,0.10204081632653061,0.08163265306122448,0.0
P500614,97,4.701030927835052,0.9278350515463918,0.8553415636221567,339.2886597938144,0.09278350515463918,1,7,7,29,35,16,13,1,0,66,22,0.020618556701030927,0.5876288659793815,0.18556701030927836,0.1134020618556701,0.0
P469111,96,4.635416666666667,0.9270833333333334,0.7673151431575654,432.2604166666667,0.17708333333333334,10,5,14,5,14,12,0,8,1,38,35,0.03125,0.5833333333333334,0.10416666666666667,0.10416666666666667,0.0
P463613,96,3.46875,0.6458333333333334,0.7938433997771319,330.125,0.3333333333333333,1,23,63,44,9,20,21,2,5,39,14,0.03125,0.46875,0.07291666666666667,0.09375,0.0
P505047,96,4.927083333333333,0.9791666666666666,0.25,327.1145833333333,0.13541666666666666,10,7,24,9,10,14,4,6,1,53,31,0.03125,0.5416666666666666,0.17708333333333334,0.11458333333333333,0.0
P442853,95,3.968421052631579,0.7368421052631579,0.8220208402602903,471.11578947368423,0.16842105263157894,1,1,6,13,0,11,59,1,0,14,51,0.010526315789473684,0.6526315789473685,0.06315789473684211,0.10526315789473684,0.0
P463964,95,3.8210526315789473,0.6421052631578947,0.7671526877149459,392.2105263157895,0.23157894736842105,0,8,19,8,13,11,11,10,2,33,22,0.010526315789473684,0.5263157894736842,0.12631578947368421,0.10526315789473684,0.0
P442540,95,4.3578947368421055,0.8736842105263158,0.7961522025474603,301.37894736842105,0.06315789473684211,4,9,10,7,19,24,14,4,7,39,18,,0.6,0.14736842105263157,0.18947368421052632,0.0
P392142,95,4.021052631578947,0.72,0.8462354509343564,409.18947368421055,0.17894736842105263,0,14,15,21,19,12,11,0,1,32,28,0.21052631578947367,0.4631578947368421,0.09473684210526316,0.05263157894736842,0.0
P379705,94,3.882978723404255,0.7291666666666666,0.7795435430773769,365.40425531914894,0.1276595744680851,1,6,37,11,33,11,4,9,1,31,15,0.4574468085106383,0.35106382978723405,,0.06382978723404255,0.0
P379995,94,4.223404255319149,0.7209302325581395,0.7921491737446088,403.98936170212767,0.14893617021276595,1,16,16,15,5,5,9,7,6,40,27,0.23404255319148937,0.44680851063829785,0.06382978723404255,0.10638297872340426,0.0
P505140,94,4.531914893617022,0.9148936170212766,0.39329404367340937,313.3723404255319,0.23404255319148937,4,1,23,10,7,10,0,1,2,39,31,0.02127659574468085,0.5212765957446809,0.10638297872340426,0.11702127659574468,0.0
P471045,94,4.414893617021277,0.8936170212765957,0.7296942502260209,453.22340425531917,0.11702127659574468,18,36,17,13,28,10,6,21,7,56,18,0.010638297872340425,0.6595744680851063,0.07446808510638298,0.13829787234042554,0.0
P471567,93,4.462365591397849,0.8709677419354839,0.7404684494523441,357.3440860215054,0.15053763440860216,0,4,7,10,27,26,7,0,1,49,17,0.010752688172043012,0.6559139784946236,0.0967741935483871,0.08602150537634409,0.0
P502322,93,4.78494623655914,0.989247311827957,0.8953488372093024,356.80645161290323,0.21505376344086022,4,4,46,16,5,11,4,3,2,18,14,0.06451612903225806,0.5053763440860215,0.16129032258064516,0.053763440860215055,0.0
P471042,93,4.494623655913978,0.8494623655913979,0.47027007626589906,268.2258064516129,0.15053763440860216,6,23,78,19,13,15,16,5,3,43,13,0.13978494623655913,0.45161290322580644,0.16129032258064516,0.0967741935483871,0.0
P475180,93,4.236559139784946,0.8709677419354839,0.7421929993127522,326.10752688172045,0.11827956989247312,1,12,41,14,16,16,11,1,3,37,12,,0.6344086021505376,0.11827956989247312,0.12903225806451613,0.0
P474121,92,4.684782608695652,0.9565217391304348,0.6953108652748845,368.30434782608694,0.15217391304347827,7,14,57,7,16,8,3,9,4,57,38,0.021739130434782608,0.5978260869565217,0.17391304347826086,0.05434782608695652,0.0
P374115,92,4.076086956521739,0.8823529411764706,0.798255036957562,319.9782608695652,0.021739130434782608,6,45,29,18,1,8,11,5,2,21,33,0.358695652173913,0.34782608695652173,0.021739130434782608,0.25,0.0
P440072,92,3.7282608695652173,0.6630434782608695,0.7881844925529816,292.3369565217391,0.16304347826086957,6,7,28,11,12,13,15,5,11,39,17,,0.5652173913043478,0.20652173913043478,0.06521739130434782,0.0
P482328,92,3.9565217391304346,0.782608695652174,0.7768564930919445,192.25,0.20652173913043478,1,22,48,16,5,7,12,7,3,24,17,0.08695652173913043,0.4673913043478261,0.17391304347826086,0.06521739130434782,0.0
P422004,91,3.7472527472527473,0.6966292134831461,0.8106857115868479,312.31868131868134,0.27472527472527475,13,43,54,21,18,10,7,10,4,26,6,0.03296703296703297,0.4175824175824176,0.18681318681318682,0.08791208791208792,0.0
P455622,91,3.5824175824175826,0.6373626373626373,0.7360194063448644,329.74725274725273,0.16483516483516483,1,2,5,6,5,10,42,3,1,19,47,,0.4835164835164835,0.15384615384615385,0.1978021978021978,0.0
P468709,91,4.318681318681318,0.8681318681318682,0.8025301500327058,361.0989010989011,0.0989010989010989,0,11,16,3,0,10,15,2,4,19,28,0.03296703296703297,0.5714285714285714,0.07692307692307693,0.21978021978021978,0.0
P474940,91,3.5824175824175826,0.6373626373626373,0.7360194063448644,329.74725274725273,0.16483516483516483,1,2,5,6,5,10,42,3,1,19,47,,0.4835164835164835,0.15384615384615385,0.1978021978021978,0.0
P440484,91,4.43956043956044,0.8351648351648352,0.7529353226625151,248.3956043956044,0.18681318681318682,0,9,24,12,36,12,4,0,7,30,5,0.01098901098901099,0.4945054945054945,0.14285714285714285,0.16483516483516483,0.0
P2046,91,4.681318681318682,0.8636363636363636,0.704789770926748,216.24175824175825,0.03296703296703297,0,1,12,16,0,2,0,0,1,23,10,0.7582417582417582,0.16483516483516483,0.02197802197802198,0.02197802197802198,0.0
P469112,91,4.714285714285714,0.945054945054945,0.49565019458532333,481.85714285714283,0.16483516483516483,7,16,49,15,36,9,7,22,2,57,27,0.03296703296703297,0.6373626373626373,0.054945054945054944,0.10989010989010989,0.0
P474839,91,4.406593406593407,0.9010989010989011,0.8499903324991465,330.5824175824176,0.21978021978021978,0,0,0,0,1,1,0,0,0,31,34,,0.6153846153846154,0.07692307692307693,0.08791208791208792,0.0
P472467,90,4.488888888888889,0.8888888888888888,0.6505369318383081,298.0444444444444,0.17777777777777778,0,0,0,5,4,20,0,0,1,8,44,0.12222222222222222,0.45555555555555555,0.12222222222222222,0.12222222222222222,0.0
P424985,90,4.0,0.8,0.848963452236993,404.72222222222223,0.2222222222222222,0,1,5,8,33,6,5,3,10,4,21,0.011111111111111112,0.4444444444444444,0.2111111111111111,0.1111111111111111,0.0
P480608,90,4.477777777777778,0.9,0.8614324377133296,342.3666666666667,0.2,1,3,33,10,3,12,0,4,3,32,27,0.011111111111111112,0.5,0.15555555555555556,0.13333333333333333,0.0
P421271,90,3.066666666666667,0.4647887323943662,0.7021908968248788,310.03333333333336,0.12222222222222222,3,4,27,5,0,5,2,5,2,16,37,0.2,0.45555555555555555,0.18888888888888888,0.03333333333333333,0.0
P469517,90,4.533333333333333,0.9111111111111111,0.8360848990471467,302.2111111111111,0.15555555555555556,29,43,79,20,9,14,31,9,8,49,11,,0.5555555555555556,0.1,0.18888888888888888,0.0
P502200,89,4.764044943820225,0.9662921348314607,0.755555534362793,294.4719101123595,0.29213483146067415,19,8,59,25,19,11,2,13,7,55,13,0.056179775280898875,0.48314606741573035,0.14606741573033707,0.02247191011235955,0.0
P503683,89,4.696629213483146,0.9325842696629213,0.8444443980852763,295.8876404494382,0.21348314606741572,0,1,0,4,0,5,68,1,1,11,42,0.056179775280898875,0.5393258426966292,0.10112359550561797,0.0898876404494382,0.0
P456991,88,3.6931818181818183,0.6818181818181818,0.8192966468193952,324.17045454545456,0.29545454545454547,2,28,17,13,4,16,5,2,5,35,10,,0.48863636363636365,0.125,0.09090909090909091,0.0
P432421,88,3.7613636363636362,0.6704545454545454,0.6524394750595093,253.3409090909091,0.09090909090909091,0,7,3,2,4,2,13,5,5,23,13,0.03409090909090909,0.625,0.09090909090909091,0.1590909090909091,0.0
P474838,88,4.863636363636363,0.9772727272727273,0.6527777777777778,341.78409090909093,0.19318181818181818,0,0,0,0,1,1,0,0,2,27,20,0.045454545454545456,0.4772727272727273,0.13636363636363635,0.14772727272727273,0.0
P383051,88,4.011363636363637,0.6666666666666666,0.7848466860000477,408.9886363636364,0.1590909090909091,1,20,33,18,32,10,5,10,1,27,21,0.26136363636363635,0.375,0.17045454545454544,0.03409090909090909,0.0
P450587,88,4.670454545454546,0.9659090909090909,0.9249129990736643,325.4886363636364,0.23863636363636365,15,7,19,7,34,5,2,14,8,43,18,0.056818181818181816,0.5,0.13636363636363635,0.06818181818181818,0.0
P404169,88,4.034090909090909,0.7380952380952381,0.7369207771385418,304.3181818181818,0.125,1,4,12,9,2,17,0,4,1,14,29,0.29545454545454547,0.3977272727272727,0.13636363636363635,0.045454545454545456,0.0
P503809,88,4.7272727272727275,0.9545454545454546,0.9166666711198872,302.70454545454544,0.2159090909090909,15,4,35,18,7,25,3,10,5,44,15,0.03409090909090909,0.48863636363636365,0.1590909090909091,0.10227272727272728,0.0
P438643,87,4.471264367816092,0.8505747126436781,0.8084047192335129,294.4022988505747,0.11494252873563218,0,5,5,29,17,19,20,0,0,39,14,0.011494252873563218,0.5747126436781609,0.1839080459770115,0.11494252873563218,0.0
P479701,87,4.7011494252873565,0.9540229885057471,0.48682790050903957,367.55172413793105,0.19540229885057472,4,10,7,12,11,12,74,8,3,32,41,0.04597701149425287,0.4827586206896552,0.14942528735632185,0.12643678160919541,0.0
P471040,87,4.390804597701149,0.8505747126436781,0.45810345147388526,205.09195402298852,0.05747126436781609,2,12,5,31,9,17,15,0,0,38,14,0.13793103448275862,0.5172413793103449,0.1724137931034483,0.11494252873563218,0.0
P454771,86,4.534883720930233,0.8837209302325582,0.8612786391948132,287.5,0.22093023255813954,1,6,23,6,13,15,2,0,0,46,20,0.03488372093023256,0.47674418604651164,0.1744186046511628,0.09302325581395349,0.0
P440306,86,3.5813953488372094,0.6511627906976745,0.8236015060944344,255.34883720930233,0.19767441860465115,7,15,59,27,12,19,10,11,13,29,8,0.046511627906976744,0.43023255813953487,0.16279069767441862,0.16279069767441862,0.0
P402943,86,3.8255813953488373,0.6323529411764706,0.7438019519343095,369.7674418604651,0.11627906976744186,0,0,0,10,0,1,1,1,0,22,5,0.27906976744186046,0.3953488372093023,0.11627906976744186,0.09302325581395349,0.0
P382356,86,4.034883720930233,0.7647058823529411,0.7434942914945323,366.98837209302326,0.22093023255813954,3,19,38,15,14,21,10,8,1,34,22,0.2558139534883721,0.36046511627906974,0.13953488372093023,0.023255813953488372,0.0
P502197,86,4.825581395348837,0.9767441860465116,0.7720237985253334,297.0581395348837,0.27906976744186046,22,16,73,27,14,10,9,12,2,47,6,0.011627906976744186,0.5,0.16279069767441862,0.046511627906976744,0.0
P401570,86,4.5,0.90625,0.874873759491103,353.8255813953488,0.19767441860465115,0,6,15,20,14,33,14,1,3,36,16,0.16279069767441862,0.4186046511627907,0.09302325581395349,0.12790697674418605,0.0
P444013,85,4.117647058823529,0.8117647058823529,0.8072930580299151,309.5529411764706,0.18823529411764706,0,1,2,0,1,0,1,0,1,30,15,0.011764705882352941,0.5411764705882353,0.15294117647058825,0.10588235294117647,0.0
P456413,85,4.247058823529412,0.8117647058823529,0.8203348196629021,291.08235294117645,0.23529411764705882,0,12,13,32,23,29,11,0,0,32,13,0.011764705882352941,0.49411764705882355,0.10588235294117647,0.15294117647058825,0.0
P476679,84,4.880952380952381,0.9880952380952381,0.8186277127928204,328.4166666666667,0.10714285714285714,0,0,1,0,0,0,0,0,0,24,23,0.047619047619047616,0.6190476190476191,0.14285714285714285,0.08333333333333333,0.0
P450947,84,4.0,0.7976190476190477,0.7515217811777825,425.8095238095238,0.15476190476190477,0,3,20,10,5,19,19,4,2,17,31,0.011904761904761904,0.6071428571428571,0.11904761904761904,0.10714285714285714,0.0
P410101,84,3.4404761904761907,0.6081081081081081,0.8078385576417174,310.89285714285717,0.20238095238095238,7,22,7,10,6,16,15,5,2,18,14,0.08333333333333333,0.5357142857142857,0.09523809523809523,0.08333333333333333,0.0
P442539,84,4.261904761904762,0.8809523809523809,0.762729153323632,319.85714285714283,0.2976190476190476,5,9,26,13,33,16,10,4,13,36,16,,0.5238095238095238,0.08333333333333333,0.09523809523809523,0.0
P422005,84,3.7142857142857144,0.6538461538461539,0.7557048715891377,304.8333333333333,0.27380952380952384,4,28,58,41,8,11,15,1,6,23,13,0.08333333333333333,0.42857142857142855,0.10714285714285714,0.10714285714285714,0.0
P438628,84,4.583333333333333,0.8928571428571429,0.7945519436195673,338.0833333333333,0.20238095238095238,1,0,4,0,0,0,0,4,0,34,8,0.023809523809523808,0.4523809523809524,0.13095238095238096,0.19047619047619047,0.0
P500753,84,4.380952380952381,0.8571428571428571,0.8482566067918402,352.85714285714283,0.15476190476190477,1,6,17,8,24,25,9,5,2,41,17,0.03571428571428571,0.5476190476190477,0.15476190476190477,0.10714285714285714,0.0
P481341,83,4.566265060240964,0.927710843373494,0.6451937294356069,272.6385542168675,0.2289156626506024,18,14,65,19,6,12,5,5,6,44,18,,0.5662650602409639,0.10843373493975904,0.0963855421686747,0.0
P399656,83,4.542168674698795,0.9245283018867925,0.7989899092777208,317.65060240963857,0.14457831325301204,0,14,22,31,8,21,20,1,2,18,20,0.2289156626506024,0.4939759036144578,0.08433734939759036,0.04819277108433735,0.0
P504892,83,4.746987951807229,0.9759036144578314,1.0,280.6144578313253,0.07228915662650602,9,9,5,3,4,21,14,5,1,48,26,0.012048192771084338,0.5662650602409639,0.13253012048192772,0.21686746987951808,0.0
P482005,83,4.819277108433735,1.0,0.8867117295394072,357.2409638554217,0.1686746987951807,0,0,0,0,2,7,1,0,0,35,24,0.03614457831325301,0.6144578313253012,0.08433734939759036,0.0963855421686747,0.0
P453822,82,3.9634146341463414,0.7560975609756098,0.8020962826544191,388.9024390243902,0.14634146341463414,4,2,7,0,6,13,35,3,9,22,34,,0.5487804878048781,0.10975609756097561,0.1951219512195122,0.0
P475907,82,3.9634146341463414,0.7439024390243902,0.7181324492330137,525.5121951219512,0.15853658536585366,11,8,27,5,15,4,7,16,9,43,34,0.012195121951219513,0.5365853658536586,0.18292682926829268,0.10975609756097561,0.0
P386759,82,4.219512195121951,0.7678571428571429,0.7837506506592036,381.109756097561,0.12195121951219512,0,1,0,0,1,4,17,0,0,15,39,0.2804878048780488,0.3902439024390244,0.10975609756097561,0.0975609756097561,0.0
P447773,82,3.9146341463414633,0.7560975609756098,0.7445707656443119,454.4024390243902,0.18292682926829268,0,6,15,10,11,7,19,1,0,17,27,0.024390243902439025,0.5487804878048781,0.12195121951219512,0.12195121951219512,0.0
P438635,82,3.426829268292683,0.5853658536585366,0.7096824239939451,321.4512195121951,0.15853658536585366,1,1,16,10,13,7,0,1,24,25,17,0.07317073170731707,0.5365853658536586,0.12195121951219512,0.10975609756097561,0.0
P502479,82,4.597560975609756,0.926829268292683,0.8248166850634984,283.5121951219512,0.13414634146341464,1,3,8,10,7,24,7,2,24,37,21,0.036585365853658534,0.5609756097560976,0.17073170731707318,0.0975609756097561,0.0
P399622,82,4.414634146341464,0.8490566037735849,0.7851059752660738,446.7073170731707,0.13414634146341464,0,6,23,19,5,4,4,4,5,28,32,0.35365853658536583,0.4024390243902439,0.0975609756097561,0.012195121951219513,0.0
P505233,81,4.901234567901234,0.9753086419753086,0.9583333730697632,267.39506172839504,0.2839506172839506,1,4,30,5,17,0,0,0,28,38,3,0.024691358024691357,0.4444444444444444,0.1111111111111111,0.13580246913580246,0.0
P431733,81,4.617283950617284,0.9012345679012346,0.8180645199940552,295.1604938271605,0.20987654320987653,0,2,7,11,1,19,12,2,0,30,27,0.012345679012345678,0.4691358024691358,0.14814814814814814,0.16049382716049382,0.0
P476894,81,4.469135802469136,0.9259259259259259,0.7083333308498064,426.2716049382716,0.16049382716049382,2,4,10,18,41,17,7,1,0,43,26,0.012345679012345678,0.6419753086419753,0.1111111111111111,0.07407407407407407,0.0
P500111,81,4.814814814814815,0.9876543209876543,0.5576923053998214,362.9012345679012,0.20987654320987653,0,0,0,0,16,2,0,0,0,16,6,0.037037037037037035,0.4567901234567901,0.1111111111111111,0.18518518518518517,0.0
P469110,81,4.8765432098765435,1.0,0.6733044548468157,448.61728395061726,0.20987654320987653,9,8,23,8,30,9,3,14,12,50,23,0.012345679012345678,0.5679012345679012,0.09876543209876543,0.1111111111111111,0.0
P505452,81,4.54320987654321,0.9753086419753086,1.0,491.962962962963,0.13580246913580246,9,10,14,9,28,19,18,6,15,33,31,0.012345679012345678,0.5432098765432098,0.14814814814814814,0.16049382716049382,0.0
P412407,81,3.8518518518518516,0.6851851851851852,0.6436993328557499,408.8395061728395,0.07407407407407407,1,17,50,16,34,14,45,3,2,13,22,0.2716049382716049,0.49382716049382713,0.037037037037037035,0.12345679012345678,0.0
P459131,81,4.234567901234568,0.7901234567901234,0.7974748821594776,371.71604938271605,0.09876543209876543,0,11,18,10,20,14,21,1,13,28,22,,0.654320987654321,0.1728395061728395,0.07407407407407407,0.0
P440490,80,3.7625,0.675,0.8069739563124521,258.525,0.1,1,6,5,20,8,7,57,0,0,22,21,,0.475,0.125,0.3,0.0
P479703,79,4.670886075949367,0.9746835443037974,0.5922222336133321,366.1645569620253,0.0759493670886076,2,9,3,33,19,18,62,0,4,40,32,0.0379746835443038,0.7088607594936709,0.05063291139240506,0.12658227848101267,0.0
P502749,79,3.7721518987341773,0.7468354430379747,0.5565972067415714,300.54430379746833,0.08860759493670886,0,5,2,22,7,9,47,0,0,31,32,0.02531645569620253,0.569620253164557,0.12658227848101267,0.189873417721519,0.0
P378219,79,4.253164556962025,0.8,0.677352683366956,382.7848101265823,0.05063291139240506,0,6,19,8,3,7,12,6,2,12,26,0.7468354430379747,0.17721518987341772,0.012658227848101266,0.012658227848101266,0.0
P504031,78,4.948717948717949,1.0,0.8928571428571429,339.6794871794872,0.2692307692307692,7,13,23,18,10,19,5,13,4,46,26,0.038461538461538464,0.5,0.11538461538461539,0.07692307692307693,0.0
P408241,78,4.589743589743589,0.9090909090909091,0.5701392100829827,339.21794871794873,0.16666666666666666,3,20,30,24,29,5,8,13,6,48,15,0.01282051282051282,0.5897435897435898,0.15384615384615385,0.07692307692307693,0.0
P422428,78,4.269230769230769,0.8441558441558441,0.7464247031344308,305.29487179487177,0.23076923076923078,7,21,43,19,23,13,4,10,8,45,9,0.01282051282051282,0.46153846153846156,0.1794871794871795,0.11538461538461539,0.0
P504016,78,4.948717948717949,1.0,0.8928571428571429,339.6794871794872,0.2692307692307692,7,13,23,18,10,19,5,13,4,46,26,0.038461538461538464,0.5,0.11538461538461539,0.07692307692307693,0.0
P502691,78,4.128205128205129,0.8205128205128205,0.7722924286862473,337.05128205128204,0.10256410256410256,0,3,5,9,2,20,28,0,1,23,27,0.038461538461538464,0.5641025641025641,0.14102564102564102,0.15384615384615385,0.0
P483496,77,4.181818181818182,0.8181818181818182,0.7955205993851026,235.36363636363637,0.12987012987012986,1,3,10,10,1,13,47,1,3,14,25,0.09090909090909091,0.4675324675324675,0.14285714285714285,0.16883116883116883,0.0
P503926,77,4.415584415584416,0.8701298701298701,0.7857142857142857,461.2597402597403,0.2727272727272727,1,8,33,20,12,5,1,3,3,49,20,,0.5194805194805194,0.15584415584415584,0.05194805194805195,0.0
P500160,77,4.376623376623376,0.9090909090909091,0.6818181818181818,313.8051948051948,0.2987012987012987,5,14,30,5,8,4,2,6,5,37,11,0.025974025974025976,0.45454545454545453,0.11688311688311688,0.1038961038961039,0.0
P404168,77,4.181818181818182,0.6785714285714286,0.769544443971402,353.5584415584416,0.18181818181818182,4,11,36,20,14,10,9,4,1,33,20,0.33766233766233766,0.3246753246753247,0.15584415584415584,,0.0
P461161,77,4.285714285714286,0.8181818181818182,0.8392969457308451,285.5974025974026,0.18181818181818182,1,2,2,13,0,10,64,0,0,8,41,0.025974025974025976,0.5324675324675324,0.09090909090909091,0.16883116883116883,0.0
P401158,77,4.64935064935065,0.9836065573770492,0.6352698096594254,427.3766233766234,0.24675324675324675,0,2,6,6,0,17,22,3,0,25,34,0.22077922077922077,0.37662337662337664,0.09090909090909091,0.06493506493506493,0.0
P442546,77,4.545454545454546,0.935064935064935,0.9233551965632909,341.09090909090907,0.15584415584415584,1,8,20,32,16,24,12,1,0,49,15,0.012987012987012988,0.45454545454545453,0.16883116883116883,0.2077922077922078,0.0
P473336,77,4.5064935064935066,0.8961038961038961,0.766029890154449,306.61038961038963,0.18181818181818182,1,3,15,10,4,7,13,0,0,23,12,0.012987012987012988,0.4675324675324675,0.2077922077922078,0.12987012987012986,0.0
P481086,77,4.675324675324675,0.922077922077922,0.5428570985794068,343.2077922077922,0.16883116883116883,18,5,42,8,11,4,8,5,8,46,27,0.05194805194805195,0.5844155844155844,0.14285714285714285,0.05194805194805195,0.0
P395723,77,4.363636363636363,0.875,0.7907287753347693,338.3376623376623,0.06493506493506493,2,19,3,2,23,17,3,6,10,22,16,0.36363636363636365,0.35064935064935066,0.14285714285714285,0.07792207792207792,0.0
P446629,77,4.285714285714286,0.8441558441558441,0.6989153871933619,407.02597402597405,0.11688311688311688,0,0,7,2,0,5,6,8,0,36,19,0.05194805194805195,0.6883116883116883,0.07792207792207792,0.06493506493506493,0.0
P504059,76,4.881578947368421,1.0,0.9597701368660763,324.42105263157896,0.21052631578947367,10,12,27,7,8,13,6,16,6,39,20,0.039473684210526314,0.3815789473684211,0.2631578947368421,0.10526315789473684,0.0
P476678,76,4.605263157894737,0.9605263157894737,0.35,284.8157894736842,0.19736842105263158,16,9,28,6,11,5,8,13,4,33,13,0.013157894736842105,0.631578947368421,0.11842105263157894,0.039473684210526314,0.0
P502169,76,4.723684210526316,0.9605263157894737,0.7220238231122493,400.7763157894737,0.21052631578947367,2,9,34,31,6,13,6,6,1,36,16,0.039473684210526314,0.5789473684210527,0.14473684210526316,0.02631578947368421,0.0
P475188,76,4.2105263157894735,0.8289473684210527,0.68714285833495,373.82894736842104,0.17105263157894737,5,7,5,3,9,10,0,3,1,36,17,0.05263157894736842,0.4605263157894737,0.19736842105263158,0.11842105263157894,0.0
P473723,76,4.5394736842105265,0.868421052631579,0.908414500264021,336.25,0.2631578947368421,9,14,49,13,26,9,5,8,5,43,11,0.013157894736842105,0.4868421052631579,0.21052631578947367,0.02631578947368421,0.0
P411360,76,4.092105263157895,0.7692307692307693,0.8035065662115812,370.14473684210526,0.10526315789473684,0,2,31,19,9,8,4,0,0,26,15,0.34210526315789475,0.4342105263157895,0.07894736842105263,0.039473684210526314,0.0
P469478,76,3.6842105263157894,0.631578947368421,0.826379521601442,280.63157894736844,0.17105263157894737,0,0,16,8,2,4,1,2,1,18,6,0.05263157894736842,0.4868421052631579,0.19736842105263158,0.09210526315789473,0.0
P440502,75,3.24,0.52,0.8411104843020439,252.77333333333334,0.28,1,10,24,10,4,16,3,8,0,14,13,,0.5333333333333333,0.02666666666666667,0.16,0.0
P434340,75,4.0,0.7333333333333333,0.8051263093948364,298.82666666666665,0.17333333333333334,0,0,4,0,0,2,1,4,0,26,9,0.05333333333333334,0.6133333333333333,0.09333333333333334,0.06666666666666667,0.0
P447597,75,4.173333333333333,0.8,0.8200992316611715,325.94666666666666,0.2,10,13,28,23,21,4,10,6,1,22,13,,0.6,0.12,0.08,0.0
P465808,75,3.44,0.5866666666666667,0.7751026695621186,189.06666666666666,0.25333333333333335,0,0,2,5,0,5,3,0,0,3,24,0.04,0.56,0.05333333333333334,0.09333333333333334,0.0
P379704,75,4.2,0.8409090909090909,0.7517339382320642,451.3466666666667,0.18666666666666668,2,15,21,10,23,7,15,11,1,22,23,0.13333333333333333,0.44,0.13333333333333333,0.10666666666666667,0.0
P454395,75,3.7733333333333334,0.7333333333333333,0.7883869806038482,264.94666666666666,0.29333333333333333,7,17,52,16,33,13,11,3,4,38,7,,0.48,0.14666666666666667,0.08,0.0
P474972,75,3.3466666666666667,0.5733333333333334,0.7949463436646121,328.3466666666667,0.25333333333333335,6,23,55,20,3,10,9,6,6,29,12,0.05333333333333334,0.4266666666666667,0.14666666666666667,0.12,0.0
P467028,75,4.906666666666666,0.9866666666666667,0.37037033173773026,464.26666666666665,0.08,0,2,6,14,9,22,12,0,0,37,24,,0.7733333333333333,0.09333333333333334,0.05333333333333334,0.0
P475906,75,4.226666666666667,0.8133333333333334,0.5791720813461418,606.5333333333333,0.22666666666666666,10,3,24,3,10,10,1,11,0,31,41,,0.5333333333333333,0.16,0.08,0.0
P406941,75,3.7466666666666666,0.7419354838709677,0.7929477499177059,322.76,0.12,7,25,38,19,28,15,9,7,3,30,14,0.4266666666666667,0.3333333333333333,0.06666666666666667,0.05333333333333334,0.0
P454090,75,3.466666666666667,0.5733333333333334,0.6873634806642793,434.85333333333335,0.24,1,9,34,10,64,18,7,9,2,34,8,,0.5733333333333334,0.10666666666666667,0.08,0.0
P481834,74,4.824324324324325,0.972972972972973,0.7407407323519389,393.63513513513516,0.24324324324324326,12,5,37,12,24,9,1,9,0,55,18,0.02702702702702703,0.581081081081081,0.13513513513513514,0.013513513513513514,0.0
P476540,74,4.094594594594595,0.7837837837837838,0.8477860689163208,378.7837837837838,0.25675675675675674,0,0,3,4,11,1,1,2,4,5,16,0.04054054054054054,0.5,0.0945945945945946,0.10810810810810811,0.0
P502741,74,3.8783783783783785,0.7027027027027027,0.7087245149271829,300.9189189189189,0.12162162162162163,4,3,6,10,8,25,19,0,0,17,14,0.0945945945945946,0.5,0.1891891891891892,0.0945945945945946,0.0
P469513,74,4.148648648648648,0.7702702702702703,0.766999870964459,252.1081081081081,0.08108108108108109,0,11,5,23,1,11,46,0,0,15,16,0.04054054054054054,0.6216216216216216,0.06756756756756757,0.1891891891891892,0.0
P404232,74,4.054054054054054,0.7391304347826086,0.7556015723517963,375.68918918918916,0.0945945945945946,0,4,6,8,3,7,16,3,0,17,26,0.4189189189189189,0.3108108108108108,0.12162162162162163,0.05405405405405406,0.0
P480603,74,3.608108108108108,0.6216216216216216,0.7949577355593965,360.8243243243243,0.33783783783783783,1,5,9,18,6,28,3,0,1,41,14,0.013513513513513514,0.4864864864864865,0.10810810810810811,0.05405405405405406,0.0
P440486,73,4.1506849315068495,0.7671232876712328,0.801760087337564,272.63013698630135,0.1232876712328767,0,5,4,12,2,14,22,0,1,19,15,0.0273972602739726,0.6575342465753424,0.0821917808219178,0.1095890410958904,0.0
P475143,73,3.7534246575342465,0.821917808219178,0.35790124469333223,603.4383561643835,0.136986301369863,1,15,48,14,38,21,7,2,1,39,23,,0.6986301369863014,0.0547945205479452,0.1095890410958904,0.0
P480444,73,3.958904109589041,0.6986301369863014,0.7749972850529115,350.3013698630137,0.2054794520547945,0,8,28,21,7,22,8,0,2,40,14,0.0821917808219178,0.5342465753424658,0.1232876712328767,0.0547945205479452,0.0
P476893,73,4.260273972602739,0.8904109589041096,0.924242453141646,475.0821917808219,0.1780821917808219,4,22,56,25,46,10,10,12,6,47,15,0.0136986301369863,0.6027397260273972,0.0958904109589041,0.1095890410958904,0.0
P440485,72,3.75,0.6527777777777778,0.6757160720844118,288.1666666666667,0.1111111111111111,0,5,6,21,15,17,11,0,0,36,13,0.013888888888888888,0.5972222222222222,0.1527777777777778,0.125,0.0
P501316,72,4.041666666666667,0.8472222222222222,0.9750000014901161,476.375,0.20833333333333334,4,14,27,7,51,16,9,10,7,45,13,0.013888888888888888,0.5277777777777778,0.1527777777777778,0.09722222222222222,0.0
P417107,71,4.070422535211268,0.8059701492537313,0.7084828307231267,363.4366197183099,0.08450704225352113,9,17,46,12,21,12,6,5,0,33,16,0.08450704225352113,0.647887323943662,0.11267605633802817,0.07042253521126761,0.0
P474957,71,3.76056338028169,0.6901408450704225,0.8148570148782297,306.2535211267606,0.2112676056338028,0,5,14,5,16,4,12,0,6,9,20,0.04225352112676056,0.4084507042253521,0.15492957746478872,0.18309859154929578,0.0
P476674,71,4.788732394366197,0.9577464788732394,0.2994949384169145,287.38028169014086,0.14084507042253522,2,2,6,20,18,13,6,0,0,37,15,0.04225352112676056,0.6056338028169014,0.18309859154929578,0.028169014084507043,0.0
P437960,71,4.098591549295775,0.7605633802816901,0.8095225917570519,246.22535211267606,0.1267605633802817,0,0,18,2,0,2,0,2,1,25,20,0.028169014084507043,0.5070422535211268,0.2535211267605634,0.08450704225352113,0.0
P450210,70,3.9714285714285715,0.7142857142857143,0.8543093107751946,286.54285714285714,0.2714285714285714,1,11,19,11,14,7,15,3,12,22,15,0.014285714285714285,0.5142857142857142,0.08571428571428572,0.11428571428571428,0.0
P397625,70,4.057142857142857,0.7555555555555555,0.8386098846512021,287.6142857142857,0.07142857142857142,1,4,7,2,3,9,15,2,1,20,20,0.37142857142857144,0.44285714285714284,0.04285714285714286,0.07142857142857142,0.0
P469087,70,3.5142857142857142,0.6142857142857143,0.7904317400593689,317.15714285714284,0.17142857142857143,3,3,15,2,9,11,1,2,1,23,20,0.02857142857142857,0.45714285714285713,0.12857142857142856,0.21428571428571427,0.0
P232920,70,3.914285714285714,0.7777777777777778,0.7651404656212906,299.8142857142857,0.18571428571428572,4,4,11,4,0,4,0,4,0,13,23,0.1,0.45714285714285713,0.18571428571428572,0.07142857142857142,0.0
P447783,70,4.2,0.7857142857142857,0.8171102867826171,456.9714285714286,0.2,2,7,7,23,7,18,19,1,1,36,18,,0.5428571428571428,0.2,0.05714285714285714,0.0
P479840,70,3.842857142857143,0.7285714285714285,0.7586618075295101,271.9714285714286,0.15714285714285714,2,7,30,15,23,20,3,2,1,18,12,0.04285714285714286,0.5428571428571428,0.2,0.05714285714285714,0.0
P481408,69,4.449275362318841,0.855072463768116,0.8385891083162278,412.07246376811594,0.3188405797101449,0,0,4,29,20,4,2,3,0,19,15,0.07246376811594203,0.34782608695652173,0.17391304347826086,0.08695652173913043,0.0
P388982,69,4.260869565217392,0.75,0.7819020756776782,430.6231884057971,0.057971014492753624,0,0,0,0,1,2,3,0,0,31,32,0.3188405797101449,0.37681159420289856,0.15942028985507245,0.08695652173913043,0.0
P502710,69,3.8550724637681157,0.7536231884057971,0.6994837753731629,333.28985507246375,0.057971014492753624,7,32,8,10,7,7,23,4,5,18,20,0.014492753623188406,0.5797101449275363,0.15942028985507245,0.18840579710144928,0.0
P437477,69,3.608695652173913,0.6811594202898551,0.7949033428411014,372.4347826086956,0.2898550724637681,1,8,12,14,6,33,10,1,0,14,18,,0.5362318840579711,0.08695652173913043,0.08695652173913043,0.0
P448562,69,4.449275362318841,0.8405797101449275,0.8554593934254213,293.4927536231884,0.14492753623188406,0,13,8,24,7,14,19,1,0,38,12,0.014492753623188406,0.5942028985507246,0.11594202898550725,0.13043478260869565,0.0
P500705,69,4.768115942028985,0.9710144927536232,0.4791666666666667,307.39130434782606,0.10144927536231885,1,3,13,12,4,12,9,2,1,28,13,0.014492753623188406,0.6666666666666666,0.13043478260869565,0.08695652173913043,0.0
P476675,69,4.63768115942029,0.9710144927536232,0.6845238187483379,298.8695652173913,0.14492753623188406,22,4,39,11,10,6,5,15,4,34,8,0.057971014492753624,0.6086956521739131,0.14492753623188406,0.043478260869565216,0.0
P457002,69,4.869565217391305,0.9565217391304348,0.8707672245800495,326.81159420289856,0.2318840579710145,0,0,1,2,1,2,7,0,0,13,19,,0.5217391304347826,0.15942028985507245,0.08695652173913043,0.0
P452004,68,4.0588235294117645,0.7647058823529411,0.8268621963533488,306.6617647058824,0.25,0,3,29,14,24,14,6,1,1,26,7,,0.5441176470588235,0.16176470588235295,0.04411764705882353,0.0
P441045,68,3.8970588235294117,0.7058823529411765,0.7606892936369952,254.69117647058823,0.14705882352941177,0,0,1,0,0,0,0,1,0,22,9,0.07352941176470588,0.5,0.16176470588235295,0.11764705882352941,0.0
P444968,68,3.838235294117647,0.7205882352941176,0.6944461181050255,183.69117647058823,0.16176470588235295,0,8,11,7,13,7,8,0,3,21,8,0.014705882352941176,0.5147058823529411,0.1323529411764706,0.17647058823529413,0.0
P478020,67,4.552238805970149,0.8805970149253731,0.8118686337362636,267.32835820895525,0.19402985074626866,0,2,0,13,39,8,2,0,0,37,12,0.05970149253731343,0.5671641791044776,0.14925373134328357,0.029850746268656716,0.0
P475189,67,4.134328358208955,0.8059701492537313,0.5442857193946838,351.17910447761193,0.1791044776119403,0,5,5,10,8,13,11,5,6,42,23,0.014925373134328358,0.5223880597014925,0.1044776119402985,0.1791044776119403,0.0
P448710,67,4.253731343283582,0.8059701492537313,0.8506858461178266,357.95522388059703,0.208955223880597,0,13,4,20,6,7,32,1,0,21,21,,0.5373134328358209,0.05970149253731343,0.19402985074626866,0.0
P447789,67,2.716417910447761,0.3582089552238806,0.8314607275856866,443.8955223880597,0.1791044776119403,7,12,15,3,8,11,4,8,1,22,19,,0.5671641791044776,0.19402985074626866,0.05970149253731343,0.0
P449156,67,4.432835820895522,0.8656716417910447,0.805439195183457,372.7313432835821,0.1791044776119403,2,0,7,1,0,0,1,2,0,36,22,0.029850746268656716,0.5522388059701493,0.1044776119402985,0.13432835820895522,0.0
P417118,67,4.253731343283582,0.7833333333333333,0.7876362954194729,326.5074626865672,0.19402985074626866,3,21,14,9,14,16,9,6,3,26,8,0.14925373134328357,0.44776119402985076,0.16417910447761194,0.04477611940298507,0.0
P406942,67,4.253731343283582,0.7666666666666667,0.8558834102694635,293.3880597014925,0.029850746268656716,3,20,22,12,24,9,9,5,0,30,12,0.5522388059701493,0.29850746268656714,0.08955223880597014,0.029850746268656716,0.0
P469454,67,4.626865671641791,0.8805970149253731,0.8337812929199292,338.82089552238807,0.1791044776119403,4,23,27,19,4,4,2,6,0,17,11,0.014925373134328358,0.5970149253731343,0.04477611940298507,0.16417910447761194,0.0
P461521,67,3.6417910447761193,0.6417910447761194,0.8260696501958937,326.0,0.16417910447761194,0,0,19,22,25,4,0,5,23,18,18,0.014925373134328358,0.5223880597014925,0.16417910447761194,0.13432835820895522,0.0
P501017,67,4.7611940298507465,0.9701492537313433,0.875,358.35820895522386,0.2537313432835821,0,0,3,4,1,6,7,2,1,17,26,0.05970149253731343,0.4626865671641791,0.08955223880597014,0.13432835820895522,0.0
P469515,66,4.833333333333333,0.9545454545454546,0.8996474344445311,309.6818181818182,0.15151515151515152,6,4,8,16,3,10,45,2,2,20,25,0.015151515151515152,0.5606060606060606,0.07575757575757576,0.19696969696969696,0.0
P469831,66,4.53030303030303,0.8939393939393939,0.6630861578803313,392.3333333333333,0.2878787878787879,0,13,43,16,1,7,1,13,2,42,15,,0.5454545454545454,0.07575757575757576,0.09090909090909091,0.0
P504524,66,3.9696969696969697,0.7575757575757576,0.7650895386170118,343.0,0.2878787878787879,1,9,15,26,23,18,10,1,1,30,9,,0.45454545454545453,0.09090909090909091,0.16666666666666666,0.0
P501790,66,4.424242424242424,0.9090909090909091,0.7393763238607451,286.93939393939394,0.19696969696969696,1,6,20,13,13,3,2,3,13,35,14,0.030303030303030304,0.4393939393939394,0.18181818181818182,0.15151515151515152,0.0
P386760,65,4.3076923076923075,0.8333333333333334,0.7718134103042464,333.95384615384614,0.09230769230769231,0,0,0,10,4,0,20,0,0,10,15,0.3384615384615385,0.4307692307692308,0.1076923076923077,0.03076923076923077,0.0
P474122,65,4.7846153846153845,0.9846153846153847,0.780656310228201,431.96923076923076,0.16923076923076924,4,15,45,7,10,23,4,16,0,33,26,0.015384615384615385,0.5384615384615384,0.16923076923076924,0.1076923076923077,0.0
P424984,65,4.076923076923077,0.8,0.8361583495581592,502.3076923076923,0.2,0,1,12,15,28,3,0,0,11,7,11,0.03076923076923077,0.5384615384615384,0.16923076923076924,0.06153846153846154,0.0
P433884,65,4.246153846153846,0.8,0.8249690936457726,313.4153846153846,0.1076923076923077,0,2,5,7,2,13,7,0,1,27,10,,0.6615384615384615,0.12307692307692308,0.1076923076923077,0.0
P461162,65,4.569230769230769,0.9076923076923077,0.9242830295411367,294.7692307692308,0.18461538461538463,0,5,4,22,4,14,50,1,0,16,23,0.015384615384615385,0.5384615384615384,0.09230769230769231,0.16923076923076924,0.0
P386764,65,3.5384615384615383,0.4117647058823529,0.8185473190886634,345.04615384615386,0.12307692307692308,0,0,0,0,1,1,0,0,0,20,31,0.27692307692307694,0.4153846153846154,0.1076923076923077,0.07692307692307693,0.0
P442841,65,3.046153846153846,0.46153846153846156,0.8744631499052048,268.81538461538463,0.2153846153846154,2,6,15,18,6,7,2,2,6,22,4,0.03076923076923077,0.5384615384615384,0.09230769230769231,0.12307692307692308,0.0
P455217,65,3.830769230769231,0.7076923076923077,0.84918404680032,297.9076923076923,0.2153846153846154,1,1,7,2,18,6,8,2,10,8,19,,0.5384615384615384,0.16923076923076924,0.07692307692307693,0.0
P407381,64,4.296875,0.7916666666666666,0.8347620534999617,335.71875,0.125,0,6,10,3,1,2,2,2,1,3,19,0.25,0.296875,0.203125,0.125,0.0
P478021,64,4.765625,0.96875,0.7048363103531301,361.59375,0.1875,3,9,19,13,4,15,6,12,2,34,16,0.03125,0.578125,0.140625,0.0625,0.0
P481390,64,4.328125,0.828125,0.7866795401315432,275.515625,0.21875,4,13,47,23,7,7,6,5,1,38,4,0.015625,0.5,0.171875,0.09375,0.0
P474109,64,4.75,0.953125,0.7688716474701377,352.96875,0.21875,0,2,4,8,8,21,12,1,0,38,18,0.03125,0.5625,0.0625,0.125,0.0
P427729,64,3.921875,0.703125,0.7365500188448972,351.40625,0.171875,0,8,18,7,29,6,11,3,1,33,17,0.015625,0.578125,0.171875,0.0625,0.0
P397626,63,3.619047619047619,0.6410256410256411,0.7858904434715287,272.36507936507934,0.14285714285714285,0,1,7,5,1,2,1,2,1,18,16,0.38095238095238093,0.3333333333333333,0.09523809523809523,0.047619047619047616,0.0
P483060,63,4.301587301587301,0.8253968253968254,0.8399544305035046,252.73015873015873,0.19047619047619047,2,1,25,3,14,2,0,1,16,21,2,0.047619047619047616,0.5079365079365079,0.14285714285714285,0.1111111111111111,0.0
P432662,63,3.0952380952380953,0.5079365079365079,0.7926423560295787,317.3333333333333,0.20634920634920634,0,0,2,1,1,1,1,3,0,19,9,0.047619047619047616,0.5079365079365079,0.12698412698412698,0.1111111111111111,0.0
P481710,63,4.476190476190476,0.8888888888888888,0.7766588474764968,378.1111111111111,0.25396825396825395,0,3,3,10,1,27,12,0,0,28,24,0.015873015873015872,0.49206349206349204,0.1111111111111111,0.12698412698412698,0.0
P386757,63,3.8253968253968256,0.6458333333333334,0.8428574670707026,316.9047619047619,0.07936507936507936,0,0,0,0,0,0,3,0,0,6,21,0.1746031746031746,0.47619047619047616,0.14285714285714285,0.12698412698412698,0.0
P439626,63,3.761904761904762,0.6349206349206349,0.7858690073893916,274.3809523809524,0.2222222222222222,1,0,11,4,3,7,0,3,1,16,22,,0.5079365079365079,0.1746031746031746,0.09523809523809523,0.0
P456957,63,4.222222222222222,0.8095238095238095,0.8851970848390611,302.46031746031747,0.06349206349206349,1,5,7,6,3,11,32,3,6,17,18,0.015873015873015872,0.6031746031746031,0.14285714285714285,0.1746031746031746,0.0
P409834,63,4.253968253968254,0.8235294117647058,0.7452269833663414,253.68253968253967,0.15873015873015872,0,25,34,19,9,4,7,8,1,24,6,0.15873015873015872,0.47619047619047616,0.19047619047619047,0.015873015873015872,0.0
P482754,62,4.354838709677419,0.8709677419354839,0.870708743500155,365.2258064516129,0.14516129032258066,15,23,6,5,9,8,8,2,1,17,11,,0.5483870967741935,0.1774193548387097,0.12903225806451613,0.0
P502756,62,4.193548387096774,0.8387096774193549,0.5624242410063743,331.53225806451616,0.3548387096774194,0,7,44,33,4,10,4,2,6,21,10,,0.45161290322580644,0.14516129032258066,0.04838709677419355,0.0
P440501,62,3.838709677419355,0.7096774193548387,0.7794960151825633,305.9193548387097,0.27419354838709675,0,13,29,14,23,8,14,1,1,28,8,0.016129032258064516,0.5,0.12903225806451613,0.08064516129032258,0.0
P472024,62,4.741935483870968,0.967741935483871,0.5696969987316565,307.5967741935484,0.2903225806451613,0,2,2,18,11,11,10,2,0,33,13,0.016129032258064516,0.5,0.12903225806451613,0.06451612903225806,0.0
P440489,62,4.129032258064516,0.7903225806451613,0.7883692920721811,298.85483870967744,0.12903225806451613,0,14,8,14,7,14,18,0,0,23,13,,0.5161290322580645,0.14516129032258066,0.20967741935483872,0.0
P469527,62,4.548387096774194,0.9193548387096774,0.8843546858988702,316.48387096774195,0.1935483870967742,1,2,4,11,6,29,6,1,1,32,14,,0.45161290322580644,0.16129032258064516,0.1935483870967742,0.0
P375864,62,4.419354838709677,0.8333333333333334,0.7665966870753389,651.0,0.03225806451612903,0,1,20,7,2,8,5,4,3,32,23,0.8064516129032258,0.14516129032258066,0.016129032258064516,,0.0
P421249,62,4.225806451612903,0.7931034482758621,0.7832335248589516,307.1774193548387,0.08064516129032258,4,32,30,10,18,5,8,8,4,24,12,0.08064516129032258,0.5645161290322581,0.12903225806451613,0.14516129032258066,0.0
P406529,61,4.639344262295082,0.8064516129032258,0.8397240197217023,341.0,0.14754098360655737,1,11,7,12,9,13,6,0,0,28,9,0.32786885245901637,0.36065573770491804,0.06557377049180328,0.09836065573770492,0.0
P433522,61,4.311475409836065,0.8032786885245902,0.7423827583759518,275.59016393442624,0.32786885245901637,0,5,11,19,14,12,4,2,0,19,21,,0.47540983606557374,0.13114754098360656,0.06557377049180328,0.0
P442734,61,4.508196721311475,0.8852459016393442,0.7890437294418613,295.4754098360656,0.21311475409836064,0,6,8,7,14,13,14,5,3,19,13,,0.5409836065573771,0.11475409836065574,0.13114754098360656,0.0
P502640,61,4.852459016393443,0.9836065573770492,0.9166666666666666,464.1475409836066,0.16393442622950818,1,1,7,9,30,20,5,6,0,41,26,0.01639344262295082,0.639344262295082,0.08196721311475409,0.09836065573770492,0.0
P375854,60,4.466666666666667,1.0,0.763664407034715,823.25,0.13333333333333333,1,31,40,22,27,8,6,9,1,36,23,0.36666666666666664,0.38333333333333336,0.08333333333333333,0.03333333333333333,0.0
P405827,60,3.5,0.6538461538461539,0.7415787364045779,311.68333333333334,0.11666666666666667,0,0,1,2,0,0,0,3,0,16,30,0.35,0.3333333333333333,0.11666666666666667,0.08333333333333333,0.0
P173622,60,4.45,1.0,0.8432400645846028,366.65,0.06666666666666667,0,6,9,8,4,8,6,2,1,15,19,0.5,0.35,0.016666666666666666,0.06666666666666667,0.0
P467969,60,4.666666666666667,0.9166666666666666,0.4497395949928384,528.35,0.11666666666666667,1,1,3,4,0,9,6,2,0,30,25,0.016666666666666666,0.6166666666666667,0.03333333333333333,0.21666666666666667,0.0
P469544,59,4.186440677966102,0.7966101694915254,0.7892047002127296,356.10169491525426,0.11864406779661017,1,6,13,11,5,6,41,2,5,15,24,0.01694915254237288,0.5932203389830508,0.1016949152542373,0.1694915254237288,0.0
P469516,59,4.491525423728813,0.8813559322033898,0.833214347064495,302.54237288135596,0.15254237288135594,18,23,28,7,4,15,17,1,2,28,11,0.03389830508474576,0.559322033898305,0.0847457627118644,0.1694915254237288,0.0
P419466,59,4.9491525423728815,0.9827586206896551,0.8675352968275547,252.38983050847457,0.22033898305084745,1,0,1,3,0,4,1,0,0,7,23,0.01694915254237288,0.4576271186440678,0.1864406779661017,0.11864406779661017,0.0
P398500,59,4.322033898305085,0.8409090909090909,0.5895780016810207,487.49152542372883,0.0847457627118644,0,0,2,3,0,14,9,3,0,17,28,0.2542372881355932,0.4745762711864407,0.1016949152542373,0.0847457627118644,0.0
P454376,59,3.8983050847457625,0.7457627118644068,0.8108434565365314,270.3728813559322,0.0847457627118644,0,2,8,10,12,13,21,0,0,21,6,0.01694915254237288,0.6101694915254238,0.2033898305084746,0.0847457627118644,0.0
P477202,59,4.593220338983051,0.8983050847457628,0.8364552596341008,320.06779661016947,0.1694915254237288,0,0,0,0,2,0,0,0,0,22,12,0.03389830508474576,0.5084745762711864,0.1864406779661017,0.1016949152542373,0.0
P467970,58,4.706896551724138,0.9310344827586207,0.6989563066098425,452.44827586206895,0.10344827586206896,0,4,3,2,0,5,10,5,0,31,15,0.017241379310344827,0.5,0.15517241379310345,0.22413793103448276,0.0
P455919,58,4.051724137931035,0.6724137931034483,0.8455420544272975,320.1034482758621,0.29310344827586204,2,6,25,9,20,4,5,3,0,19,22,0.017241379310344827,0.4827586206896552,0.1724137931034483,0.034482758620689655,0.0
P442747,58,3.310344827586207,0.5172413793103449,0.8057514996482775,400.7413793103448,0.27586206896551724,0,1,11,6,13,1,0,2,4,6,15,,0.3793103448275862,0.1896551724137931,0.15517241379310345,0.0
P448554,58,3.8275862068965516,0.7068965517241379,0.8479578066290471,332.32758620689657,0.22413793103448276,0,5,4,14,5,16,11,1,0,16,16,,0.5689655172413793,0.13793103448275862,0.06896551724137931,0.0
P454385,57,4.333333333333333,0.8421052631578947,0.8383104108712253,273.63157894736844,0.2631578947368421,3,20,18,5,13,8,6,11,8,17,11,0.017543859649122806,0.5789473684210527,0.05263157894736842,0.08771929824561403,0.0
P482068,57,4.754385964912281,0.9473684210526315,0.7559514030029899,386.0877192982456,0.22807017543859648,0,1,10,3,16,16,3,4,1,29,14,0.017543859649122806,0.49122807017543857,0.21052631578947367,0.05263157894736842,0.0
P473728,57,3.824561403508772,0.6842105263157895,0.8991965842696855,264.280701754386,0.19298245614035087,0,0,0,5,0,2,1,2,0,3,10,0.07017543859649122,0.42105263157894735,0.22807017543859648,0.08771929824561403,0.0
P467651,56,4.196428571428571,0.7678571428571429,0.8133611261844635,290.0,0.08928571428571429,0,12,5,4,4,7,13,1,2,18,13,,0.625,0.07142857142857142,0.21428571428571427,0.0
P444964,56,3.5535714285714284,0.625,0.7533541289242831,332.25,0.23214285714285715,0,0,15,4,3,5,0,0,11,18,9,0.03571428571428571,0.4642857142857143,0.21428571428571427,0.05357142857142857,0.0
P376135,56,4.357142857142857,0.8285714285714286,0.6960362179712816,300.9107142857143,0.125,2,10,16,15,18,8,5,3,1,24,13,0.17857142857142858,0.42857142857142855,0.14285714285714285,0.125,0.0
P468818,55,4.218181818181818,0.8545454545454545,0.8444444257201571,297.90909090909093,0.14545454545454545,8,13,34,13,6,4,4,5,4,28,12,0.01818181818181818,0.5636363636363636,0.12727272727272726,0.14545454545454545,0.0
P417111,55,3.581818181818182,0.574468085106383,0.8213816996452943,390.76363636363635,0.12727272727272726,1,4,19,8,3,5,0,3,2,14,16,0.07272727272727272,0.4909090909090909,0.21818181818181817,0.09090909090909091,0.0
P505133,55,4.927272727272728,1.0,0.8312500007450581,311.76363636363635,0.14545454545454545,2,3,9,12,9,15,4,1,1,42,16,0.05454545454545454,0.5272727272727272,0.23636363636363636,0.03636363636363636,0.0
P505316,55,4.927272727272728,1.0,0.8439394100145861,375.09090909090907,0.2,2,16,3,20,15,12,13,0,0,39,14,,0.6181818181818182,0.16363636363636364,0.01818181818181818,0.0
P475197,55,4.054545454545455,0.8181818181818182,0.738333348929882,423.4909090909091,0.03636363636363636,0,15,7,6,18,11,6,3,11,33,11,0.01818181818181818,0.5818181818181818,0.07272727272727272,0.2909090909090909,0.0
P469514,55,4.709090909090909,0.9454545454545454,0.8339132043795708,312.1090909090909,0.16363636363636364,4,3,7,10,2,16,30,4,3,28,16,0.01818181818181818,0.6,0.10909090909090909,0.10909090909090909,0.0
P469525,55,4.054545454545455,0.7454545454545455,0.7713202620452305,297.0,0.36363636363636365,4,5,21,21,9,10,4,3,1,19,10,0.05454545454545454,0.41818181818181815,0.05454545454545454,0.10909090909090909,0.0
P469832,55,4.4,0.8909090909090909,0.8571428571428571,363.1272727272727,0.10909090909090909,1,2,8,26,13,5,1,0,1,39,7,,0.6545454545454545,0.12727272727272726,0.10909090909090909,0.0
P501587,55,4.581818181818182,0.8909090909090909,0.8973608686114257,279.1272727272727,0.18181818181818182,1,1,16,12,14,4,1,1,10,20,8,0.05454545454545454,0.43636363636363634,0.23636363636363636,0.09090909090909091,0.0
P481060,55,4.6909090909090905,0.9454545454545454,0.9032412049946962,346.74545454545455,0.2545454545454545,1,0,7,2,0,3,0,2,0,16,22,0.01818181818181818,0.45454545454545453,0.2,0.07272727272727272,0.0
P475184,55,4.218181818181818,0.8,0.875,409.5090909090909,0.14545454545454545,6,11,18,8,27,8,5,6,6,30,12,,0.5818181818181818,0.12727272727272726,0.14545454545454545,0.0
P448711,54,4.518518518518518,0.8703703703703703,0.7678443583158346,364.5740740740741,0.18518518518518517,0,5,17,15,4,13,12,7,1,26,10,0.037037037037037035,0.46296296296296297,0.2777777777777778,0.037037037037037035,0.0
P475195,54,3.962962962962963,0.8333333333333334,0.8338235301129958,451.8888888888889,0.2777777777777778,9,19,43,14,38,12,7,9,3,31,11,0.018518518518518517,0.5740740740740741,0.07407407407407407,0.05555555555555555,0.0
P504446,54,4.722222222222222,1.0,0.7245989406810087,303.5,0.2222222222222222,0,2,13,16,19,14,4,2,1,28,8,0.037037037037037035,0.5370370370370371,0.18518518518518517,0.018518518518518517,0.0
P383054,54,4.185185185185185,0.7333333333333333,0.7732264424363772,421.77777777777777,0.14814814814814814,0,4,10,4,1,5,5,5,1,19,21,0.2962962962962963,0.3333333333333333,0.14814814814814814,0.07407407407407407,0.0
P458964,54,3.9814814814814814,0.7222222222222222,0.8430993593526337,315.962962962963,0.24074074074074073,0,0,1,30,2,7,1,0,0,17,9,0.018518518518518517,0.48148148148148145,0.14814814814814814,0.1111111111111111,0.0
P460746,54,4.407407407407407,0.9074074074074074,0.8677557743382904,249.3148148148148,0.09259259259259259,0,16,3,3,1,2,0,12,0,5,8,,0.5370370370370371,0.05555555555555555,0.3148148148148148,0.0
P423264,54,4.388888888888889,0.8518518518518519,0.8357299262726748,355.6296296296296,0.16666666666666666,0,4,6,0,5,6,11,3,1,14,14,0.018518518518518517,0.5555555555555556,0.12962962962962962,0.12962962962962962,0.0
P476676,53,4.962264150943396,0.9811320754716981,0.3059066076363836,277.0943396226415,0.24528301886792453,1,8,8,5,11,5,2,8,2,25,10,0.018867924528301886,0.5094339622641509,0.16981132075471697,0.05660377358490566,0.0
P502848,53,4.811320754716981,0.9433962264150944,0.7855769223891772,350.6792452830189,0.24528301886792453,1,1,2,1,0,3,3,0,0,21,8,,0.4716981132075472,0.18867924528301888,0.09433962264150944,0.0
P504199,53,4.849056603773585,0.9811320754716981,0.8452380704028266,309.9433962264151,0.3018867924528302,5,4,9,4,4,11,4,4,0,36,18,0.03773584905660377,0.4339622641509434,0.09433962264150944,0.1320754716981132,0.0
P474956,53,4.188679245283019,0.8490566037735849,0.7943894459141625,289.58490566037733,0.33962264150943394,0,4,10,2,7,2,1,1,10,9,11,0.018867924528301886,0.41509433962264153,0.1509433962264151,0.07547169811320754,0.0
P446612,53,3.490566037735849,0.6037735849056604,0.7988642677664757,321.7358490566038,0.24528301886792453,0,4,5,17,1,0,2,3,2,12,10,0.018867924528301886,0.4528301886792453,0.16981132075471697,0.11320754716981132,0.0
P440309,53,4.377358490566038,0.8301886792452831,0.7657202250271473,311.1698113207547,0.1320754716981132,0,0,1,0,0,0,2,3,0,16,5,0.03773584905660377,0.6037735849056604,0.1320754716981132,0.09433962264150944,0.0
P472466,52,3.980769230769231,0.7115384615384616,0.7364479973912239,250.67307692307693,0.21153846153846154,3,6,30,15,20,10,7,2,3,17,6,0.09615384615384616,0.5,0.15384615384615385,0.038461538461538464,0.0
P474970,52,4.153846153846154,0.7307692307692307,0.8268472047952505,330.6923076923077,0.21153846153846154,1,2,14,17,3,2,0,0,6,30,9,0.019230769230769232,0.5,0.15384615384615385,0.11538461538461539,0.0
P469833,52,4.769230769230769,0.9615384615384616,0.8548216560612554,336.61538461538464,0.25,11,5,26,13,11,3,5,8,6,36,9,0.019230769230769232,0.5384615384615384,0.07692307692307693,0.11538461538461539,0.0
P422648,52,4.480769230769231,0.8461538461538461,0.8578407984972,279.36538461538464,0.019230769230769232,4,38,33,10,10,2,4,2,3,19,12,0.038461538461538464,0.46153846153846156,0.09615384615384616,0.38461538461538464,0.0
P471566,52,4.1923076923076925,0.8076923076923077,0.6367102814433367,227.3653846153846,0.19230769230769232,0,0,1,4,17,10,3,0,0,18,10,,0.5192307692307693,0.11538461538461539,0.17307692307692307,0.0
P455341,52,4.269230769230769,0.8076923076923077,0.6183153047245376,245.90384615384616,0.17307692307692307,2,9,0,3,27,4,1,1,9,8,9,0.019230769230769232,0.5576923076923077,0.15384615384615385,0.09615384615384616,0.0
P484055,52,4.019230769230769,0.7115384615384616,0.6709950488238108,295.4230769230769,0.2692307692307692,0,6,26,18,6,8,6,5,4,20,9,0.09615384615384616,0.36538461538461536,0.15384615384615385,0.11538461538461539,0.0
P459116,52,4.3076923076923075,0.8461538461538461,0.7832136947889717,336.40384615384613,0.3076923076923077,1,9,30,21,2,6,5,1,11,29,10,,0.5769230769230769,0.038461538461538464,0.07692307692307693,0.0
P475192,52,3.9038461538461537,0.7692307692307693,0.7244588897696563,291.34615384615387,0.19230769230769232,0,3,1,11,11,9,4,0,0,28,15,0.038461538461538464,0.5384615384615384,0.1346153846153846,0.09615384615384616,0.0
P474111,52,4.653846153846154,0.9615384615384616,0.8746695661026499,427.7307692307692,0.21153846153846154,9,22,38,8,23,5,3,10,1,25,9,,0.5576923076923077,0.17307692307692307,0.057692307692307696,0.0
P423159,51,3.9607843137254903,0.7647058823529411,0.7715982904746419,262.52941176470586,0.1568627450980392,0,0,0,0,1,0,0,0,0,17,15,0.058823529411764705,0.49019607843137253,0.17647058823529413,0.11764705882352941,0.0
P383308,51,3.7450980392156863,0.6666666666666666,0.8666957175731659,386.3333333333333,0.09803921568627451,0,2,18,10,4,8,0,6,0,16,14,0.0784313725490196,0.6078431372549019,0.1568627450980392,0.058823529411764705,0.0
P505142,51,4.8431372549019605,0.9803921568627451,0.7222223281860352,336.29411764705884,0.2549019607843137,4,3,12,3,3,6,0,2,0,21,12,0.0196078431372549,0.5294117647058824,0.09803921568627451,0.09803921568627451,0.0
P475183,51,4.333333333333333,0.9215686274509803,0.9239583338300387,375.8235294117647,0.11764705882352941,2,11,5,11,23,11,2,0,1,32,12,,0.6470588235294118,0.13725490196078433,0.09803921568627451,0.0
P472341,50,4.58,0.88,0.7779503037100253,365.48,0.26,12,13,43,13,35,24,3,6,2,27,8,0.04,0.5,0.1,0.1,0.0
P449835,50,3.84,0.72,0.9439153552055359,209.42,0.26,1,7,9,10,11,3,6,2,0,7,7,0.02,0.54,0.06,0.12,0.0
P504313,50,4.78,0.98,0.6071428666512172,288.56,0.24,1,0,14,5,0,8,0,5,0,19,10,,0.52,0.2,0.04,0.0
P408678,49,4.1020408163265305,0.6857142857142857,0.7335666186631994,302.44897959183675,0.20408163265306123,0,2,8,4,8,0,3,1,0,10,14,0.16326530612244897,0.42857142857142855,0.14285714285714285,0.061224489795918366,0.0
P477413,49,4.653061224489796,0.9387755102040817,0.8114730942816961,247.9387755102041,0.20408163265306123,0,1,1,4,4,16,8,1,1,25,8,0.02040816326530612,0.6122448979591837,0.08163265306122448,0.08163265306122448,0.0
P447790,49,3.63265306122449,0.6326530612244898,0.7295981434484323,351.44897959183675,0.1836734693877551,3,0,7,4,2,3,9,3,1,15,11,,0.4897959183673469,0.1836734693877551,0.14285714285714285,0.0
P440494,49,4.081632653061225,0.7755102040816326,0.7463054479436672,304.3061224489796,0.1836734693877551,1,5,6,3,4,5,12,5,5,12,14,,0.5306122448979592,0.08163265306122448,0.20408163265306123,0.0
P397627,49,3.306122448979592,0.5789473684210527,0.753255825003852,321.7551020408163,0.10204081632653061,0,1,3,7,0,4,4,3,6,16,17,0.6326530612244898,0.20408163265306123,0.04081632653061224,0.02040816326530612,0.0
P448563,49,3.326530612244898,0.4897959183673469,0.785255184283062,393.0816326530612,0.16326530612244897,1,8,18,6,13,9,9,4,4,19,19,,0.5714285714285714,0.24489795918367346,0.02040816326530612,0.0
P475204,48,4.104166666666667,0.8333333333333334,0.8446969985961914,429.1458333333333,0.14583333333333334,0,5,8,6,22,30,11,2,3,27,9,,0.7083333333333334,0.0625,0.08333333333333333,0.0
P480191,48,4.770833333333333,0.9791666666666666,0.8211428429931402,365.0,0.3125,12,3,24,4,12,6,0,12,1,32,24,0.041666666666666664,0.4375,0.1875,0.020833333333333332,0.0
P476680,48,4.520833333333333,0.9166666666666666,0.45001196222645895,338.6458333333333,0.16666666666666666,0,0,1,0,0,0,0,1,0,18,18,,0.5208333333333334,0.16666666666666666,0.14583333333333334,0.0
P472343,48,4.541666666666667,0.875,0.61789670586586,370.8958333333333,0.22916666666666666,0,4,4,13,24,30,2,0,1,32,12,0.0625,0.5208333333333334,0.0625,0.125,0.0
P455610,48,3.5416666666666665,0.5833333333333334,0.8207319346459016,279.3125,0.10416666666666667,0,2,2,2,8,1,1,5,0,13,21,,0.6666666666666666,0.22916666666666666,,0.0
P435801,48,4.104166666666667,0.7916666666666666,0.8544561471790075,305.8125,0.3333333333333333,0,4,20,13,8,5,0,0,6,21,12,0.020833333333333332,0.5208333333333334,0.0625,0.0625,0.0
P473724,48,4.6875,0.9791666666666666,0.841453063612183,205.79166666666666,0.08333333333333333,1,1,9,5,7,6,5,2,2,11,8,0.020833333333333332,0.5833333333333334,0.14583333333333334,0.16666666666666666,0.0
P444969,48,3.7916666666666665,0.6666666666666666,0.8044973603553243,177.22916666666666,0.10416666666666667,0,3,9,1,18,4,4,2,5,12,9,,0.5416666666666666,0.16666666666666666,0.1875,0.0
P454315,48,4.395833333333333,0.8958333333333334,0.8491023503243923,318.1666666666667,0.3541666666666667,0,3,5,16,14,13,3,0,0,29,5,,0.4166666666666667,0.20833333333333334,0.020833333333333332,0.0
P474115,47,4.808510638297872,1.0,0.8897565537028842,412.1489361702128,0.2765957446808511,10,3,11,1,6,9,6,12,3,24,20,,0.5106382978723404,0.14893617021276595,0.06382978723404255,0.0
P504794,47,4.085106382978723,0.7659574468085106,0.7976490688878436,288.36170212765956,0.40425531914893614,0,6,19,31,4,9,5,2,4,11,5,0.0425531914893617,0.3617021276595745,0.1276595744680851,0.06382978723404255,0.0
P452002,47,3.9148936170212765,0.6808510638297872,0.7805786830457774,294.8510638297872,0.19148936170212766,11,19,4,8,7,7,8,6,3,13,5,,0.574468085106383,0.2127659574468085,0.02127659574468085,0.0
P475193,47,4.297872340425532,0.8723404255319149,0.7698412849789574,471.3829787234043,0.23404255319148937,3,13,6,5,9,12,2,6,4,30,15,,0.6170212765957447,0.10638297872340426,0.0425531914893617,0.0
P469508,47,4.425531914893617,0.8723404255319149,0.7299843430519104,328.468085106383,0.2765957446808511,5,1,25,14,2,11,6,2,6,25,9,,0.48936170212765956,0.10638297872340426,0.1276595744680851,0.0
P456997,47,4.702127659574468,0.9361702127659575,0.7303815967327839,460.6808510638298,0.10638297872340426,3,0,8,8,1,7,4,3,1,19,13,0.02127659574468085,0.44680851063829785,0.3617021276595745,0.06382978723404255,0.0
P500399,47,4.617021276595745,0.9148936170212766,0.6752874121583742,295.70212765957444,0.14893617021276595,11,4,11,4,19,1,0,3,4,24,3,0.0425531914893617,0.5531914893617021,0.14893617021276595,0.10638297872340426,0.0
P474116,47,4.48936170212766,0.9148936170212766,0.8967277334957588,417.06382978723406,0.2765957446808511,2,2,9,6,3,5,0,9,5,20,16,,0.5106382978723404,0.1276595744680851,0.0851063829787234,0.0
P456989,47,3.6808510638297873,0.6808510638297872,0.8685628134150838,378.8723404255319,0.23404255319148937,1,2,12,6,16,1,1,1,4,10,9,,0.44680851063829785,0.23404255319148937,0.0851063829787234,0.0
P433617,47,4.212765957446808,0.7659574468085106,0.8004886329900928,298.5531914893617,0.10638297872340426,0,14,4,14,4,4,15,0,0,19,8,,0.6382978723404256,0.06382978723404255,0.19148936170212766,0.0
P469504,47,4.617021276595745,0.9148936170212766,0.8229448548177394,348.8723404255319,0.1702127659574468,3,3,6,8,8,13,10,2,4,25,13,,0.574468085106383,0.06382978723404255,0.19148936170212766,0.0
P431416,47,4.659574468085107,0.8723404255319149,0.8681302727623419,386.51063829787233,0.3617021276595745,0,2,9,15,10,12,1,1,0,24,11,,0.44680851063829785,0.10638297872340426,0.0851063829787234,0.0
P427641,47,3.6808510638297873,0.6382978723404256,0.7100087563196819,303.3829787234043,0.2553191489361702,1,9,30,13,16,6,9,5,3,16,5,,0.5957446808510638,0.0851063829787234,0.06382978723404255,0.0
P442001,46,3.8260869565217392,0.717391304347826,0.8215602766722441,370.5,0.15217391304347827,4,11,31,26,6,2,4,8,2,23,6,0.021739130434782608,0.6521739130434783,0.06521739130434782,0.10869565217391304,0.0
P482740,46,4.434782608695652,0.8695652173913043,0.8333333311257539,389.4347826086956,0.10869565217391304,7,22,11,6,9,3,4,8,4,25,10,,0.6739130434782609,0.10869565217391304,0.10869565217391304,0.0
P455215,46,3.3260869565217392,0.5217391304347826,0.9102882014380561,272.4130434782609,0.1956521739130435,1,7,28,17,8,3,8,7,4,19,5,0.021739130434782608,0.5,0.2608695652173913,0.021739130434782608,0.0
P445726,46,4.021739130434782,0.717391304347826,0.8262855362060458,280.5,0.2826086956521739,0,13,21,12,7,5,1,8,0,22,10,,0.4782608695652174,0.13043478260869565,0.10869565217391304,0.0
P399934,46,4.239130434782608,0.7391304347826086,0.8689601089466702,363.54347826086956,0.08695652173913043,0,13,19,9,10,5,16,8,2,19,12,0.5,0.34782608695652173,0.043478260869565216,0.021739130434782608,0.0
P386762,46,4.6521739130434785,0.9615384615384616,0.755770996551622,279.5869565217391,0.17391304347826086,0,0,0,0,1,1,1,2,0,14,10,0.08695652173913043,0.5652173913043478,0.13043478260869565,0.043478260869565216,0.0
P475186,46,4.239130434782608,0.8695652173913043,0.6368421065179926,368.89130434782606,0.21739130434782608,2,11,20,3,14,4,1,9,3,26,7,0.043478260869565216,0.5217391304347826,0.15217391304347827,0.06521739130434782,0.0
P474107,45,4.688888888888889,0.8444444444444444,0.7679485568293819,358.4888888888889,0.2,6,8,20,5,8,9,1,13,1,20,12,,0.5777777777777777,0.13333333333333333,0.08888888888888889,0.0
P417114,45,4.2,0.8048780487804879,0.7959428412670438,354.5777777777778,0.13333333333333333,0,4,8,3,12,6,1,2,2,11,8,0.13333333333333333,0.4,0.2,0.13333333333333333,0.0
P461947,45,4.511111111111111,0.8888888888888888,0.882921626418829,273.64444444444445,0.17777777777777778,0,3,13,4,8,15,9,1,0,15,4,0.022222222222222223,0.5111111111111111,0.13333333333333333,0.15555555555555556,0.0
P449836,45,4.288888888888889,0.8444444444444444,0.8356915980577468,220.9777777777778,0.2,0,4,2,12,12,12,9,0,1,14,8,0.022222222222222223,0.5555555555555556,0.2,0.022222222222222223,0.0
P409816,45,4.4,0.8333333333333334,0.7543253495886519,288.0888888888889,0.08888888888888889,4,18,24,5,8,8,11,11,1,18,7,0.15555555555555556,0.37777777777777777,0.17777777777777778,0.2,0.0
P417243,45,4.133333333333334,0.7948717948717948,0.7307327470996163,352.84444444444443,0.13333333333333333,1,5,7,7,5,11,9,0,1,17,6,0.1111111111111111,0.5333333333333333,0.1111111111111111,0.1111111111111111,0.0
P476736,44,4.7272727272727275,0.9772727272727273,0.5039891584923393,402.9318181818182,0.2727272727272727,7,5,10,1,26,19,3,6,7,26,6,0.045454545454545456,0.38636363636363635,0.18181818181818182,0.11363636363636363,0.0
P469526,44,3.727272727272727,0.6136363636363636,0.8284549507356825,318.3181818181818,0.22727272727272727,7,16,29,12,10,5,5,5,2,26,6,,0.4772727272727273,0.1590909090909091,0.13636363636363635,0.0
P375354,44,4.454545454545454,0.8461538461538461,0.7607702849940821,376.54545454545456,0.11363636363636363,0,9,12,9,10,5,3,6,1,17,15,0.38636363636363635,0.36363636363636365,0.13636363636363635,,0.0
P481743,44,4.795454545454546,0.9772727272727273,0.7124434019128482,364.1136363636364,0.06818181818181818,9,1,10,0,5,1,0,8,4,30,20,,0.6818181818181818,0.20454545454545456,0.045454545454545456,0.0
P480986,44,4.136363636363637,0.7954545454545454,0.7815430046696412,242.3409090909091,0.1590909090909091,3,4,7,7,2,10,0,4,0,16,8,0.022727272727272728,0.5454545454545454,0.1590909090909091,0.11363636363636363,0.0
P475196,44,4.25,0.9318181818181818,0.8647959296192441,393.5,0.1590909090909091,0,4,3,8,10,26,6,0,2,23,9,0.045454545454545456,0.5227272727272727,0.045454545454545456,0.22727272727272727,0.0
P469512,43,4.116279069767442,0.813953488372093,0.7980889156460762,419.51162790697674,0.20930232558139536,6,3,12,4,2,13,0,8,1,19,10,,0.5581395348837209,0.09302325581395349,0.13953488372093023,0.0
P433461,42,3.761904761904762,0.6904761904761905,0.8101154628552889,255.57142857142858,0.16666666666666666,1,0,4,7,19,5,1,0,0,16,2,0.023809523809523808,0.38095238095238093,0.19047619047619047,0.23809523809523808,0.0
P482007,42,4.309523809523809,0.8809523809523809,0.8494388516302462,268.2857142857143,0.35714285714285715,1,1,8,13,11,6,6,0,2,22,9,,0.47619047619047616,0.11904761904761904,0.047619047619047616,0.0
P409920,42,3.642857142857143,0.7777777777777778,0.7212484165241844,402.7142857142857,0.21428571428571427,0,5,3,20,1,17,6,0,0,13,9,0.38095238095238093,0.21428571428571427,0.09523809523809523,0.09523809523809523,0.0
P504050,42,4.785714285714286,0.9761904761904762,1.0,434.42857142857144,0.047619047619047616,14,5,5,7,6,20,2,4,3,27,18,0.5,0.2619047619047619,0.11904761904761904,0.07142857142857142,0.0
P481742,42,4.714285714285714,0.9523809523809523,0.7606837680706611,322.54761904761904,0.07142857142857142,14,8,21,2,4,10,3,5,2,25,12,0.047619047619047616,0.5952380952380952,0.16666666666666666,0.11904761904761904,0.0
P455897,42,4.0,0.7380952380952381,0.8250234779857454,345.3333333333333,0.23809523809523808,0,19,6,8,0,10,12,10,4,16,8,,0.5,0.2619047619047619,,0.0
P416538,42,4.285714285714286,0.775,0.7452150224929764,342.92857142857144,0.35714285714285715,0,4,5,6,2,3,5,1,0,14,15,0.09523809523809523,0.40476190476190477,0.023809523809523808,0.11904761904761904,0.0
P470048,42,3.880952380952381,0.6904761904761905,0.7053855384995298,263.76190476190476,0.047619047619047616,0,2,4,3,3,8,1,0,2,7,5,0.11904761904761904,0.6666666666666666,0.14285714285714285,0.023809523809523808,0.0
P475590,42,3.4285714285714284,0.5714285714285714,0.8180086280618395,240.38095238095238,0.07142857142857142,2,1,8,3,2,1,2,3,0,16,8,0.047619047619047616,0.5476190476190477,0.21428571428571427,0.11904761904761904,0.0
P504218,42,4.5476190476190474,0.9047619047619048,0.8013004693202674,238.47619047619048,0.21428571428571427,1,6,19,7,8,7,6,0,0,14,6,0.14285714285714285,0.47619047619047616,0.11904761904761904,0.047619047619047616,0.0
P459140,42,3.619047619047619,0.6428571428571429,0.7698897948631873,323.8333333333333,0.23809523809523808,0,1,4,8,8,1,0,0,0,5,4,0.023809523809523808,0.47619047619047616,0.16666666666666666,0.09523809523809523,0.0
P309409,42,3.7142857142857144,0.5714285714285714,0.846702802926302,399.45238095238096,0.09523809523809523,2,15,11,8,2,2,8,2,0,15,16,0.21428571428571427,0.5,0.047619047619047616,0.14285714285714285,0.0
P482312,41,4.414634146341464,0.8536585365853658,0.750993764322055,196.5609756097561,0.2682926829268293,0,0,4,4,0,4,1,0,0,5,11,0.04878048780487805,0.4146341463414634,0.14634146341463414,0.12195121951219512,0.0
P477714,41,4.024390243902439,0.7560975609756098,0.8114328026771546,267.4878048780488,0.3902439024390244,0,0,0,1,0,0,0,0,0,9,7,0.024390243902439025,0.36585365853658536,0.12195121951219512,0.0975609756097561,0.0
P459835,41,3.1463414634146343,0.4634146341463415,0.7451894196068368,225.1951219512195,0.12195121951219512,0,3,7,2,6,2,1,2,2,7,6,0.0975609756097561,0.4878048780487805,0.17073170731707318,0.12195121951219512,0.0
P440496,41,3.951219512195122,0.7560975609756098,0.7761865825288825,359.5365853658537,0.21951219512195122,0,1,4,8,2,2,31,1,1,8,18,0.024390243902439025,0.43902439024390244,0.0975609756097561,0.21951219512195122,0.0
P392892,41,3.8780487804878048,0.5714285714285714,0.7074195926006024,357.4146341463415,0.12195121951219512,4,13,20,9,8,6,13,3,4,18,7,0.36585365853658536,0.3902439024390244,0.0975609756097561,0.024390243902439025,0.0
P475200,41,3.8292682926829267,0.7073170731707317,0.9252717018127441,342.4634146341463,0.07317073170731707,0,2,14,4,7,16,5,0,0,17,12,,0.7560975609756098,0.14634146341463414,0.024390243902439025,0.0
P504040,41,4.878048780487805,1.0,0.7499999977075137,296.5609756097561,0.24390243902439024,0,1,11,21,2,5,5,0,0,32,9,0.024390243902439025,0.43902439024390244,0.17073170731707318,0.12195121951219512,0.0
P472031,41,4.536585365853658,0.8536585365853658,0.8982345510274172,256.3414634146341,0.17073170731707318,0,6,2,8,0,14,10,0,0,14,10,0.024390243902439025,0.5121951219512195,0.12195121951219512,0.17073170731707318,0.0
P474118,40,4.425,0.875,0.6041470794258891,381.8,0.2,0,3,15,5,6,5,0,2,1,17,14,0.075,0.65,0.025,0.05,0.0
P476436,40,4.825,0.975,0.6354764858561177,402.2,0.1,0,1,3,1,0,1,2,4,0,20,8,0.075,0.6,0.15,0.075,0.0
P471062,40,4.6,0.9,0.7909792975799458,254.775,0.125,5,5,28,6,0,4,0,1,3,18,6,,0.7,0.175,,0.0
P484033,40,4.15,0.775,0.8269485549794303,323.3,0.2,2,12,7,9,4,3,11,7,1,14,3,0.075,0.5,0.2,0.025,0.0
P441645,40,4.25,0.85,0.8217704609418527,347.05,0.075,0,1,3,4,21,1,1,1,2,2,7,0.025,0.625,0.15,0.125,0.0
P458733,40,3.7,0.675,0.85312295332551,189.675,0.1,0,0,3,0,0,0,0,0,1,15,2,,0.65,0.175,0.075,0.0
P470049,40,4.6,0.9,0.8857874737845527,412.975,0.25,0,8,2,18,6,10,16,0,0,19,9,0.025,0.4,0.175,0.15,0.0
P502758,40,4.55,0.925,0.8538461556801429,344.65,0.25,20,2,14,3,8,3,0,8,2,22,19,0.025,0.475,0.225,0.025,0.0
P472022,40,4.5,0.95,0.7284722526868185,276.7,0.075,1,2,24,6,11,1,2,4,3,20,5,0.025,0.55,0.225,0.125,0.0
P438648,39,3.8461538461538463,0.6410256410256411,0.7890256485518288,403.79487179487177,0.28205128205128205,1,8,21,15,4,6,5,1,1,17,8,,0.41025641025641024,0.23076923076923078,0.07692307692307693,0.0
P504208,39,4.17948717948718,0.8205128205128205,0.8017696496602651,175.82051282051282,0.15384615384615385,0,0,4,3,0,1,1,0,0,1,5,0.20512820512820512,0.358974358974359,0.23076923076923078,0.05128205128205128,0.0
P474376,39,3.6923076923076925,0.6666666666666666,0.6651900853429522,330.53846153846155,0.23076923076923078,0,1,12,2,7,3,6,0,1,2,10,0.07692307692307693,0.48717948717948717,0.10256410256410256,0.10256410256410256,0.0
P469085,39,4.333333333333333,0.8205128205128205,0.8255494999534944,251.10256410256412,0.1794871794871795,0,0,4,3,0,0,0,0,0,3,7,0.07692307692307693,0.5641025641025641,0.05128205128205128,0.1282051282051282,0.0
P479688,39,3.6923076923076925,0.6923076923076923,0.6146128850155755,210.51282051282053,0.07692307692307693,0,0,0,3,6,7,0,0,1,11,11,0.10256410256410256,0.41025641025641024,0.28205128205128205,0.1282051282051282,0.0
P433469,39,4.102564102564102,0.7692307692307693,0.764195967661707,343.71794871794873,0.15384615384615385,1,4,3,3,0,7,7,1,0,10,12,0.02564102564102564,0.5128205128205128,0.23076923076923078,0.07692307692307693,0.0
P442745,39,4.538461538461538,0.8717948717948718,0.8647598898724506,481.5897435897436,0.05128205128205128,1,5,11,6,3,13,16,2,0,17,17,0.02564102564102564,0.6410256410256411,0.10256410256410256,0.1794871794871795,0.0
P447787,38,3.3684210526315788,0.631578947368421,0.7279322445392609,390.7631578947368,0.18421052631578946,0,0,7,1,1,3,6,0,2,9,11,0.05263157894736842,0.5,0.23684210526315788,0.02631578947368421,0.0
P475187,38,4.157894736842105,0.8421052631578947,0.6166666984558106,415.8157894736842,0.21052631578947367,2,5,10,7,15,7,2,7,8,20,11,0.02631578947368421,0.6052631578947368,0.15789473684210525,,0.0
P454937,38,3.3684210526315788,0.631578947368421,0.7279322445392609,390.7631578947368,0.18421052631578946,0,0,7,1,1,3,6,0,2,9,11,0.05263157894736842,0.5,0.23684210526315788,0.02631578947368421,0.0
P501004,38,4.631578947368421,0.8947368421052632,0.7857142932274762,373.86842105263156,0.3684210526315789,0,0,3,2,0,6,1,1,0,11,18,0.13157894736842105,0.3157894736842105,0.05263157894736842,0.13157894736842105,0.0
P500445,38,4.2894736842105265,0.8157894736842105,0.8002272516489028,281.10526315789474,0.15789473684210525,3,1,0,1,10,0,0,0,3,6,3,,0.5526315789473685,0.21052631578947367,0.07894736842105263,0.0
P442263,38,2.8947368421052633,0.5,0.755744855654867,336.42105263157896,0.15789473684210525,0,0,9,4,2,0,0,2,0,11,14,,0.5526315789473685,0.15789473684210525,0.13157894736842105,0.0
P417323,38,4.368421052631579,0.8285714285714286,0.7800772888319832,387.6842105263158,0.13157894736842105,0,2,0,8,2,3,4,0,0,15,13,0.07894736842105263,0.5263157894736842,0.05263157894736842,0.21052631578947367,0.0
P460010,38,2.710526315789474,0.42105263157894735,0.790290361477269,260.60526315789474,0.23684210526315788,0,0,0,1,0,3,0,0,0,1,17,0.02631578947368421,0.5263157894736842,0.10526315789473684,0.10526315789473684,0.0
P468652,38,4.394736842105263,0.868421052631579,0.8367589172479268,530.7368421052631,0.18421052631578946,0,0,3,1,0,2,3,3,0,8,13,0.02631578947368421,0.47368421052631576,0.18421052631578946,0.13157894736842105,0.0
P504134,37,4.45945945945946,0.8108108108108109,0.812412943158831,315.72972972972974,0.21621621621621623,0,1,21,7,5,0,2,0,10,15,8,0.24324324324324326,0.35135135135135137,0.05405405405405406,0.13513513513513514,0.0
P482694,37,3.5135135135135136,0.6756756756756757,0.6746900605432915,270.2162162162162,0.2972972972972973,1,1,18,12,6,4,3,1,1,10,4,0.08108108108108109,0.40540540540540543,0.10810810810810811,0.10810810810810811,0.0
P476485,37,4.486486486486487,0.8648648648648649,0.8227856539446732,219.05405405405406,0.13513513513513514,0,10,18,2,6,2,4,1,2,10,2,0.05405405405405406,0.5405405405405406,0.21621621621621623,0.05405405405405406,0.0
P469518,37,4.324324324324325,0.8108108108108109,0.8463857420853206,288.4054054054054,0.35135135135135137,1,4,24,5,1,15,9,0,0,9,9,,0.43243243243243246,0.10810810810810811,0.10810810810810811,0.0
P471064,37,2.4864864864864864,0.32432432432432434,0.8119791867211461,299.9189189189189,0.02702702702702703,1,15,6,1,1,4,2,3,1,8,7,,0.5135135135135135,0.10810810810810811,0.35135135135135137,0.0
P468143,37,3.5675675675675675,0.6216216216216216,0.7264794860337231,388.05405405405406,0.1891891891891892,0,3,7,2,28,3,3,6,1,16,8,,0.6216216216216216,0.1891891891891892,,0.0
P420638,37,4.324324324324325,0.7857142857142857,0.8161389714962727,428.0,0.21621621621621623,0,9,11,3,7,3,6,4,1,15,16,0.1891891891891892,0.2972972972972973,0.24324324324324326,0.05405405405405406,0.0
P379009,37,3.810810810810811,0.5789473684210527,0.8044254285948617,397.72972972972974,0.1891891891891892,0,12,13,7,9,7,7,2,1,15,8,0.1891891891891892,0.43243243243243246,0.16216216216216217,0.02702702702702703,0.0
P446908,37,4.45945945945946,0.8378378378378378,0.8163838386535645,325.4054054054054,0.2702702702702703,0,2,7,8,3,5,5,3,1,12,8,,0.5945945945945946,0.08108108108108109,0.05405405405405406,0.0
P440491,37,4.54054054054054,0.8918918918918919,0.8550492334453499,313.6216216216216,0.16216216216216217,0,4,1,12,4,11,14,0,0,17,6,0.02702702702702703,0.5135135135135135,0.1891891891891892,0.10810810810810811,0.0
P480300,37,4.54054054054054,0.918918918918919,0.6410608923918492,420.81081081081084,0.2972972972972973,0,1,0,0,0,3,3,0,0,11,18,0.05405405405405406,0.5135135135135135,0.05405405405405406,0.08108108108108109,0.0
P468671,37,4.216216216216216,0.7297297297297297,0.8285330004162259,282.0,0.13513513513513514,0,4,4,15,5,3,16,0,1,15,2,0.05405405405405406,0.5945945945945946,0.08108108108108109,0.13513513513513514,0.0
P457519,37,3.4594594594594597,0.5675675675675675,0.9087227968608632,363.64864864864865,0.35135135135135137,1,2,17,13,1,10,0,2,0,18,5,0.05405405405405406,0.4594594594594595,0.08108108108108109,0.05405405405405406,0.0
P476681,37,4.675675675675675,0.918918918918919,0.9338717048659044,345.1081081081081,0.02702702702702703,1,0,4,3,0,3,0,0,0,12,11,,0.7567567567567568,0.10810810810810811,0.10810810810810811,0.0
P461195,36,3.888888888888889,0.6666666666666666,0.8586462255447141,254.25,0.19444444444444445,0,3,4,7,5,3,4,0,0,15,4,0.05555555555555555,0.5,0.1111111111111111,0.1388888888888889,0.0
P470533,36,4.805555555555555,0.9444444444444444,0.9279156143174452,305.8611111111111,0.1388888888888889,0,0,2,4,0,0,0,2,0,4,7,,0.5555555555555556,0.1388888888888889,0.16666666666666666,0.0
P471085,36,3.611111111111111,0.7222222222222222,0.7749957416738783,276.8888888888889,0.08333333333333333,2,2,4,1,8,4,9,0,2,12,16,,0.6388888888888888,0.19444444444444445,0.08333333333333333,0.0
P423143,36,4.166666666666667,0.7777777777777778,0.75127289030287,303.80555555555554,0.2777777777777778,3,2,4,4,1,4,0,4,1,8,16,0.027777777777777776,0.4722222222222222,0.08333333333333333,0.1388888888888889,0.0
P447409,36,4.111111111111111,0.75,0.8023437494412065,248.02777777777777,0.3333333333333333,2,13,23,12,5,5,2,7,1,15,7,0.027777777777777776,0.5277777777777778,0.08333333333333333,0.027777777777777776,0.0
P423165,36,4.083333333333333,0.7777777777777778,0.8261187979153224,329.1111111111111,0.08333333333333333,0,2,9,1,1,3,3,2,0,7,11,,0.6111111111111112,0.2777777777777778,0.027777777777777776,0.0
P446820,36,3.4444444444444446,0.6388888888888888,0.6618287800811231,313.3333333333333,0.19444444444444445,0,4,0,4,5,5,6,0,0,15,4,,0.5,0.1388888888888889,0.16666666666666666,0.0
P202935,36,4.472222222222222,0.75,0.8299905629828572,255.41666666666666,0.4166666666666667,0,6,14,15,6,3,2,0,0,9,8,0.16666666666666666,0.3055555555555556,0.1111111111111111,,0.0
P482755,36,4.333333333333333,0.9166666666666666,0.7,323.72222222222223,0.1111111111111111,1,1,0,6,13,5,3,0,0,18,4,0.027777777777777776,0.5277777777777778,0.3055555555555556,0.027777777777777776,0.0
P405286,35,4.314285714285714,0.8333333333333334,0.7349652781568724,337.1714285714286,0.34285714285714286,1,11,25,13,4,3,3,6,1,14,5,0.2,0.2857142857142857,0.11428571428571428,0.05714285714285714,0.0
P481401,35,4.457142857142857,0.8857142857142857,0.7896938123740256,279.9142857142857,0.2,0,2,15,2,24,5,1,1,1,13,3,,0.6,0.17142857142857143,0.02857142857142857,0.0
P471547,35,4.142857142857143,0.7714285714285715,0.7549923533393491,235.62857142857143,0.22857142857142856,1,4,3,13,3,5,9,0,0,9,6,0.08571428571428572,0.4857142857142857,0.14285714285714285,0.05714285714285714,0.0
P433524,35,4.142857142857143,0.8285714285714286,0.767909488081932,382.6857142857143,0.17142857142857143,0,2,9,8,14,1,1,0,4,8,10,,0.6285714285714286,0.17142857142857143,0.02857142857142857,0.0
P417115,35,4.457142857142857,0.8181818181818182,0.8353687323191586,381.9428571428571,0.2571428571428571,0,0,7,4,0,4,5,3,2,7,11,0.14285714285714285,0.45714285714285713,0.11428571428571428,0.02857142857142857,0.0
P416728,35,4.571428571428571,0.8787878787878788,0.8662024519660256,376.0571428571429,0.11428571428571428,2,1,6,2,8,2,3,0,0,17,8,0.05714285714285714,0.6,0.17142857142857143,0.05714285714285714,0.0
P483151,35,3.942857142857143,0.7428571428571429,0.8613634407520294,185.05714285714285,0.14285714285714285,0,1,7,4,5,4,0,1,0,10,6,0.02857142857142857,0.5428571428571428,0.11428571428571428,0.17142857142857143,0.0
P440492,35,3.9714285714285715,0.7428571428571429,0.6688268078911689,267.37142857142857,0.2571428571428571,3,9,27,9,7,4,3,2,0,11,5,,0.5142857142857142,0.14285714285714285,0.08571428571428572,0.0
P456990,35,3.4,0.5428571428571428,0.7839460905422183,239.74285714285713,0.17142857142857143,0,3,3,2,9,1,0,1,0,12,6,0.05714285714285714,0.4,0.14285714285714285,0.22857142857142856,0.0
P470245,34,4.5,0.9117647058823529,0.5902236943895166,279.5882352941176,0.17647058823529413,4,1,4,2,6,0,3,3,4,14,13,,0.5294117647058824,0.17647058823529413,0.11764705882352941,0.0
P428423,34,4.176470588235294,0.7647058823529411,0.8300255297217518,285.5,0.17647058823529413,0,2,0,2,15,13,4,0,2,7,3,0.029411764705882353,0.5588235294117647,0.14705882352941177,0.08823529411764706,0.0
P444615,34,4.088235294117647,0.7647058823529411,0.7164234980009496,226.02941176470588,0.11764705882352941,0,2,5,5,8,7,3,0,2,10,3,,0.5588235294117647,0.14705882352941177,0.17647058823529413,0.0
P503562,34,4.029411764705882,0.7941176470588235,0.7982489038258791,390.6470588235294,0.08823529411764706,0,0,4,1,0,1,3,0,0,12,10,0.058823529411764705,0.5882352941176471,0.20588235294117646,0.058823529411764705,0.0
P442548,34,4.0,0.7058823529411765,0.7796846159240779,309.2352941176471,0.20588235294117646,0,2,5,7,3,4,7,0,0,6,10,0.058823529411764705,0.5,0.14705882352941177,0.08823529411764706,0.0
P443375,33,3.484848484848485,0.5757575757575758,0.7615805342793465,307.3636363636364,0.18181818181818182,0,5,11,8,4,6,2,2,2,8,7,0.030303030303030304,0.5454545454545454,0.030303030303030304,0.21212121212121213,0.0
P436378,33,4.515151515151516,0.8787878787878788,0.8810092138521599,367.3333333333333,0.42424242424242425,0,11,18,17,3,15,4,2,2,9,9,,0.45454545454545453,0.06060606060606061,0.06060606060606061,0.0
P433440,33,3.8181818181818183,0.696969696969697,0.8289070626099905,496.2121212121212,0.30303030303030304,0,1,3,9,4,0,0,4,0,7,4,,0.3939393939393939,0.15151515151515152,0.15151515151515152,0.0
P457441,33,4.666666666666667,0.9393939393939394,0.7314411230159529,244.57575757575756,0.06060606060606061,0,8,14,2,5,3,7,0,0,9,13,,0.5454545454545454,0.12121212121212122,0.2727272727272727,0.0
P440499,33,4.393939393939394,0.9090909090909091,0.8632838418707252,334.54545454545456,0.06060606060606061,0,8,3,9,0,3,8,0,0,10,20,,0.45454545454545453,0.15151515151515152,0.3333333333333333,0.0
P454514,33,3.787878787878788,0.696969696969697,0.7253984759251276,378.42424242424244,0.24242424242424243,0,2,8,5,8,6,6,0,1,9,7,,0.48484848484848486,0.12121212121212122,0.15151515151515152,0.0
P470247,33,4.818181818181818,0.9696969696969697,0.5559162723295616,333.45454545454544,0.06060606060606061,1,2,2,2,4,4,20,1,3,8,13,,0.6060606060606061,0.06060606060606061,0.2727272727272727,0.0
P428422,33,3.9696969696969697,0.7575757575757576,0.8035636199959393,276.3030303030303,0.06060606060606061,0,8,0,0,2,2,0,3,0,4,9,0.06060606060606061,0.48484848484848486,0.030303030303030304,0.36363636363636365,0.0
P422253,33,3.5757575757575757,0.6363636363636364,0.8276530360734021,305.6363636363636,,0,8,3,13,1,2,7,0,0,5,6,0.030303030303030304,0.6060606060606061,0.15151515151515152,0.21212121212121213,0.0
P470510,32,3.6875,0.59375,0.6803534213573702,432.375,0.28125,1,3,13,12,2,4,2,2,1,10,11,0.03125,0.46875,0.15625,0.0625,0.0
P455909,32,4.4375,0.875,0.8415878684289994,253.03125,0.25,0,0,8,1,14,1,0,0,2,8,2,,0.53125,0.15625,0.0625,0.0
P442748,32,4.375,0.84375,0.8585187037785847,433.75,0.34375,1,3,13,12,8,4,4,1,3,15,11,0.0625,0.4375,0.09375,0.0625,0.0
P446518,32,4.40625,0.8125,0.8565303856326688,348.1875,0.3125,1,8,0,7,5,7,3,0,0,8,8,0.03125,0.4375,0.15625,0.0625,0.0
P433155,32,4.03125,0.8125,0.7746397180017084,385.96875,0.1875,0,0,1,3,8,1,0,0,0,2,12,,0.4375,0.3125,0.0625,0.0
P417604,32,4.34375,0.7857142857142857,0.7793555660173297,380.78125,0.125,3,5,13,9,9,6,4,2,3,18,4,0.0625,0.5625,0.1875,0.0625,0.0
P504880,32,4.625,0.875,0.8860071044543694,281.5,0.1875,0,5,0,2,7,8,1,0,0,15,3,,0.625,0.125,0.0625,0.0
P467650,31,3.4838709677419355,0.6129032258064516,0.8108578293487944,382.6774193548387,0.12903225806451613,2,0,0,1,9,0,0,1,4,3,4,,0.5161290322580645,0.1935483870967742,0.16129032258064516,0.0
P480280,31,3.2580645161290325,0.5806451612903226,0.7563213380674522,292.0967741935484,0.3548387096774194,0,4,18,8,16,3,2,2,0,10,8,0.0967741935483871,0.3870967741935484,0.06451612903225806,0.0967741935483871,0.0
P429676,31,3.3225806451612905,0.5161290322580645,0.8505094092467735,273.258064516129,0.22580645161290322,0,0,6,5,2,4,0,1,0,9,10,,0.6129032258064516,0.0967741935483871,0.06451612903225806,0.0
P410809,31,3.2580645161290325,0.5294117647058824,0.7405042315904911,347.35483870967744,0.1935483870967742,0,2,5,3,0,2,0,5,1,6,13,0.3548387096774194,0.3870967741935484,0.06451612903225806,,0.0
P440302,31,3.774193548387097,0.6451612903225806,0.8373737758205783,330.5483870967742,0.06451612903225806,0,1,3,0,2,2,1,1,0,7,23,,0.5161290322580645,0.3548387096774194,0.06451612903225806,0.0
P440493,31,3.6451612903225805,0.5483870967741935,0.765986607809152,275.7741935483871,0.3548387096774194,1,13,18,8,6,4,2,1,2,12,7,,0.41935483870967744,0.0967741935483871,0.12903225806451613,0.0
P457520,31,3.3870967741935485,0.6129032258064516,0.7458826195577095,377.3225806451613,0.25806451612903225,0,0,10,7,0,0,3,6,2,11,10,,0.3870967741935484,0.25806451612903225,0.0967741935483871,0.0
P505392,31,4.903225806451613,1.0,,315.6774193548387,0.1935483870967742,6,6,5,10,0,7,27,1,0,11,9,,0.41935483870967744,0.2903225806451613,0.0967741935483871,0.0
P480358,31,4.67741935483871,0.9032258064516129,0.8207638978958129,200.25806451612902,0.3225806451612903,0,0,0,0,0,0,0,0,0,5,6,0.03225806451612903,0.3225806451612903,0.16129032258064516,0.16129032258064516,0.0
P505131,31,4.709677419354839,0.967741935483871,0.6393939080563459,299.4516129032258,0.25806451612903225,1,6,21,5,5,2,2,1,0,18,1,,0.4838709677419355,0.16129032258064516,0.0967741935483871,0.0
P481058,31,4.580645161290323,0.9032258064516129,0.9155443686026113,286.4516129032258,0.12903225806451613,1,6,20,9,9,5,3,1,2,18,5,0.03225806451612903,0.5806451612903226,0.22580645161290322,0.03225806451612903,0.0
P448715,30,4.5,0.9666666666666667,0.9076224812145891,434.6,0.1,0,3,5,7,1,6,5,1,1,13,4,0.03333333333333333,0.6,0.1,0.16666666666666666,0.0
P440923,30,3.466666666666667,0.5666666666666667,0.8337535013755163,290.0,0.16666666666666666,1,2,2,6,3,4,0,8,0,5,8,,0.5,0.26666666666666666,0.06666666666666667,0.0
P503820,30,4.833333333333333,0.9666666666666667,0.4,290.73333333333335,0.16666666666666666,0,0,8,4,3,3,3,0,0,9,10,,0.5666666666666667,0.2,0.06666666666666667,0.0
P442860,30,3.2,0.5333333333333333,0.8118927941240114,330.03333333333336,0.2,0,8,16,6,6,5,9,1,2,15,5,,0.5666666666666667,0.2,0.03333333333333333,0.0
P456204,30,3.2,0.5333333333333333,0.7342690332182522,391.8,0.2,0,0,2,2,5,3,1,0,1,1,9,,0.5666666666666667,0.16666666666666666,0.06666666666666667,0.0
P480600,30,3.4,0.5,0.8365558951065458,285.93333333333334,0.13333333333333333,2,1,10,5,10,0,0,0,1,6,6,0.03333333333333333,0.7,0.1,0.03333333333333333,0.0
P481973,30,4.866666666666666,0.9666666666666667,0.7997097284956411,392.76666666666665,0.1,1,1,6,4,3,5,8,2,2,16,6,0.03333333333333333,0.6333333333333333,0.2,0.03333333333333333,0.0
P501024,30,4.3,0.8333333333333334,1.0,326.93333333333334,0.36666666666666664,0,0,9,8,0,3,0,0,0,12,8,0.03333333333333333,0.4,0.06666666666666667,0.13333333333333333,0.0
P483092,30,4.6,0.9,0.8267811135603831,316.96666666666664,0.06666666666666667,0,3,4,6,4,11,7,1,0,6,12,0.1,0.5666666666666667,0.1,0.16666666666666666,0.0
P416725,29,4.0,0.8,0.7736777241887718,275.8965517241379,0.13793103448275862,2,0,11,7,7,1,1,2,2,9,8,0.13793103448275862,0.4827586206896552,0.20689655172413793,0.034482758620689655,0.0
P444470,29,4.724137931034483,0.9310344827586207,0.8491185163629467,307.55172413793105,0.13793103448275862,1,0,2,0,0,0,0,1,0,9,8,0.034482758620689655,0.4827586206896552,0.1724137931034483,0.1724137931034483,0.0
P447607,29,3.5517241379310347,0.6551724137931034,0.8402116651888247,300.9310344827586,0.20689655172413793,0,1,11,0,7,2,3,2,2,7,1,0.034482758620689655,0.5517241379310345,0.10344827586206896,0.10344827586206896,0.0
P501185,29,4.655172413793103,0.896551724137931,0.9789530015908755,267.0344827586207,0.20689655172413793,0,1,12,1,2,0,0,0,14,16,0,0.06896551724137931,0.41379310344827586,0.1724137931034483,0.13793103448275862,0.0
P443550,29,4.0344827586206895,0.7241379310344828,0.8142458945512772,458.2068965517241,0.27586206896551724,4,7,19,10,7,7,3,0,0,11,6,,0.5172413793103449,0.06896551724137931,0.13793103448275862,0.0
P500982,29,3.9655172413793105,0.6896551724137931,0.8646284577747186,264.51724137931035,0.27586206896551724,0,3,8,10,7,7,2,0,0,17,7,0.10344827586206896,0.6206896551724138,,,0.0
P446639,29,3.8275862068965516,0.7241379310344828,0.7245419599391796,317.3103448275862,0.10344827586206896,0,0,2,1,0,0,0,0,0,9,3,0.034482758620689655,0.6551724137931034,0.13793103448275862,0.06896551724137931,0.0
P455227,29,3.9310344827586206,0.7241379310344828,0.8718779661037304,281.3103448275862,0.13793103448275862,0,1,5,3,2,6,4,1,2,8,8,0.06896551724137931,0.7586206896551724,0.034482758620689655,,0.0
P457439,29,3.6206896551724137,0.6206896551724138,0.7197219955700415,246.13793103448276,0.3103448275862069,0,0,2,5,1,0,17,0,0,1,16,,0.41379310344827586,0.10344827586206896,0.1724137931034483,0.0
P432835,28,4.071428571428571,0.75,0.7005658668598959,298.42857142857144,0.17857142857142858,0,0,1,0,0,0,0,1,0,3,5,0.03571428571428571,0.4642857142857143,0.14285714285714285,0.17857142857142858,0.0
P423690,28,4.107142857142857,0.7857142857142857,0.8464075536639603,366.89285714285717,0.10714285714285714,0,0,4,14,3,8,9,0,0,12,8,,0.75,0.10714285714285714,0.03571428571428571,0.0
P464799,28,2.642857142857143,0.39285714285714285,0.8514805209636688,277.4642857142857,0.07142857142857142,0,0,3,6,0,2,1,0,0,6,6,,0.35714285714285715,0.35714285714285715,0.21428571428571427,0.0
P432256,28,4.357142857142857,0.7857142857142857,0.7143601723946631,351.2142857142857,0.17857142857142858,0,1,5,0,2,1,4,1,0,14,3,,0.6071428571428571,0.07142857142857142,0.14285714285714285,0.0
P500412,28,4.821428571428571,0.9642857142857143,0.6666667461395264,186.07142857142858,0.10714285714285714,0,0,0,0,2,1,0,0,0,5,2,,0.5,0.32142857142857145,0.07142857142857142,0.0
P380030,28,4.214285714285714,0.8461538461538461,0.770796458547314,263.7142857142857,0.07142857142857142,0,6,6,11,7,7,3,0,1,9,5,0.25,0.4642857142857143,0.07142857142857142,0.14285714285714285,0.0
P471086,28,4.357142857142857,0.8571428571428571,0.9156334808579197,311.75,0.2857142857142857,2,1,3,2,4,7,3,4,4,12,11,0.03571428571428571,0.5357142857142857,0.10714285714285714,0.03571428571428571,0.0
P504023,28,4.571428571428571,0.8928571428571429,0.7760416865348816,364.10714285714283,0.4642857142857143,6,3,8,5,6,1,0,3,1,12,1,0.07142857142857142,0.32142857142857145,0.10714285714285714,0.03571428571428571,0.0
P473268,28,3.857142857142857,0.75,0.7329421860200388,318.89285714285717,0.10714285714285714,0,0,0,0,0,0,0,0,0,7,11,0.10714285714285714,0.5714285714285714,0.10714285714285714,0.10714285714285714,0.0
P456210,28,3.5357142857142856,0.6071428571428571,0.7145088815689087,388.82142857142856,0.25,0,1,5,0,6,7,2,1,3,8,8,,0.5,0.14285714285714285,0.10714285714285714,0.0
P478274,27,3.5555555555555554,0.48148148148148145,0.7867381884938195,253.55555555555554,0.2222222222222222,0,0,8,4,3,0,0,0,0,7,4,0.07407407407407407,0.4444444444444444,0.25925925925925924,,0.0
P481975,27,4.62962962962963,0.9629629629629629,0.6874401813203638,367.3703703703704,0.14814814814814814,0,3,13,2,1,7,3,1,0,9,10,0.037037037037037035,0.7037037037037037,0.037037037037037035,0.07407407407407407,0.0
P449150,27,4.555555555555555,0.8888888888888888,0.8149613468692853,286.74074074074076,0.2222222222222222,1,6,9,10,4,2,2,1,1,9,2,,0.5925925925925926,0.07407407407407407,0.1111111111111111,0.0
P503928,27,3.925925925925926,0.6296296296296297,0.8396296004454294,250.37037037037038,0.3333333333333333,0,3,7,8,8,10,5,0,0,14,2,0.1111111111111111,0.4444444444444444,0.037037037037037035,0.07407407407407407,0.0
P422649,27,4.185185185185185,0.7407407407407407,0.7561835547288259,269.3333333333333,0.14814814814814814,0,0,8,7,14,4,1,4,1,12,8,,0.8148148148148148,0.037037037037037035,,0.0
P447608,27,3.5185185185185186,0.5925925925925926,0.7775566176726267,314.74074074074076,0.14814814814814814,0,3,2,5,10,3,2,0,0,11,6,,0.5555555555555556,0.18518518518518517,0.1111111111111111,0.0
P461200,27,4.666666666666667,0.8888888888888888,0.7299883189797401,368.8888888888889,0.1111111111111111,0,0,4,2,3,2,0,0,1,8,2,,0.5185185185185185,0.18518518518518517,0.18518518518518517,0.0
P408542,27,4.333333333333333,0.7619047619047619,0.7807085922470799,334.9259259259259,0.037037037037037035,0,2,4,1,3,1,0,1,0,8,9,0.2222222222222222,0.4444444444444444,0.07407407407407407,0.2222222222222222,0.0
P442267,27,4.0,0.7037037037037037,0.8512805757614282,429.18518518518516,0.14814814814814814,0,0,3,4,15,1,0,0,2,2,6,,0.5555555555555556,0.14814814814814814,0.14814814814814814,0.0
P468634,26,4.846153846153846,1.0,0.8821800975572496,275.0,0.38461538461538464,1,6,12,9,5,3,4,1,0,12,4,,0.38461538461538464,0.07692307692307693,0.15384615384615385,0.0
P500428,26,4.0,0.6923076923076923,0.795434303905653,283.65384615384613,0.15384615384615385,2,0,9,1,1,5,0,1,0,4,6,,0.46153846153846156,0.23076923076923078,0.15384615384615385,0.0
P476842,26,2.8076923076923075,0.4230769230769231,0.7893334214503949,437.6923076923077,0.19230769230769232,0,0,1,0,1,0,0,1,0,11,6,0.07692307692307693,0.46153846153846156,0.23076923076923078,0.038461538461538464,0.0
P481339,26,4.461538461538462,0.8846153846153846,0.7351072890063127,260.7692307692308,0.15384615384615385,0,2,4,4,0,2,6,1,0,7,4,,0.6153846153846154,0.07692307692307693,0.15384615384615385,0.0
P444990,26,2.3846153846153846,0.34615384615384615,0.7656859216781763,380.8076923076923,0.11538461538461539,0,6,4,2,6,0,0,0,2,3,13,,0.5384615384615384,0.23076923076923078,0.11538461538461539,0.0
P433621,26,4.3076923076923075,0.8076923076923077,0.7673660000929465,321.88461538461536,0.19230769230769232,0,3,11,10,2,1,4,2,2,13,4,,0.7307692307692307,0.038461538461538464,0.038461538461538464,0.0
P408273,26,3.923076923076923,0.7222222222222222,0.7963357463479042,306.46153846153845,0.038461538461538464,0,2,5,6,5,2,7,0,0,11,8,0.23076923076923078,0.5769230769230769,0.11538461538461539,0.038461538461538464,0.0
P455235,26,4.076923076923077,0.6923076923076923,0.821305723786354,451.0,0.07692307692307693,0,0,5,1,1,4,3,0,1,7,6,,0.6153846153846154,0.15384615384615385,0.15384615384615385,0.0
P446822,26,3.576923076923077,0.6153846153846154,0.8143117924531301,345.7692307692308,0.11538461538461539,0,4,3,3,8,2,3,0,0,11,4,,0.5769230769230769,0.15384615384615385,0.15384615384615385,0.0
P439648,26,3.1538461538461537,0.46153846153846156,0.8452666172614465,353.84615384615387,0.07692307692307693,3,9,21,4,0,3,9,1,1,11,5,0.038461538461538464,0.5384615384615384,0.07692307692307693,0.2692307692307692,0.0
P392522,25,4.76,0.8823529411764706,0.8319072055816651,435.6,0.16,1,3,8,9,5,8,11,5,0,5,3,0.32,0.4,0.04,0.08,0.0
P469521,25,3.8,0.76,0.7634165719861076,286.96,,0,4,6,1,4,5,5,1,0,7,8,,0.6,0.12,0.28,0.0
P461535,25,4.2,0.84,0.8623614406585693,366.92,0.12,0,3,1,2,0,1,16,1,0,7,4,,0.68,,0.2,0.0
P481699,25,4.36,0.84,0.7857487152020136,277.96,0.2,0,2,8,1,1,13,3,2,0,7,4,,0.52,0.2,0.08,0.0
P474125,25,4.68,0.92,0.90751253156101,463.56,0.08,0,4,14,4,4,2,2,2,0,12,10,,0.76,0.04,0.12,0.0
P469523,25,3.4,0.56,0.7177955447272821,275.28,0.12,0,7,15,5,0,2,9,1,0,7,1,,0.64,0.12,0.12,0.0
P483075,25,4.16,0.84,0.7915504087101329,296.56,0.32,0,1,0,2,2,6,2,0,0,5,7,0.16,0.4,0.08,0.04,0.0
P476677,25,4.44,0.88,0.8075396650367312,370.6,0.2,3,4,13,6,4,2,0,5,1,17,7,0.04,0.64,0.08,0.04,0.0
P431419,25,3.04,0.48,0.714494560956955,413.2,0.12,0,0,1,0,2,0,0,0,0,2,14,,0.52,0.24,0.12,0.0
P469449,24,3.3333333333333335,0.5416666666666666,0.8504028618335724,404.2083333333333,0.2916666666666667,0,3,5,9,14,5,2,0,0,13,2,,0.3333333333333333,0.375,,0.0
P505378,24,4.958333333333333,1.0,,374.7083333333333,0.20833333333333334,2,2,3,8,0,0,16,0,0,14,7,0.041666666666666664,0.5416666666666666,0.20833333333333334,,0.0
P469200,24,3.5,0.5833333333333334,0.7661825803418955,418.1666666666667,0.3333333333333333,0,1,3,4,6,7,5,4,1,8,10,0.041666666666666664,0.5416666666666666,0.041666666666666664,0.041666666666666664,0.0
P457468,24,3.0416666666666665,0.4583333333333333,0.8107935454357754,390.75,0.20833333333333334,0,0,2,5,4,1,0,0,3,5,3,,0.4166666666666667,0.2916666666666667,0.08333333333333333,0.0
P482322,24,4.125,0.7916666666666666,0.8536255887963555,302.9166666666667,0.125,0,5,1,2,1,2,2,0,2,13,2,0.041666666666666664,0.5,0.125,0.20833333333333334,0.0
P503868,24,4.375,0.8333333333333334,0.8269807398319244,217.04166666666666,0.20833333333333334,0,0,2,0,10,0,0,0,0,1,2,0.16666666666666666,0.25,0.20833333333333334,0.16666666666666666,0.0
P451745,24,4.125,0.75,0.7514029120405515,434.9166666666667,0.08333333333333333,0,3,1,2,2,1,4,0,0,9,14,,0.3333333333333333,0.25,0.3333333333333333,0.0
P424987,24,3.5,0.625,0.8580476486164591,446.5,0.16666666666666666,0,1,6,1,13,4,1,3,0,4,8,,0.625,0.20833333333333334,,0.0
P431418,24,3.5,0.625,0.8165505857517322,381.3333333333333,0.16666666666666666,0,0,2,1,2,0,0,0,1,2,3,,0.625,0.125,0.08333333333333333,0.0
P430338,24,4.041666666666667,0.75,0.719896344387013,299.125,0.2916666666666667,0,5,9,5,6,0,1,2,0,8,9,,0.5,0.20833333333333334,,0.0
P456407,24,3.9583333333333335,0.7083333333333334,0.8494846095209536,398.0833333333333,0.125,2,3,2,2,12,1,0,4,4,12,7,,0.5,0.25,0.125,0.0
P405032,24,4.25,0.6,0.8188405652409014,290.3333333333333,0.16666666666666666,0,1,4,8,0,4,0,1,0,6,8,0.625,0.16666666666666666,0.041666666666666664,,0.0
P504288,24,4.5,0.9583333333333334,0.9398496307824787,434.875,0.16666666666666666,0,0,2,0,0,0,3,0,0,10,4,0.08333333333333333,0.4166666666666667,0.20833333333333334,0.125,0.0
P505145,24,4.666666666666667,1.0,0.6666666666666666,273.125,0.25,1,2,5,3,1,1,2,0,0,11,0,,0.5,0.16666666666666666,0.08333333333333333,0.0
P503294,24,2.7083333333333335,0.4583333333333333,0.5832593755965884,251.25,0.08333333333333333,0,0,4,2,3,1,2,0,2,3,0,0.08333333333333333,0.5833333333333334,0.20833333333333334,0.041666666666666664,0.0
P470545,24,4.375,0.7916666666666666,0.7448307030341205,182.08333333333334,0.25,4,3,6,2,0,0,0,0,0,1,0,,0.4166666666666667,0.16666666666666666,0.16666666666666666,0.0
P456401,23,3.4782608695652173,0.6086956521739131,0.8289266526699066,311.04347826086956,0.21739130434782608,0,0,8,6,6,0,0,0,3,4,4,,0.5652173913043478,0.17391304347826086,0.043478260869565216,0.0
P380001,23,4.217391304347826,0.8666666666666667,0.8333333812299228,250.6086956521739,0.2608695652173913,1,6,18,10,4,6,4,1,0,6,3,0.2608695652173913,0.30434782608695654,0.13043478260869565,0.043478260869565216,0.0
P429508,23,4.3478260869565215,0.8260869565217391,0.8822221904993057,423.39130434782606,0.21739130434782608,0,0,4,4,7,0,2,0,1,3,2,,0.5217391304347826,0.13043478260869565,0.13043478260869565,0.0
P455421,23,4.086956521739131,0.8260869565217391,0.6985669997003343,249.52173913043478,0.30434782608695654,2,2,1,10,7,1,1,1,2,9,0,,0.5652173913043478,0.043478260869565216,0.08695652173913043,0.0
P433962,23,4.260869565217392,0.8260869565217391,0.8376338209794916,344.2608695652174,0.30434782608695654,0,1,15,5,2,5,4,0,0,5,5,0.043478260869565216,0.5217391304347826,0.08695652173913043,0.043478260869565216,0.0
P423145,23,3.782608695652174,0.6956521739130435,0.7765409977812516,427.69565217391306,0.08695652173913043,0,1,4,3,3,4,1,1,0,4,6,,0.6086956521739131,0.17391304347826086,0.13043478260869565,0.0
P456569,23,4.608695652173913,0.9130434782608695,0.8657154962420464,357.3478260869565,0.043478260869565216,0,10,2,8,5,2,7,0,0,8,3,0.043478260869565216,0.4782608695652174,0.08695652173913043,0.34782608695652173,0.0
P469451,23,4.565217391304348,0.9565217391304348,0.8931495806104258,324.04347826086956,0.13043478260869565,0,3,1,3,1,6,6,0,0,10,6,,0.4782608695652174,0.17391304347826086,0.21739130434782608,0.0
P454939,23,4.130434782608695,0.8260869565217391,0.8275283004926599,370.39130434782606,0.17391304347826086,5,3,2,3,3,4,9,2,4,6,7,,0.6521739130434783,0.043478260869565216,0.13043478260869565,0.0
P408271,23,4.043478260869565,0.8181818181818182,0.7437561012449718,305.82608695652175,0.2608695652173913,0,0,0,1,0,0,2,0,0,7,8,0.17391304347826086,0.21739130434782608,0.13043478260869565,0.21739130434782608,0.0
P428636,23,3.608695652173913,0.5652173913043478,0.7738942594631858,250.56521739130434,0.17391304347826086,0,5,1,8,4,3,1,0,0,8,3,,0.5217391304347826,0.08695652173913043,0.21739130434782608,0.0
P423164,23,4.304347826086956,0.782608695652174,0.8245959977308909,309.82608695652175,0.34782608695652173,0,2,1,8,2,1,0,0,0,10,3,,0.5652173913043478,0.043478260869565216,0.043478260869565216,0.0
P443376,23,3.347826086956522,0.5217391304347826,0.7210056668236142,329.2608695652174,0.17391304347826086,1,1,9,6,1,0,4,3,1,6,6,0.08695652173913043,0.6956521739130435,,0.043478260869565216,0.0
P472311,23,3.782608695652174,0.6956521739130435,0.6307748963958338,343.4347826086956,0.043478260869565216,0,0,3,3,9,2,4,0,0,8,7,,0.6956521739130435,0.17391304347826086,0.08695652173913043,0.0
P472180,23,3.6956521739130435,0.6086956521739131,0.855916702747345,353.60869565217394,0.08695652173913043,0,11,8,3,2,4,9,1,2,7,7,,0.43478260869565216,,0.4782608695652174,0.0
P504773,23,3.869565217391304,0.6521739130434783,0.837121226570823,262.6521739130435,0.34782608695652173,0,2,16,12,6,4,1,1,1,9,4,0.043478260869565216,0.34782608695652173,0.17391304347826086,0.08695652173913043,0.0
P467628,23,3.0,0.4782608695652174,0.6453235662158798,190.7826086956522,0.13043478260869565,0,0,0,0,1,1,3,1,0,1,12,0.043478260869565216,0.5217391304347826,0.13043478260869565,0.17391304347826086,0.0
P464250,23,3.8260869565217392,0.6521739130434783,0.9045093983411789,301.9130434782609,0.34782608695652173,0,2,9,4,13,2,0,2,0,11,1,0.043478260869565216,0.391304347826087,0.13043478260869565,0.08695652173913043,0.0
P448553,22,4.318181818181818,0.8636363636363636,0.7724357694387436,416.1363636363636,0.45454545454545453,0,2,11,8,2,3,1,4,0,7,4,,0.45454545454545453,0.045454545454545456,0.045454545454545456,0.0
P448558,22,3.3181818181818183,0.5454545454545454,0.7518090974716913,384.3181818181818,0.045454545454545456,0,5,10,2,1,3,18,1,0,3,7,,0.5909090909090909,0.13636363636363635,0.22727272727272727,0.0
P428637,22,4.363636363636363,0.8181818181818182,0.7930240648036654,296.09090909090907,0.22727272727272727,0,1,4,0,0,0,0,0,0,4,7,,0.45454545454545453,0.3181818181818182,,0.0
P433466,22,4.590909090909091,0.8636363636363636,0.768437227064913,327.90909090909093,0.13636363636363635,0,2,4,2,2,0,2,2,2,8,6,,0.6363636363636364,0.09090909090909091,0.13636363636363635,0.0
P472067,22,4.409090909090909,0.8636363636363636,0.8900774731522515,213.86363636363637,0.2727272727272727,0,0,0,0,0,1,0,0,0,2,1,0.13636363636363635,0.2727272727272727,0.2727272727272727,0.045454545454545456,0.0
P405589,22,3.772727272727273,0.8571428571428571,0.8009317123464176,330.22727272727275,0.09090909090909091,5,7,12,3,6,4,6,5,4,9,5,0.22727272727272727,0.5909090909090909,0.045454545454545456,0.045454545454545456,0.0
P481368,22,4.636363636363637,0.9090909090909091,0.9258889317512512,404.6818181818182,0.18181818181818182,0,0,1,0,0,0,4,0,0,16,6,0.045454545454545456,0.45454545454545453,0.22727272727272727,0.09090909090909091,0.0
P461199,22,4.454545454545454,0.9090909090909091,0.9252654492855072,325.0,0.22727272727272727,0,2,4,3,7,5,2,1,1,9,2,,0.5,0.13636363636363635,0.13636363636363635,0.0
P440505,22,4.454545454545454,0.8636363636363636,0.8317061825232073,300.6818181818182,0.18181818181818182,0,1,2,3,5,1,3,0,0,12,1,,0.6363636363636364,0.18181818181818182,,0.0
P467635,22,4.090909090909091,0.7727272727272727,0.7369127707047896,459.1818181818182,0.09090909090909091,0,0,0,0,0,0,0,0,0,12,4,,0.5,0.3181818181818182,0.09090909090909091,0.0
P474968,22,4.318181818181818,0.8181818181818182,0.8929119527339935,423.77272727272725,0.18181818181818182,0,0,11,5,0,0,1,1,6,11,6,0.09090909090909091,0.45454545454545453,0.2727272727272727,,0.0
P433619,21,4.238095238095238,0.8095238095238095,0.7634779527073815,302.4761904761905,0.42857142857142855,0,2,6,11,2,5,2,0,0,7,2,,0.47619047619047616,0.047619047619047616,0.047619047619047616,0.0
P440500,21,4.0,0.7619047619047619,0.8002125713087264,244.0,0.2857142857142857,0,1,1,6,3,4,0,0,0,8,5,,0.47619047619047616,0.14285714285714285,0.09523809523809523,0.0
P504786,21,3.7142857142857144,0.6666666666666666,0.799859881401062,237.66666666666666,0.19047619047619047,0,1,3,3,0,5,3,0,2,2,4,,0.5238095238095238,0.14285714285714285,0.14285714285714285,0.0
P470246,21,4.714285714285714,0.9047619047619048,0.7696428575686046,362.0952380952381,0.09523809523809523,3,1,16,4,6,8,2,2,2,14,3,0.047619047619047616,0.5714285714285714,0.09523809523809523,0.19047619047619047,0.0
P422848,21,4.142857142857143,0.7619047619047619,0.8247777105254286,361.57142857142856,0.2857142857142857,0,5,10,8,3,1,1,2,0,5,8,,0.7142857142857143,,,0.0
P455010,21,3.238095238095238,0.5714285714285714,0.7991720013320446,363.76190476190476,0.09523809523809523,0,1,0,0,0,0,0,0,1,3,8,0.2857142857142857,0.42857142857142855,0.19047619047619047,,0.0
P474830,21,3.619047619047619,0.6190476190476191,0.7273923190016496,384.42857142857144,0.09523809523809523,0,0,0,3,0,0,2,0,0,9,7,0.047619047619047616,0.5714285714285714,0.14285714285714285,0.14285714285714285,0.0
P467106,21,4.476190476190476,0.8095238095238095,0.8502949982881546,525.1428571428571,0.2857142857142857,0,1,1,0,0,1,0,0,0,10,4,0.047619047619047616,0.47619047619047616,0.09523809523809523,0.09523809523809523,0.0
P454822,21,3.6666666666666665,0.6666666666666666,0.8697089999914169,273.42857142857144,0.19047619047619047,1,1,8,7,0,6,0,2,3,11,3,,0.5714285714285714,0.14285714285714285,0.09523809523809523,0.0
P469028,20,3.3,0.5,0.7497893020510673,246.25,0.25,0,0,0,0,0,0,6,0,0,4,6,0.05,0.5,0.05,0.15,0.0
P483057,20,2.5,0.3,0.8822738418453618,286.35,0.15,0,0,1,2,3,1,1,2,0,3,2,0.05,0.4,0.15,0.25,0.0
P468229,20,4.15,0.75,0.8650003969669342,317.0,0.25,0,4,2,1,1,2,0,4,1,5,8,,0.6,0.05,0.1,0.0
P392891,20,4.6,1.0,0.7639818828966882,260.95,0.1,1,1,10,5,1,1,1,0,2,8,1,0.45,0.3,0.05,0.1,0.0
P428005,20,4.25,0.75,0.768689252436161,273.2,0.1,0,0,0,1,0,2,0,0,0,3,11,0.1,0.55,0.2,0.05,0.0
P500096,20,3.75,0.7,0.793333300948143,341.45,,0,13,9,1,8,0,2,4,3,8,10,,0.25,,0.75,0.0
P504774,20,4.65,0.95,0.7469663741067052,324.4,0.3,2,4,2,2,1,7,6,1,1,6,5,,0.4,0.1,0.2,0.0
P436346,19,4.631578947368421,0.9473684210526315,0.8541425532764859,281.0,0.3684210526315789,0,0,5,2,0,2,1,5,0,4,1,,0.3684210526315789,0.10526315789473684,0.15789473684210525,0.0
P447604,19,4.7368421052631575,0.9473684210526315,0.7574739503233057,303.05263157894734,0.21052631578947367,0,0,0,1,0,1,0,0,0,5,4,0.05263157894736842,0.47368421052631576,0.21052631578947367,0.05263157894736842,0.0
P474114,19,4.526315789473684,0.9473684210526315,0.9460317969322205,511.6842105263158,0.10526315789473684,3,2,5,0,1,2,1,4,5,11,8,0.05263157894736842,0.7368421052631579,0.10526315789473684,,0.0
P454377,19,3.789473684210526,0.7368421052631579,0.6763020604848862,300.10526315789474,0.10526315789473684,0,1,1,1,5,7,5,0,0,5,5,,0.6842105263157895,0.10526315789473684,0.10526315789473684,0.0
P476860,19,4.473684210526316,0.8421052631578947,0.8263140509003087,254.0,0.10526315789473684,1,0,2,0,6,0,0,0,1,9,2,0.2631578947368421,0.3684210526315789,0.15789473684210525,0.10526315789473684,0.0
P456203,19,3.526315789473684,0.5789473684210527,0.7426733202055881,419.7894736842105,0.21052631578947367,0,0,3,1,3,0,0,1,1,4,8,,0.3684210526315789,0.3157894736842105,0.10526315789473684,0.0
P500774,19,4.473684210526316,0.9473684210526315,0.9007251175010905,304.05263157894734,0.21052631578947367,1,3,3,6,1,4,3,1,2,5,7,0.15789473684210525,0.3684210526315789,0.10526315789473684,0.15789473684210525,0.0
P504327,19,4.421052631578948,0.8947368421052632,0.862427165110906,205.3684210526316,0.15789473684210525,0,1,5,1,2,3,0,0,0,3,3,0.05263157894736842,0.5789473684210527,0.21052631578947367,,0.0
P500856,19,4.105263157894737,0.7894736842105263,0.8412037541468939,348.05263157894734,0.21052631578947367,0,2,1,1,1,2,0,1,1,5,4,,0.5789473684210527,0.21052631578947367,,0.0
P474057,19,4.894736842105263,0.9473684210526315,0.8062271567491385,272.57894736842104,0.05263157894736842,0,0,4,3,1,0,0,0,0,3,4,0.05263157894736842,0.7368421052631579,0.10526315789473684,0.05263157894736842,0.0
P454391,19,3.3684210526315788,0.631578947368421,0.6862438867489496,230.89473684210526,0.21052631578947367,1,5,0,0,4,1,0,0,2,8,1,,0.42105263157894735,0.15789473684210525,0.21052631578947367,0.0
P504919,19,4.421052631578948,0.8421052631578947,0.6574074394173093,210.05263157894737,0.15789473684210525,0,7,0,1,0,3,0,0,0,6,4,0.10526315789473684,0.3157894736842105,0.2631578947368421,0.15789473684210525,0.0
P457854,19,4.526315789473684,0.8947368421052632,0.9018207017113181,471.1578947368421,0.42105263157894735,0,1,9,4,10,4,2,2,0,9,5,,0.3684210526315789,0.15789473684210525,0.05263157894736842,0.0
P454807,18,4.388888888888889,0.8333333333333334,0.8063224471277661,335.5,0.2222222222222222,0,2,5,0,3,5,0,1,1,3,6,0.05555555555555555,0.4444444444444444,0.1111111111111111,0.16666666666666666,0.0
P449164,18,3.888888888888889,0.7222222222222222,0.744337810203433,306.27777777777777,0.2222222222222222,0,1,4,3,2,4,1,3,1,5,3,0.05555555555555555,0.6111111111111112,0.05555555555555555,0.05555555555555555,0.0
P470248,18,4.555555555555555,0.9444444444444444,0.8096153974533081,466.0,0.2777777777777778,1,1,4,2,4,8,2,0,1,11,9,,0.3333333333333333,0.2777777777777778,0.1111111111111111,0.0
P458961,18,4.388888888888889,0.8333333333333334,0.8627976849675179,343.05555555555554,0.1111111111111111,0,1,3,7,5,0,3,0,0,5,4,,0.5555555555555556,0.16666666666666666,0.16666666666666666,0.0
P447788,18,3.7777777777777777,0.6111111111111112,0.7209634441468451,451.1111111111111,0.2222222222222222,1,3,3,4,3,8,5,4,1,7,9,,0.5555555555555556,0.2222222222222222,,0.0
P455332,18,4.333333333333333,0.8333333333333334,0.757007552517785,245.94444444444446,0.16666666666666666,5,2,13,5,1,0,3,0,2,11,2,,0.4444444444444444,0.2777777777777778,0.1111111111111111,0.0
P438642,18,3.5555555555555554,0.6666666666666666,0.8368064767370621,246.55555555555554,0.16666666666666666,0,0,2,2,0,3,3,0,0,3,1,,0.3888888888888889,0.2222222222222222,0.2222222222222222,0.0
P481837,18,4.444444444444445,0.8333333333333334,0.9185807634802425,267.44444444444446,0.3333333333333333,0,1,11,2,3,1,2,0,1,5,3,,0.3333333333333333,0.16666666666666666,0.16666666666666666,0.0
P433465,18,4.166666666666667,0.8333333333333334,0.7028577748466941,311.05555555555554,0.3888888888888889,0,0,6,3,4,2,1,0,2,4,4,,0.2777777777777778,0.16666666666666666,0.16666666666666666,0.0
P481712,18,4.555555555555555,0.9444444444444444,0.8218236863613129,299.5,0.1111111111111111,0,0,0,1,0,3,0,0,0,6,2,0.05555555555555555,0.5,0.16666666666666666,0.16666666666666666,0.0
P480607,18,4.0,0.7777777777777778,0.748701274394989,357.72222222222223,0.3333333333333333,0,3,15,4,3,4,5,0,3,10,1,,0.4444444444444444,0.1111111111111111,0.1111111111111111,0.0
P503901,18,3.7222222222222223,0.5555555555555556,0.9610390012914484,282.6111111111111,0.2222222222222222,0,3,6,6,6,5,7,0,1,10,2,0.2222222222222222,0.5,0.05555555555555555,,0.0
P461950,18,4.444444444444445,0.8333333333333334,0.7719758864906099,451.1666666666667,0.05555555555555555,0,3,5,4,1,3,1,0,0,7,5,0.05555555555555555,0.5555555555555556,0.2222222222222222,0.1111111111111111,0.0
P503262,18,4.888888888888889,0.9444444444444444,0.8492972751458486,348.27777777777777,0.2777777777777778,0,0,10,2,0,3,1,0,1,6,4,0.05555555555555555,0.3888888888888889,0.16666666666666666,0.1111111111111111,0.0
P458573,18,4.722222222222222,0.9444444444444444,0.8305322335046881,217.33333333333334,,0,0,4,4,1,1,0,0,1,3,1,0.05555555555555555,0.5555555555555556,0.16666666666666666,0.2222222222222222,0.0
P471011,18,4.777777777777778,0.9444444444444444,0.7197916880249977,183.22222222222223,0.3888888888888889,0,1,0,4,2,2,1,0,0,1,1,0.05555555555555555,0.2777777777777778,0.05555555555555555,0.2222222222222222,0.0
P460704,18,4.333333333333333,0.9444444444444444,0.9053902345545152,330.27777777777777,0.3333333333333333,0,1,7,6,4,4,0,1,1,9,6,,0.6111111111111112,0.05555555555555555,,0.0
P389097,18,3.7777777777777777,0.42857142857142855,0.8192895071374046,328.3333333333333,0.1111111111111111,0,0,2,2,0,0,1,0,0,3,9,0.2222222222222222,0.4444444444444444,,0.2222222222222222,0.0
P454029,18,4.722222222222222,0.9444444444444444,0.9220193922519684,233.38888888888889,0.16666666666666666,0,2,4,2,1,0,1,0,2,5,3,,0.6666666666666666,0.1111111111111111,0.05555555555555555,0.0
P460511,18,4.166666666666667,0.7222222222222222,0.759000500664115,355.1111111111111,0.16666666666666666,0,2,2,1,0,2,8,0,1,7,8,,0.5555555555555556,0.16666666666666666,0.1111111111111111,0.0
P482697,17,4.0,0.7647058823529411,0.6888782925465528,244.58823529411765,0.29411764705882354,3,0,8,4,9,5,3,1,2,9,2,,0.5294117647058824,0.11764705882352941,0.058823529411764705,0.0
P470508,17,3.764705882352941,0.7058823529411765,0.8832565024495125,470.11764705882354,0.11764705882352941,0,3,4,2,2,2,2,1,1,4,2,,0.5294117647058824,0.29411764705882354,0.058823529411764705,0.0
P469448,17,2.5294117647058822,0.4117647058823529,0.8988095692225865,374.11764705882354,0.058823529411764705,0,2,0,4,1,0,5,0,0,8,3,0.058823529411764705,0.47058823529411764,0.23529411764705882,0.17647058823529413,0.0
P443810,17,3.1176470588235294,0.47058823529411764,0.5548428644736608,292.5882352941176,0.29411764705882354,1,2,3,0,1,1,4,0,0,2,2,,0.4117647058823529,0.23529411764705882,0.058823529411764705,0.0
P504795,17,4.764705882352941,0.9411764705882353,0.770424881402184,204.05882352941177,0.35294117647058826,1,2,8,4,0,2,1,1,2,11,0,,0.47058823529411764,,0.17647058823529413,0.0
P504049,17,5.0,1.0,1.0,205.94117647058823,0.17647058823529413,1,0,1,0,0,2,2,0,1,9,0,0.058823529411764705,0.4117647058823529,0.29411764705882354,0.058823529411764705,0.0
P468412,17,4.0588235294117645,0.7647058823529411,0.8483565654605627,382.7647058823529,0.23529411764705882,0,2,4,3,4,2,3,0,1,5,5,,0.7058823529411765,,0.058823529411764705,0.0
P423163,17,4.9411764705882355,1.0,0.825489338239034,279.47058823529414,0.17647058823529413,1,0,6,3,3,0,1,0,0,5,3,,0.7058823529411765,0.11764705882352941,,0.0
P467112,17,4.882352941176471,1.0,0.8222221990426382,259.94117647058823,0.11764705882352941,1,1,1,2,0,2,3,0,0,3,2,,0.5882352941176471,0.058823529411764705,0.23529411764705882,0.0
P456992,17,3.8823529411764706,0.6470588235294118,0.9376396872103214,274.5882352941176,0.29411764705882354,0,8,6,6,1,4,5,0,0,10,2,,0.5294117647058824,0.11764705882352941,0.058823529411764705,0.0
P464288,17,2.9411764705882355,0.4117647058823529,0.7085049424101325,261.6470588235294,0.23529411764705882,0,0,0,0,0,0,0,0,0,0,0,0.29411764705882354,0.29411764705882354,0.11764705882352941,0.058823529411764705,0.0
P500012,17,4.470588235294118,0.8235294117647058,0.8054068125784397,299.3529411764706,0.17647058823529413,0,1,6,1,5,2,0,0,0,9,4,,0.8235294117647058,,,0.0
P500743,17,4.352941176470588,0.8235294117647058,0.7329166233539581,164.88235294117646,,0,0,2,0,2,0,0,0,0,6,1,0.11764705882352941,0.6470588235294118,0.17647058823529413,0.058823529411764705,0.0
P504784,17,3.823529411764706,0.6470588235294118,0.6676740772449054,218.94117647058823,0.29411764705882354,0,3,12,2,4,3,0,0,0,4,0,,0.5294117647058824,0.11764705882352941,0.058823529411764705,0.0
P479861,17,4.117647058823529,0.7647058823529411,0.7260132610797883,139.8235294117647,0.11764705882352941,0,4,0,1,0,1,5,0,1,3,5,0.11764705882352941,0.4117647058823529,0.11764705882352941,0.23529411764705882,0.0
P455191,17,3.588235294117647,0.5294117647058824,0.8625027120989912,266.5882352941176,0.23529411764705882,0,0,4,0,5,5,0,0,0,6,2,,0.5882352941176471,0.17647058823529413,,0.0
P500771,17,4.411764705882353,0.9411764705882353,0.9305555820465088,428.7647058823529,0.11764705882352941,1,4,3,4,5,3,1,1,0,12,5,,0.8235294117647058,0.058823529411764705,,0.0
P482698,17,4.411764705882353,0.9411764705882353,0.8242795020341873,325.52941176470586,0.17647058823529413,0,4,6,4,6,4,3,1,0,8,0,,0.23529411764705882,0.29411764705882354,0.29411764705882354,0.0
P466878,17,2.8823529411764706,0.47058823529411764,0.7905099996749092,220.11764705882354,0.35294117647058826,0,0,0,2,3,1,1,0,1,3,7,,0.5882352941176471,,0.058823529411764705,0.0
P442537,17,3.8823529411764706,0.7058823529411765,0.8286715921233682,424.2352941176471,0.35294117647058826,1,0,5,1,0,1,0,0,0,3,6,0.11764705882352941,0.29411764705882354,0.058823529411764705,0.17647058823529413,0.0
P469830,16,4.0625,0.6875,0.8411931693553925,495.375,0.125,9,4,8,3,2,2,1,1,3,10,3,,0.625,0.0625,0.1875,0.0
P505274,16,3.875,0.75,0.8416666984558105,428.8125,0.125,0,0,0,4,3,5,3,0,0,7,4,,0.5,0.125,0.25,0.0
P481347,16,3.4375,0.625,0.6831942796707153,587.3125,,0,4,4,5,0,3,11,0,0,3,6,0.125,0.6875,0.0625,0.125,0.0
P502818,16,5.0,1.0,0.65,464.9375,0.25,0,0,0,0,0,1,0,2,0,10,2,,0.3125,0.3125,0.125,0.0
P448564,16,3.6875,0.6875,0.8135210005566478,301.1875,0.3125,0,0,3,1,0,3,1,1,0,3,3,,0.4375,0.125,0.125,0.0
P448557,16,4.125,0.8125,0.871689185500145,533.6875,0.1875,2,0,5,3,1,4,13,1,0,6,6,,0.625,0.125,0.0625,0.0
P430809,16,4.3125,0.9375,0.8934227488934994,229.8125,0.1875,0,0,4,2,1,1,1,0,0,3,2,,0.4375,0.1875,0.1875,0.0
P483495,16,3.9375,0.8125,0.9181138351559639,430.0,0.25,0,3,2,4,3,4,2,1,0,3,3,,0.5,0.125,0.125,0.0
P483090,16,2.9375,0.4375,0.8327759206295013,393.875,0.1875,2,2,10,4,3,2,2,1,0,6,3,,0.5,0.25,0.0625,0.0
P443549,16,4.3125,0.875,0.7337032685677211,332.75,0.3125,2,4,8,6,6,11,2,3,0,5,0,,0.625,0.0625,,0.0
P448542,16,4.125,0.6875,0.8107728553669793,308.6875,0.1875,0,2,0,4,1,5,13,1,0,4,4,,0.75,0.0625,,0.0
P443377,16,3.5,0.625,0.7790991179645061,308.0625,0.125,2,4,7,0,2,2,0,1,0,5,2,0.0625,0.5,0.1875,0.125,0.0
P474967,16,4.5625,1.0,0.8558531701564789,398.0625,0.1875,0,4,6,3,0,1,1,1,0,12,5,0.1875,0.375,0.25,,0.0
P480150,16,5.0,1.0,0.8657572886773518,360.0625,0.1875,0,2,0,3,0,3,1,2,0,4,3,0.0625,0.5,0.25,,0.0
P482318,16,2.75,0.5,0.893764214856284,475.1875,0.3125,0,0,3,5,2,0,0,0,1,2,2,0.0625,0.3125,0.3125,,0.0
P410657,16,4.25,0.6923076923076923,0.7310881242156029,311.8125,0.1875,0,0,4,2,5,2,0,3,0,7,7,0.1875,0.5,0.125,,0.0
P505381,15,4.8,0.9333333333333333,0.0,285.8,0.06666666666666667,0,0,1,4,2,2,6,1,1,6,4,,0.8,0.13333333333333333,,0.0
P504636,15,3.933333333333333,0.8,0.8681319264265207,218.8,0.3333333333333333,0,3,4,2,3,2,2,0,1,2,1,,0.3333333333333333,0.3333333333333333,,0.0
P442542,15,4.6,0.9333333333333333,0.8869099269310633,333.73333333333335,0.2,0,2,2,2,0,5,3,0,0,4,7,,0.6666666666666666,0.06666666666666667,0.06666666666666667,0.0
P469806,15,3.7333333333333334,0.6,0.8011537353197734,385.46666666666664,0.26666666666666666,0,0,0,3,5,2,0,3,0,3,7,,0.6,0.13333333333333333,,0.0
P460756,15,3.2,0.4666666666666667,0.6576923063168159,274.26666666666665,0.06666666666666667,2,6,11,4,0,1,1,1,3,6,3,,0.6,0.13333333333333333,0.2,0.0
P449601,15,3.933333333333333,0.7333333333333333,0.7740251513627859,356.4,0.13333333333333333,2,5,8,2,4,2,2,3,0,8,1,,0.6666666666666666,0.06666666666666667,0.13333333333333333,0.0
P503216,15,4.666666666666667,1.0,0.7986395018441337,416.53333333333336,,3,0,2,0,3,3,3,0,3,5,4,0.06666666666666667,0.7333333333333333,0.13333333333333333,0.06666666666666667,0.0
P467129,15,3.533333333333333,0.6,0.6323066481522152,286.1333333333333,0.06666666666666667,0,4,0,3,0,0,10,0,0,2,5,,0.6,0.13333333333333333,0.2,0.0
P458962,15,3.933333333333333,0.8,0.6721293606928417,417.26666666666665,0.06666666666666667,0,1,1,3,1,4,5,0,4,6,5,,0.6,0.26666666666666666,0.06666666666666667,0.0
P504517,15,4.866666666666666,1.0,0.938888837893804,283.6666666666667,0.13333333333333333,0,0,3,0,0,2,0,0,0,1,2,0.13333333333333333,0.6666666666666666,0.06666666666666667,,0.0
P429538,15,4.266666666666667,0.6666666666666666,0.7888889104127884,406.8666666666667,0.26666666666666666,0,2,3,2,9,1,1,0,0,7,1,,0.6,0.06666666666666667,0.06666666666666667,0.0
P503890,15,4.6,0.8666666666666667,0.8226025499976598,258.93333333333334,0.13333333333333333,0,1,9,2,4,1,3,1,0,4,1,0.2,0.6,0.06666666666666667,,0.0
P376946,15,3.4,0.0,0.8592484017213186,217.46666666666667,0.13333333333333333,0,2,1,3,2,2,0,1,3,6,5,0.26666666666666666,0.3333333333333333,0.2,0.06666666666666667,0.0
P427731,15,4.666666666666667,0.8666666666666667,0.7516687333583831,353.53333333333336,0.13333333333333333,0,0,1,1,6,2,2,2,1,5,4,,0.4,0.3333333333333333,0.13333333333333333,0.0
P422260,15,3.6,0.6666666666666666,0.877491431576865,279.06666666666666,0.4,0,6,7,5,2,2,1,1,0,4,5,,0.3333333333333333,0.2,0.06666666666666667,0.0
P502827,15,4.8,1.0,0.7833332985639572,449.4,0.4,0,0,2,1,0,8,0,1,0,5,3,,0.4666666666666667,0.13333333333333333,,0.0
P482314,15,2.8666666666666667,0.5333333333333333,0.8259174312864032,178.33333333333334,0.06666666666666667,0,2,0,1,0,0,0,2,0,1,3,0.13333333333333333,0.6,,0.2,0.0
P417110,15,3.3333333333333335,0.5,0.7625232126031604,260.0,0.2,0,0,1,1,0,0,1,0,0,3,7,0.13333333333333333,0.4666666666666667,0.13333333333333333,0.06666666666666667,0.0
P480346,14,4.714285714285714,0.9285714285714286,0.7763312344367688,365.92857142857144,0.21428571428571427,0,1,4,7,3,7,0,1,0,8,1,,0.5,0.2857142857142857,,0.0
P473185,14,4.0,0.7142857142857143,0.7797619154055914,331.5,0.2857142857142857,0,0,1,1,8,3,2,0,0,5,5,0.07142857142857142,0.5714285714285714,,0.07142857142857142,0.0
P450934,14,4.285714285714286,0.8571428571428571,0.8481261522642204,380.35714285714283,0.14285714285714285,0,1,5,2,5,1,2,0,0,8,1,,0.5714285714285714,0.2857142857142857,,0.0
P454375,14,3.5,0.6428571428571429,0.8180708449620467,394.64285714285717,0.14285714285714285,0,3,0,1,1,4,10,0,0,1,5,,0.5714285714285714,0.21428571428571427,0.07142857142857142,0.0
P383182,14,2.7142857142857144,0.36363636363636365,0.8467432196651187,449.0,0.21428571428571427,0,0,1,1,0,2,0,0,0,2,6,0.21428571428571427,0.35714285714285715,0.21428571428571427,,0.0
P446111,14,3.5714285714285716,0.6428571428571429,0.75262893310615,410.07142857142856,,0,1,1,2,2,2,2,1,0,2,6,,0.7142857142857143,0.14285714285714285,0.14285714285714285,0.0
P481376,14,3.7142857142857144,0.5714285714285714,0.6111111640930176,211.42857142857142,0.14285714285714285,0,3,0,6,0,0,5,0,0,5,2,,0.6428571428571429,,0.21428571428571427,0.0
P474964,14,4.285714285714286,0.7857142857142857,0.8785317114421299,363.35714285714283,0.42857142857142855,0,2,6,2,9,2,1,0,1,2,3,,0.5714285714285714,,,0.0
P428414,14,4.5,1.0,0.8089285705770765,230.71428571428572,0.07142857142857142,0,0,4,0,4,0,0,0,0,2,2,,0.5714285714285714,0.35714285714285715,,0.0
P476515,14,3.142857142857143,0.5714285714285714,0.7310917641107852,384.85714285714283,0.21428571428571427,0,2,2,3,1,3,6,1,3,5,7,0.07142857142857142,0.42857142857142855,0.21428571428571427,0.07142857142857142,0.0
P417359,14,4.214285714285714,0.9166666666666666,0.7399340027144977,291.42857142857144,0.21428571428571427,0,0,5,0,1,1,0,1,0,1,5,0.14285714285714285,0.5,0.07142857142857142,0.07142857142857142,0.0
P438632,14,4.071428571428571,0.7857142857142857,0.692754292594535,298.5,0.21428571428571427,0,0,1,0,0,0,0,0,0,3,5,0.07142857142857142,0.35714285714285715,0.2857142857142857,0.07142857142857142,0.0
P449411,14,3.4285714285714284,0.6428571428571429,0.78125,209.21428571428572,0.14285714285714285,0,2,0,0,1,5,0,2,0,3,4,0.07142857142857142,0.6428571428571429,,0.14285714285714285,0.0
P480166,14,3.7857142857142856,0.7142857142857143,0.804251916706562,387.92857142857144,0.14285714285714285,2,4,5,5,6,3,0,0,0,2,2,0.07142857142857142,0.42857142857142855,,0.35714285714285715,0.0
P457272,14,3.7857142857142856,0.6428571428571429,0.8777814294610705,265.14285714285717,,0,0,2,2,4,2,0,1,1,6,3,0.07142857142857142,0.5,0.2857142857142857,0.14285714285714285,0.0
P433446,14,4.071428571428571,0.9285714285714286,0.9150501966476441,335.64285714285717,0.14285714285714285,0,11,11,5,2,2,2,2,1,8,1,,0.35714285714285715,0.14285714285714285,0.35714285714285715,0.0
P393600,13,3.5384615384615383,0.5833333333333334,0.7232409967825963,336.0,0.38461538461538464,0,0,0,0,0,0,0,0,0,0,8,,0.3076923076923077,0.15384615384615385,0.15384615384615385,0.0
P504778,13,4.3076923076923075,0.7692307692307693,0.922809499502182,217.23076923076923,0.3076923076923077,0,4,3,0,2,1,3,0,0,3,0,0.07692307692307693,0.46153846153846156,0.07692307692307693,0.07692307692307693,0.0
P504810,13,4.615384615384615,0.8461538461538461,0.9487603631886569,276.84615384615387,0.07692307692307693,4,9,9,3,1,1,0,0,1,4,2,,0.3076923076923077,0.15384615384615385,0.46153846153846156,0.0
P467755,13,3.8461538461538463,0.6153846153846154,0.8225109089504589,226.53846153846155,0.15384615384615385,0,1,3,5,3,3,1,0,1,7,2,,0.5384615384615384,0.3076923076923077,,0.0
P390987,13,4.538461538461538,0.875,0.8696580804311312,251.23076923076923,,0,1,0,0,0,2,4,0,0,3,2,0.38461538461538464,0.5384615384615384,0.07692307692307693,,0.0
P504203,13,3.076923076923077,0.46153846153846156,0.7676768167452379,242.6153846153846,,0,1,3,0,1,4,4,1,0,3,0,0.07692307692307693,0.6923076923076923,,0.23076923076923078,0.0
P427732,13,4.0,0.7692307692307693,0.8387885414637052,328.15384615384613,0.3076923076923077,0,1,4,1,4,2,0,0,3,5,3,,0.38461538461538464,0.3076923076923077,,0.0
P429675,13,3.769230769230769,0.6923076923076923,0.7813146114349365,346.3076923076923,0.3076923076923077,0,2,3,3,4,2,0,1,2,4,1,,0.46153846153846156,0.23076923076923078,,0.0
P472068,13,4.076923076923077,0.6923076923076923,0.87607441842556,231.6153846153846,0.15384615384615385,0,0,0,0,0,0,0,0,0,0,1,0.07692307692307693,0.5384615384615384,0.23076923076923078,,0.0
P461937,13,1.8461538461538463,0.15384615384615385,0.7964616899306958,344.38461538461536,0.23076923076923078,0,0,0,0,1,0,0,0,3,3,2,0.07692307692307693,0.3076923076923077,0.07692307692307693,0.3076923076923077,0.0
P500106,13,4.0,0.6923076923076923,0.8443525460633364,348.2307692307692,0.38461538461538464,1,5,11,2,1,4,3,0,3,6,2,,0.5384615384615384,0.07692307692307693,,0.0
P502831,13,4.923076923076923,1.0,0.7083333730697632,413.38461538461536,0.07692307692307693,0,1,0,0,0,1,0,0,0,7,3,,0.6923076923076923,0.15384615384615385,0.07692307692307693,0.0
P457011,13,4.846153846153846,1.0,0.8874003643339331,369.46153846153845,0.23076923076923078,0,0,2,0,0,2,1,2,0,5,2,,0.7692307692307693,,,0.0
P503942,13,4.3076923076923075,0.8461538461538461,0.7608464782436689,197.3846153846154,0.23076923076923078,0,0,1,2,1,4,0,0,0,2,3,,0.5384615384615384,0.15384615384615385,0.07692307692307693,0.0
P428639,13,4.3076923076923075,0.8461538461538461,0.7312523837272937,374.9230769230769,0.15384615384615385,0,2,6,4,1,1,3,1,0,3,3,,0.6153846153846154,0.23076923076923078,,0.0
P468354,13,4.615384615384615,1.0,0.9621211832219904,287.0,0.15384615384615385,0,3,5,5,2,7,2,1,1,6,2,,0.46153846153846156,0.23076923076923078,0.15384615384615385,0.0
P427513,13,4.0,0.6923076923076923,0.7170178454655868,309.9230769230769,0.07692307692307693,1,0,1,1,1,0,2,2,0,4,5,0.07692307692307693,0.5384615384615384,0.07692307692307693,0.23076923076923078,0.0
P475961,13,4.461538461538462,0.9230769230769231,0.7317296174856333,530.1538461538462,0.3076923076923077,0,2,7,3,1,3,1,0,0,3,4,0.07692307692307693,0.46153846153846156,0.07692307692307693,0.07692307692307693,0.0
P500016,13,4.6923076923076925,0.9230769230769231,0.8438574625895574,242.3846153846154,0.3076923076923077,0,0,1,2,1,3,2,0,0,4,1,,0.38461538461538464,0.15384615384615385,0.15384615384615385,0.0
P463792,13,3.5384615384615383,0.6923076923076923,0.7137609993418058,525.3846153846154,,0,0,0,1,0,2,0,0,0,8,7,,0.5384615384615384,0.23076923076923078,0.23076923076923078,0.0
P505209,12,5.0,1.0,,230.58333333333334,0.08333333333333333,1,2,6,2,2,2,1,2,0,5,1,,0.3333333333333333,0.5,0.08333333333333333,0.0
P481334,12,3.4166666666666665,0.6666666666666666,0.8930340896953236,393.25,0.4166666666666667,0,0,4,1,4,2,2,0,0,3,2,0.08333333333333333,0.4166666666666667,0.08333333333333333,,0.0
P451728,12,3.0833333333333335,0.4166666666666667,0.7758206700285276,221.25,0.16666666666666666,0,0,1,1,2,0,0,0,0,3,2,,0.4166666666666667,0.4166666666666667,,0.0
P504780,12,2.6666666666666665,0.3333333333333333,0.8355561819943514,203.41666666666666,,0,1,0,0,1,1,1,0,0,2,2,,0.6666666666666666,0.16666666666666666,0.16666666666666666,0.0
P442545,12,4.25,0.8333333333333334,0.7631149075248025,479.25,0.16666666666666666,0,2,2,3,3,7,2,0,0,9,2,,0.5833333333333334,,0.25,0.0
P504441,12,4.0,0.8333333333333334,0.8704414988557497,235.58333333333334,0.5,0,0,2,1,2,1,2,0,0,8,4,0.08333333333333333,0.25,0.08333333333333333,0.08333333333333333,0.0
P474943,12,3.75,0.6666666666666666,0.798888897895813,260.4166666666667,0.4166666666666667,0,1,0,5,1,9,2,0,0,1,3,,0.5,0.08333333333333333,,0.0
P443812,12,3.1666666666666665,0.5,0.7751305003960928,336.75,0.3333333333333333,0,0,1,2,1,0,0,0,0,3,5,,0.3333333333333333,0.3333333333333333,,0.0
P483494,12,4.083333333333333,0.8333333333333334,0.7643757354129445,376.25,0.4166666666666667,0,1,2,1,0,3,0,0,0,2,2,0.08333333333333333,0.16666666666666666,0.16666666666666666,0.16666666666666666,0.0
P458958,12,4.083333333333333,0.75,0.6667229036490122,239.66666666666666,0.16666666666666666,0,0,3,0,2,0,0,0,0,3,1,,0.5833333333333334,0.25,,0.0
P449410,12,3.4166666666666665,0.5,0.7470522510508696,531.6666666666666,0.3333333333333333,0,0,0,1,1,0,0,0,1,3,4,,0.5,0.08333333333333333,0.08333333333333333,0.0
P430143,12,4.166666666666667,0.75,0.6980263002216816,202.91666666666666,0.16666666666666666,0,0,1,3,1,1,1,0,0,2,1,0.08333333333333333,0.5,0.16666666666666666,0.08333333333333333,0.0
P423169,12,3.75,0.6666666666666666,0.6638764142990112,366.75,0.25,0,3,4,0,4,0,0,0,2,4,4,,0.5833333333333334,,0.16666666666666666,0.0
P481138,12,2.0,0.25,0.7834187472860018,325.8333333333333,0.3333333333333333,0,0,0,0,0,0,1,0,0,2,8,,0.16666666666666666,0.3333333333333333,0.16666666666666666,0.0
P474080,12,4.25,0.75,0.8660677969455719,414.0,0.16666666666666666,0,1,3,2,0,2,2,1,1,6,4,,0.5833333333333334,0.08333333333333333,0.16666666666666666,0.0
P504509,12,4.666666666666667,0.8333333333333334,0.8958333730697632,316.5833333333333,0.3333333333333333,0,1,6,0,6,0,0,0,2,3,0,,0.5833333333333334,0.08333333333333333,,0.0
P500248,12,4.583333333333333,0.8333333333333334,0.8409110854069392,294.75,0.4166666666666667,1,4,5,1,2,0,0,1,0,4,1,,0.25,0.16666666666666666,0.16666666666666666,0.0
P433620,12,3.25,0.5833333333333334,0.6588203649629246,290.9166666666667,0.16666666666666666,0,3,2,4,0,1,0,1,0,2,2,,0.5833333333333334,0.08333333333333333,0.16666666666666666,0.0
P457012,12,3.8333333333333335,0.6666666666666666,0.8024691144625345,490.4166666666667,,0,0,2,0,0,2,0,3,3,6,1,,0.8333333333333334,0.08333333333333333,0.08333333333333333,0.0
P500785,12,4.583333333333333,0.9166666666666666,0.8005771853707053,174.58333333333334,0.3333333333333333,0,0,2,2,1,1,0,0,2,2,2,,0.6666666666666666,,,0.0
P505210,11,5.0,1.0,0.3333333333333333,185.8181818181818,0.09090909090909091,0,0,0,3,1,0,1,0,0,6,2,0.09090909090909091,0.18181818181818182,0.5454545454545454,0.09090909090909091,0.0
P482311,11,4.0,0.7272727272727273,0.8631931814280424,244.54545454545453,0.2727272727272727,0,0,0,0,0,0,0,0,0,1,2,0.2727272727272727,0.36363636363636365,0.09090909090909091,,0.0
P436343,11,3.8181818181818183,0.7272727272727273,0.6775641110208299,253.9090909090909,0.2727272727272727,0,1,5,1,0,0,0,0,2,3,0,,0.5454545454545454,0.18181818181818182,,0.0
P436347,11,4.2727272727272725,0.8181818181818182,0.8944863021373749,289.72727272727275,0.18181818181818182,0,2,2,0,0,1,1,0,0,1,1,,0.5454545454545454,0.18181818181818182,0.09090909090909091,0.0
P270600,11,3.3636363636363638,0.5454545454545454,0.5279762610793114,354.1818181818182,0.18181818181818182,0,1,4,2,2,1,0,2,1,5,1,,0.5454545454545454,0.18181818181818182,0.09090909090909091,0.0
P427640,11,4.2727272727272725,0.9090909090909091,0.7449675500392914,219.63636363636363,0.09090909090909091,1,0,3,0,0,2,0,1,0,3,3,0.09090909090909091,0.36363636363636365,0.09090909090909091,0.36363636363636365,0.0
P448548,11,4.363636363636363,0.9090909090909091,0.7418354519388892,467.90909090909093,0.09090909090909091,1,0,4,1,1,1,2,3,2,4,3,,0.7272727272727273,,0.18181818181818182,0.0
P448565,11,3.0,0.2727272727272727,0.7511133659969677,403.8181818181818,0.18181818181818182,1,1,3,1,1,1,0,1,0,4,5,,0.5454545454545454,0.18181818181818182,0.09090909090909091,0.0
P476570,11,3.727272727272727,0.8181818181818182,0.9111111238598824,356.0,0.2727272727272727,1,0,3,3,1,6,1,0,0,6,6,0.09090909090909091,0.36363636363636365,0.09090909090909091,0.18181818181818182,0.0
P476432,11,4.454545454545454,0.9090909090909091,0.9047619955880302,267.72727272727275,0.09090909090909091,0,0,0,2,4,1,1,0,0,8,1,,0.2727272727272727,0.18181818181818182,0.45454545454545453,0.0
P445822,11,4.0,0.7272727272727273,0.7172749096697028,423.54545454545456,0.45454545454545453,0,3,5,6,2,3,3,0,0,5,3,,0.45454545454545453,0.09090909090909091,,0.0
P438629,11,4.181818181818182,0.7272727272727273,0.6390837013721467,356.6363636363636,0.09090909090909091,0,1,4,2,4,0,2,2,0,3,0,,0.36363636363636365,0.45454545454545453,0.09090909090909091,0.0
P428103,11,4.545454545454546,0.8181818181818182,0.7128016393293034,625.1818181818181,0.18181818181818182,0,1,3,1,1,1,3,2,0,3,4,,0.5454545454545454,0.09090909090909091,0.18181818181818182,0.0
P482746,11,4.090909090909091,0.7272727272727273,0.8541557755735185,474.45454545454544,0.2727272727272727,1,5,2,2,1,3,1,0,1,5,4,,0.45454545454545453,,0.2727272727272727,0.0
P446102,11,4.454545454545454,0.9090909090909091,0.7323232699524272,241.1818181818182,,2,2,4,1,4,1,0,0,0,4,3,,0.9090909090909091,0.09090909090909091,,0.0
P463791,11,4.2727272727272725,0.9090909090909091,0.6927574520761316,324.09090909090907,0.18181818181818182,0,0,0,2,0,1,0,0,0,5,6,,0.45454545454545453,0.36363636363636365,,0.0
P477734,10,3.6,0.6,0.8628953009843826,220.3,0.4,0,0,0,0,0,0,0,0,0,4,1,,0.3,0.3,,0.0
P501323,10,4.2,0.9,0.6267653339438968,258.2,0.3,0,2,5,0,1,4,2,0,0,4,2,0.2,0.4,,0.1,0.0
P500287,10,4.6,0.9,0.8654762029647827,262.5,0.2,5,4,2,0,3,0,0,2,1,0,1,0.1,0.6,,0.1,0.0
P503123,10,4.5,0.8,0.8676977753639221,289.9,0.3,0,0,1,0,6,0,0,1,0,2,1,,0.1,0.5,0.1,0.0
P479973,10,3.6,0.6,0.6583333338300387,165.8,0.3,1,0,3,2,2,1,0,0,0,4,0,,0.3,0.1,0.3,0.0
P504515,10,3.8,0.6,0.7777777744664086,472.4,0.4,2,3,2,2,2,0,0,1,1,7,2,,0.4,0.1,0.1,0.0
P504790,10,3.7,0.7,0.6804945021867752,255.5,0.2,0,3,0,4,1,2,2,0,0,3,3,,0.3,0.1,0.4,0.0
P467107,10,4.5,0.9,0.8756614393658109,369.3,0.2,0,0,1,0,0,0,0,0,0,3,3,,0.1,0.5,0.2,0.0
P503655,10,4.0,0.8,0.7551021490778241,379.7,0.3,0,0,2,3,4,2,1,1,0,4,0,0.1,0.3,0.2,0.1,0.0
P448545,10,3.7,0.6,0.8476512299643623,328.6,0.1,0,2,1,3,0,1,3,0,0,1,4,,0.4,,0.5,0.0
P444237,10,4.3,0.8,0.8907197490334511,213.7,0.1,0,0,1,0,3,0,0,0,0,2,2,,0.7,0.1,0.1,0.0
P500120,10,3.5,0.6,0.7437500059604645,248.8,0.3,1,0,5,3,5,0,0,0,5,4,0,,0.5,0.2,,0.0
P469121,10,4.2,0.7,0.675,403.6,0.2,0,0,0,1,0,1,0,3,0,6,2,,0.5,0.2,0.1,0.0
P501591,10,4.1,0.8,0.8571428528853825,243.8,0.1,0,0,1,0,0,0,2,0,0,2,2,0.1,0.3,0.2,0.3,0.0
P435387,10,3.7,0.6,0.7861549185588956,254.6,0.3,0,1,1,2,2,2,1,1,0,2,2,,0.2,0.4,0.1,0.0
P480279,10,3.7,0.8,0.733718776040607,307.2,0.1,0,1,4,2,1,0,2,1,0,1,1,0.1,0.7,0.1,,0.0
P484076,10,4.4,0.8,0.8777777784400516,284.0,0.1,0,1,1,0,5,4,1,1,0,1,1,,0.9,,,0.0
P503930,10,3.8,0.7,0.7044644996523857,223.3,,0,0,3,0,0,0,0,1,1,5,3,0.1,0.6,0.1,0.2,0.0
P438640,10,3.7,0.7,0.6467511206865311,384.7,0.3,0,0,2,0,3,4,1,0,1,3,5,,0.4,0.3,,0.0
P457273,10,3.6,0.6,0.6871966943144798,277.7,0.2,0,1,2,0,0,5,1,1,0,0,3,,0.7,,0.1,0.0
P482058,10,4.1,0.8,0.7257142990827561,375.2,0.1,4,0,7,1,1,3,2,3,0,5,3,,0.8,0.1,,0.0
P463110,10,4.5,0.8,0.7420177459716797,211.7,0.1,0,0,1,0,3,0,0,0,1,5,4,0.1,0.6,0.1,0.1,0.0
P430405,10,4.3,0.7,0.8562424004077911,429.1,0.3,1,5,5,2,1,1,2,1,0,5,3,,0.6,0.1,,0.0
P462378,10,4.3,0.9,0.786947445736991,231.7,,0,1,1,1,1,2,0,0,0,1,1,0.1,0.4,0.4,0.1,0.0
P503572,10,3.5,0.7,0.9,233.8,,0,0,4,0,3,1,1,0,0,1,2,,0.8,0.1,0.1,0.0
P500139,10,4.5,0.9,0.6328487810161378,155.3,0.1,0,0,1,0,0,0,1,0,0,2,3,,0.7,0.1,0.1,0.0
P475926,10,2.9,0.6,0.8588038757443428,308.0,0.3,1,0,0,0,1,0,0,0,0,1,1,,0.5,0.2,,0.0
P503935,10,4.5,0.9,0.5,259.1,0.2,0,1,2,3,1,1,0,0,0,4,2,,0.6,,0.2,0.0
P503997,10,4.8,1.0,0.9499999980131785,232.7,0.3,0,0,1,1,1,2,0,0,0,3,1,0.1,0.5,0.1,,0.0
P448544,9,5.0,1.0,0.8910347446799278,346.44444444444446,0.2222222222222222,1,2,3,0,0,1,1,2,0,3,1,,0.4444444444444444,0.3333333333333333,,0.0
P402993,9,3.6666666666666665,0.7142857142857143,0.7154306620359421,434.0,0.1111111111111111,0,0,0,0,0,0,0,0,0,0,6,0.1111111111111111,0.3333333333333333,0.3333333333333333,0.1111111111111111,0.0
P462381,9,4.111111111111111,0.7777777777777778,0.7773081426109586,289.0,0.2222222222222222,0,1,2,2,0,0,0,0,0,1,2,,0.4444444444444444,0.1111111111111111,0.2222222222222222,0.0
P448546,9,4.777777777777778,0.8888888888888888,0.8850902252727084,255.22222222222223,0.3333333333333333,0,0,0,4,0,2,0,0,0,3,2,,0.3333333333333333,,0.3333333333333333,0.0
P504815,9,3.7777777777777777,0.6666666666666666,0.6205808781087399,296.77777777777777,0.2222222222222222,0,0,1,0,0,6,2,0,0,1,5,,0.5555555555555556,0.2222222222222222,,0.0
P438362,9,4.666666666666667,0.8888888888888888,0.6949735548761156,193.77777777777777,0.4444444444444444,0,0,4,3,1,1,0,0,0,2,2,,0.2222222222222222,0.2222222222222222,0.1111111111111111,0.0
P438634,9,3.6666666666666665,0.6666666666666666,0.7767201066017151,354.77777777777777,0.1111111111111111,0,0,0,0,0,1,1,1,0,2,3,0.1111111111111111,0.4444444444444444,0.1111111111111111,0.2222222222222222,0.0
P482259,9,4.555555555555555,0.8888888888888888,0.9634547531604767,371.8888888888889,0.1111111111111111,0,3,2,0,1,2,1,0,0,5,1,,0.6666666666666666,0.1111111111111111,0.1111111111111111,0.0
P476496,9,5.0,1.0,0.9372389987111092,249.66666666666666,0.4444444444444444,0,0,3,2,2,1,1,0,1,3,0,,0.4444444444444444,,0.1111111111111111,0.0
P474036,9,3.3333333333333335,0.5555555555555556,0.6891737468540668,387.8888888888889,0.2222222222222222,0,1,4,1,0,1,1,0,0,1,1,,0.5555555555555556,0.1111111111111111,0.1111111111111111,0.0
P448549,9,3.5555555555555554,0.6666666666666666,0.6746023363537259,408.55555555555554,0.2222222222222222,0,0,2,0,2,2,1,0,0,2,5,,0.3333333333333333,0.3333333333333333,0.1111111111111111,0.0
P504447,9,3.111111111111111,0.5555555555555556,0.7727941274642944,243.55555555555554,0.3333333333333333,0,0,3,0,1,0,0,0,1,0,0,0.3333333333333333,0.2222222222222222,0.1111111111111111,,0.0
P457010,9,4.555555555555555,1.0,0.7666666706403097,338.55555555555554,0.2222222222222222,0,0,2,1,0,3,2,0,0,2,0,,0.7777777777777778,,,0.0
P481350,9,4.444444444444445,0.8888888888888888,0.7338599171489477,341.8888888888889,,0,2,0,0,1,0,4,0,0,4,4,,0.6666666666666666,0.1111111111111111,0.2222222222222222,0.0
P474942,9,4.666666666666667,0.8888888888888888,0.6602693299452463,190.0,0.2222222222222222,0,1,2,1,0,1,1,0,0,2,0,0.2222222222222222,0.4444444444444444,0.1111111111111111,,0.0
P471017,9,3.2222222222222223,0.5555555555555556,0.769744442568885,633.3333333333334,0.4444444444444444,0,0,5,2,3,2,0,2,0,1,3,,0.2222222222222222,0.2222222222222222,0.1111111111111111,0.0
P448713,8,4.125,0.75,0.8516936227679253,539.125,,0,0,0,0,0,0,5,0,0,4,1,,0.875,,0.125,0.0
P405825,8,4.125,0.6666666666666666,0.7982706315815449,419.0,0.375,1,4,4,3,1,0,2,1,0,5,1,0.125,0.375,0.125,,0.0
P504303,8,4.875,1.0,0.9761904307774135,401.375,0.125,0,1,1,2,0,2,0,0,0,2,4,,0.625,0.25,,0.0
P467608,8,4.75,0.875,0.7893703654408455,252.75,0.375,0,1,1,0,1,2,3,0,1,1,1,,0.375,0.25,,0.0
P451727,8,2.875,0.25,0.6380208730697632,447.5,0.375,0,1,1,2,3,1,1,0,2,5,2,,0.625,,,0.0
P500983,8,5.0,1.0,0.9285714285714286,208.0,0.5,0,0,2,0,1,0,0,0,0,1,1,0.125,0.25,0.125,,0.0
P502740,8,4.0,0.875,0.5460318426291147,179.625,0.375,0,0,2,0,1,0,0,0,0,1,0,,0.5,,0.125,0.0
P500116,8,4.75,0.875,0.9111111660798391,254.125,0.375,0,2,4,5,1,1,0,0,0,6,2,,0.375,0.125,0.125,0.0
P454800,8,4.5,0.875,0.7852620133198798,264.5,0.5,0,1,0,2,3,4,3,0,0,1,5,0.125,0.25,,0.125,0.0
P501003,8,3.0,0.5,0.809970248490572,193.875,0.25,2,1,5,0,2,1,2,0,0,1,0,0.125,0.375,0.25,,0.0
P467756,8,3.375,0.625,0.8462963402271271,315.75,0.375,0,0,1,3,1,2,1,0,0,4,1,,0.625,,,0.0
P503552,8,5.0,1.0,0.6619048544338771,215.625,0.125,0,0,0,0,0,0,1,0,0,7,3,0.125,0.375,0.375,,0.0
P469452,8,3.75,0.625,0.6000000014901161,168.125,0.125,0,1,0,0,0,1,0,0,0,2,0,,0.375,0.25,0.25,0.0
P474369,8,3.5,0.5,0.886363665262858,250.875,0.25,0,0,0,4,1,0,0,0,0,1,2,,0.625,,0.125,0.0
P456434,8,4.25,0.75,0.847010001540184,318.125,,0,2,5,1,0,2,3,3,1,7,2,,0.75,0.125,0.125,0.0
P438638,8,2.5,0.375,0.8343663662672043,320.625,0.375,0,0,0,0,0,1,0,1,0,0,1,,0.375,0.125,0.125,0.0
P483078,8,3.5,0.625,0.8809524263654437,239.375,0.25,0,5,0,0,2,1,0,0,0,0,3,,0.375,0.125,0.25,0.0
P416589,8,4.5,1.0,0.8257675021886826,332.875,0.125,0,0,1,0,2,1,0,0,0,3,2,0.5,0.375,,,0.0
P504272,8,3.25,0.5,0.833333246409893,222.0,0.25,0,0,4,4,4,1,1,0,1,1,1,,0.375,0.125,0.25,0.0
P502996,8,3.125,0.5,0.7714285722800663,212.875,0.125,0,0,0,0,0,0,0,0,0,1,0,,0.625,0.25,,0.0
P429504,8,4.25,0.875,0.7119119986891747,234.875,0.125,0,0,1,2,0,0,0,0,0,1,2,0.125,0.5,0.125,0.125,0.0
P477761,8,4.0,0.75,0.8721049949526787,397.375,0.125,0,0,0,0,0,0,0,0,0,2,2,,0.75,,0.125,0.0
P451737,8,3.875,0.75,0.7304614228861672,273.375,,0,1,0,0,1,3,0,0,0,1,0,0.125,0.625,0.25,,0.0
P501474,8,4.875,1.0,0.9071038007736206,319.125,0.125,0,0,1,0,0,0,0,0,0,0,2,0.125,0.625,,0.125,0.0
P504320,8,3.75,0.625,0.7194442919322422,352.125,0.125,0,1,1,0,1,0,0,1,0,2,2,0.25,0.25,0.25,0.125,0.0
P477150,7,4.428571428571429,0.8571428571428571,0.876399834950765,651.5714285714286,0.2857142857142857,1,0,4,0,2,1,1,1,0,2,4,,0.2857142857142857,0.42857142857142855,,0.0
P439099,7,4.428571428571429,0.8571428571428571,0.8178982862404415,176.42857142857142,0.2857142857142857,0,0,0,4,0,1,0,0,0,2,0,0.14285714285714285,0.5714285714285714,,,0.0
P502998,7,4.142857142857143,1.0,0.9689847528934479,341.2857142857143,0.2857142857142857,0,0,4,3,0,0,0,0,1,2,4,0.14285714285714285,0.14285714285714285,0.2857142857142857,0.14285714285714285,0.0
P483058,7,4.714285714285714,0.8571428571428571,0.8047619938850403,397.42857142857144,0.14285714285714285,0,0,1,1,1,4,1,0,0,3,2,,0.42857142857142855,0.2857142857142857,0.14285714285714285,0.0
P503912,7,3.4285714285714284,0.5714285714285714,0.31977509955565137,239.71428571428572,0.42857142857142855,0,0,4,0,0,2,1,0,2,2,0,,0.2857142857142857,0.2857142857142857,,0.0
P409227,7,4.857142857142857,1.0,0.8333333283662796,384.42857142857144,0.2857142857142857,0,1,4,3,2,1,0,0,0,3,1,0.14285714285714285,0.42857142857142855,0.14285714285714285,,0.0
P448551,7,4.428571428571429,0.8571428571428571,0.8933333992958069,244.85714285714286,0.2857142857142857,0,2,2,0,0,0,3,0,0,2,0,,0.2857142857142857,0.2857142857142857,0.14285714285714285,0.0
P503560,7,5.0,1.0,1.0,180.57142857142858,0.14285714285714285,0,0,0,0,0,0,0,0,0,1,1,,0.42857142857142855,0.42857142857142855,,0.0
P472471,7,4.142857142857143,0.8571428571428571,0.8714285716414452,357.85714285714283,0.14285714285714285,0,1,0,4,2,0,5,0,0,2,3,,0.5714285714285714,0.14285714285714285,0.14285714285714285,0.0
P467649,7,1.8571428571428572,0.14285714285714285,0.9359411426952907,306.2857142857143,0.14285714285714285,0,0,1,2,1,3,0,0,0,0,0,,0.7142857142857143,0.14285714285714285,,0.0
P444987,7,4.428571428571429,0.8571428571428571,0.7358822822570801,385.42857142857144,0.2857142857142857,0,0,3,1,3,2,0,1,0,5,2,,0.2857142857142857,0.2857142857142857,0.14285714285714285,0.0
P500502,7,4.857142857142857,1.0,0.8833333353201548,264.2857142857143,,0,0,1,1,0,2,2,0,0,1,1,,0.7142857142857143,0.14285714285714285,0.14285714285714285,0.0
P479478,7,4.857142857142857,0.8571428571428571,0.8640315788132804,369.2857142857143,0.14285714285714285,0,0,0,0,0,0,0,0,0,4,0,,0.7142857142857143,0.14285714285714285,,0.0
P500238,7,4.714285714285714,1.0,0.8621315700667245,226.71428571428572,0.14285714285714285,0,1,2,2,4,0,0,1,0,2,0,,0.42857142857142855,0.42857142857142855,,0.0
P504452,7,3.4285714285714284,0.5714285714285714,0.762605722461428,192.57142857142858,0.42857142857142855,0,0,0,0,0,0,0,0,0,1,0,,0.5714285714285714,,,0.0
P438630,7,4.142857142857143,0.8571428571428571,0.6234818611826215,235.0,0.14285714285714285,0,0,0,0,0,0,0,1,0,1,1,,0.7142857142857143,0.14285714285714285,,0.0
P479974,7,3.2857142857142856,0.42857142857142855,0.6666667461395264,197.28571428571428,0.7142857142857143,0,0,1,0,0,3,0,0,0,0,1,,0.14285714285714285,0.14285714285714285,,0.0
P502771,7,3.142857142857143,0.5714285714285714,0.5843078345060349,565.1428571428571,0.14285714285714285,0,1,2,2,0,0,2,0,0,1,2,0.14285714285714285,0.2857142857142857,0.14285714285714285,0.2857142857142857,0.0
P463951,7,3.7142857142857144,0.7142857142857143,0.7651516596476237,252.28571428571428,0.42857142857142855,0,1,0,0,0,1,0,0,0,0,0,,0.42857142857142855,,0.14285714285714285,0.0
P457274,7,4.142857142857143,0.7142857142857143,0.7041711466653007,185.85714285714286,0.2857142857142857,0,2,1,1,4,0,0,1,0,2,1,0.14285714285714285,0.5714285714285714,,,0.0
P482313,7,4.142857142857143,0.8571428571428571,1.0,201.0,0.42857142857142855,0,0,0,0,0,0,0,0,0,1,4,0.14285714285714285,0.2857142857142857,0.14285714285714285,,0.0
P503226,7,3.857142857142857,0.7142857142857143,0.7767857100282397,261.2857142857143,0.2857142857142857,0,0,2,2,0,0,0,1,0,2,2,0.2857142857142857,0.14285714285714285,,0.2857142857142857,0.0
P481970,6,3.5,0.6666666666666666,0.6833333969116211,285.1666666666667,0.16666666666666666,0,1,4,0,1,1,1,0,0,1,1,,0.6666666666666666,0.16666666666666666,,0.0
P482021,6,4.333333333333333,0.8333333333333334,0.9375,312.5,,0,0,2,3,1,2,1,0,0,2,2,,0.6666666666666666,0.3333333333333333,,0.0
P483141,6,3.5,0.5,0.8207417577505112,508.6666666666667,0.16666666666666666,0,0,3,1,0,0,0,0,0,0,3,,0.5,0.16666666666666666,0.16666666666666666,0.0
P462375,6,3.5,0.5,0.6686506619056066,223.0,,0,0,0,2,0,0,0,0,3,3,0,,0.6666666666666666,0.3333333333333333,,0.0
P451750,6,4.5,0.8333333333333334,0.8390834927558899,262.8333333333333,0.3333333333333333,1,1,0,0,0,0,0,1,0,2,3,,0.3333333333333333,0.16666666666666666,0.16666666666666666,0.0
P468410,6,4.0,0.8333333333333334,0.7819444984197617,411.5,,0,1,0,0,2,0,1,0,0,3,2,,0.5,0.5,,0.0
P482258,6,3.5,0.5,0.9714285969734192,413.0,,0,1,0,0,4,0,0,1,2,4,1,,0.8333333333333334,0.16666666666666666,,0.0
P405285,6,4.5,0.8,0.8932098348935446,329.5,0.6666666666666666,0,1,4,4,0,1,1,0,0,2,2,0.16666666666666666,,0.16666666666666666,,0.0
P457009,6,4.0,0.8333333333333334,0.6666666030883789,395.6666666666667,,0,0,5,2,0,0,1,0,0,2,1,,0.6666666666666666,,0.3333333333333333,0.0
P503872,6,4.833333333333333,1.0,0.9500000029802322,225.5,0.5,0,0,0,0,0,1,2,0,0,1,2,,0.16666666666666666,0.16666666666666666,0.16666666666666666,0.0
P502725,6,3.8333333333333335,0.6666666666666666,0.8039214983582497,445.5,,0,0,0,0,0,1,0,0,0,1,0,0.3333333333333333,0.5,0.16666666666666666,,0.0
P482009,6,3.6666666666666665,0.6666666666666666,0.7909089982509613,211.5,0.16666666666666666,0,0,0,1,0,0,0,0,0,1,1,,0.5,0.3333333333333333,,0.0
P482256,6,3.6666666666666665,0.6666666666666666,0.4999999962747097,595.3333333333334,0.16666666666666666,0,2,2,1,1,2,0,1,0,1,2,,0.6666666666666666,,0.16666666666666666,0.0
P439098,6,4.166666666666667,0.8333333333333334,0.7133333921432495,160.33333333333334,0.16666666666666666,0,1,0,1,0,0,1,0,0,1,0,,0.3333333333333333,0.3333333333333333,0.16666666666666666,0.0
P454795,6,4.0,0.6666666666666666,0.8072448372840881,352.3333333333333,0.3333333333333333,0,0,2,4,2,0,0,1,1,2,2,,0.6666666666666666,,,0.0
P483145,6,4.5,1.0,0.9125,395.6666666666667,,0,0,1,0,0,0,0,1,0,2,1,,1.0,,,0.0
P480174,6,4.5,0.8333333333333334,0.5666666726271311,335.5,,0,2,3,1,1,1,1,0,0,0,0,,1.0,,,0.0
P502237,6,4.333333333333333,0.8333333333333334,0.8995369970798492,452.6666666666667,0.16666666666666666,1,2,1,1,0,2,0,1,0,1,0,,0.6666666666666666,,0.16666666666666666,0.0
P462379,6,4.0,0.6666666666666666,0.8611111640930176,171.5,0.16666666666666666,0,0,0,1,1,0,1,0,0,2,0,,0.8333333333333334,,,0.0
P480610,6,4.5,0.8333333333333334,0.8042929992079735,260.0,0.3333333333333333,0,0,0,0,1,3,0,0,0,1,2,,0.5,0.16666666666666666,,0.0
P500729,6,4.333333333333333,0.8333333333333334,0.8287038306395212,603.1666666666666,0.16666666666666666,1,3,3,1,0,1,2,0,0,0,1,0.16666666666666666,0.6666666666666666,,,0.0
P502365,6,3.5,0.6666666666666666,0.4998842477798462,308.8333333333333,0.16666666666666666,0,0,3,0,0,0,2,1,0,2,0,0.16666666666666666,0.5,,0.16666666666666666,0.0
P503933,5,3.4,0.8,0.37238079905509947,248.6,,0,0,1,0,0,1,1,0,0,0,1,,0.8,0.2,,0.0
P462384,5,3.0,0.6,0.5866357460618019,227.4,0.2,0,2,0,0,1,1,1,1,0,2,0,,0.6,,0.2,0.0
P503906,5,5.0,1.0,1.0,687.0,0.2,0,0,0,0,0,1,0,0,0,2,3,,0.6,0.2,,0.0
P481668,5,3.0,0.4,0.7800000071525574,277.0,0.2,0,1,0,0,2,0,1,0,0,1,4,,0.4,0.2,0.2,0.0
P500060,5,3.2,0.4,0.9333333373069763,203.6,0.2,0,1,0,0,0,0,1,0,0,1,0,,0.4,0.2,0.2,0.0
P458963,5,1.8,0.2,0.6227905005216599,267.6,0.2,0,0,0,0,0,0,0,0,0,1,1,,0.4,0.2,0.2,0.0
P480289,5,4.0,0.6,,199.4,0.2,0,0,1,0,1,2,3,0,0,1,3,,0.6,,0.2,0.0
P504848,5,4.0,0.8,0.875,365.2,0.4,0,0,1,0,2,1,1,1,1,1,1,,0.4,,0.2,0.0
P504840,5,3.4,0.6,1.0,267.6,0.6,0,1,1,0,0,2,0,0,0,1,0,0.2,0.2,,,0.0
P423166,5,4.4,0.8,0.636229595541954,354.8,0.2,0,0,0,0,1,0,0,0,0,2,2,,0.8,,,0.0
P503934,5,3.6,0.6,0.44444432854652405,230.2,,0,0,1,0,2,2,0,0,0,0,0,,0.8,0.2,,0.0
P504273,5,4.0,0.8,0.6805557459592819,192.0,0.2,0,0,1,0,0,0,0,0,0,0,0,,0.4,0.2,0.2,0.0
P440922,5,3.4,0.6,0.6378260016441345,349.2,0.2,0,0,3,2,2,1,0,0,0,2,1,,0.6,,0.2,0.0
P500782,5,1.8,0.2,0.3222222000360489,227.2,0.2,0,0,0,0,2,1,0,0,0,1,0,0.2,0.6,,,0.0
P463106,5,4.0,0.8,0.5304764062166214,404.6,0.2,0,1,1,0,1,1,1,1,1,2,1,,0.6,0.2,,0.0
P448550,5,5.0,1.0,0.6589217409491539,310.0,0.4,0,0,1,1,0,0,1,0,1,4,1,,0.2,0.4,,0.0
P481704,5,3.8,0.8,0.6499999985098839,134.6,0.2,0,0,0,2,0,0,1,0,0,1,1,,0.6,0.2,,0.0
P467757,4,3.25,0.5,0.875,360.0,,0,0,0,0,1,0,0,0,0,2,1,,0.75,0.25,,0.0
P503892,4,3.75,0.5,0.49523799618085224,202.0,0.5,0,1,2,0,1,1,0,0,0,2,0,,0.25,0.25,,0.0
P432240,4,2.0,0.25,0.8666666746139526,310.0,,0,1,2,0,0,1,1,0,0,0,1,,0.5,,0.5,0.0
P502842,4,4.0,0.75,0.875,218.75,0.25,0,2,1,1,0,1,0,1,0,1,0,0.25,0.25,,0.25,0.0
P504881,4,5.0,1.0,1.0,297.0,,0,0,1,0,0,0,2,0,0,2,1,,1.0,,,0.0
P502216,4,3.75,0.75,0.8210574984550476,481.0,0.25,0,0,0,0,0,0,1,0,0,0,2,0.25,0.25,,0.25,0.0
P503944,4,3.5,0.75,0.5250000059604645,273.25,0.25,0,0,0,1,1,1,2,0,0,1,2,,0.75,,,0.0
P504985,4,3.5,0.5,0.8333334922790527,240.25,,0,0,1,1,2,0,0,0,0,0,0,,1.0,,,0.0
P502977,4,4.25,1.0,0.9629630049069723,176.0,,0,0,2,1,1,0,2,0,0,2,1,,1.0,,,0.0
P504594,4,5.0,1.0,0.901785746216774,301.0,0.25,0,0,0,1,1,0,0,0,0,1,1,,0.5,0.25,,0.0
P503876,4,3.75,0.75,0.7222223281860352,157.25,0.5,0,0,2,1,0,1,1,0,0,1,1,0.25,0.25,,,0.0
P460757,4,3.5,0.5,0.6845237538218498,240.75,0.25,0,0,0,1,1,1,2,0,0,1,2,0.25,,,0.5,0.0
P416588,4,3.25,0.5,0.727777749300003,470.0,,0,0,2,0,0,0,0,0,1,3,2,0.5,0.25,0.25,,0.0
P462383,4,4.5,1.0,0.6401514932513237,266.25,,0,0,0,1,0,0,0,0,0,1,1,,0.75,0.25,,0.0
P481062,4,3.0,0.5,0.4999999962747097,176.25,0.25,0,1,1,1,0,2,1,0,0,1,2,,0.5,,0.25,0.0
P482309,4,4.0,0.75,0.8124242573976517,312.75,0.75,0,0,0,0,0,0,0,0,0,2,0,,,,0.25,0.0
P471545,4,4.25,0.75,0.7897947579622269,281.25,0.25,0,0,0,0,0,0,3,0,0,2,2,,0.5,0.25,,0.0
P477812,4,3.75,0.5,0.8190075159072876,271.25,0.25,0,1,2,1,0,0,0,0,0,1,0,,0.5,,0.25,0.0
P500775,4,3.75,1.0,0.7904763420422872,257.5,0.25,0,0,2,2,0,0,0,0,0,3,1,,0.5,0.25,,0.0
P482661,4,4.5,0.75,0.8747549951076508,264.0,0.25,0,0,1,0,0,1,0,0,0,2,0,,0.75,,,0.0
P468196,4,2.5,0.25,0.6948053240776062,223.75,,0,1,0,0,0,0,0,0,0,0,0,0.25,0.25,0.25,0.25,0.0
P500880,4,5.0,1.0,0.847222238779068,201.25,0.25,0,2,1,0,2,1,0,1,0,3,1,,0.75,,,0.0
P500124,4,4.0,0.75,0.6666666666666666,451.0,0.25,0,1,1,0,1,0,3,0,0,0,2,,0.25,,0.5,0.0
P501550,4,2.75,0.25,0.9047619998455048,268.5,,0,0,0,0,1,1,2,0,0,0,1,,1.0,,,0.0
P472342,4,4.75,1.0,0.8967262357473373,693.0,0.5,1,0,1,1,0,4,0,0,0,2,2,,0.25,,0.25,0.0
P481082,4,3.5,0.5,0.8333333333333334,425.75,0.5,0,0,2,4,1,1,0,0,0,0,0,,0.5,,,0.0
P503635,4,4.25,1.0,0.9008767455816269,435.75,0.25,0,1,2,1,0,1,0,0,0,1,1,,0.75,,,0.0
P463109,4,3.25,0.5,0.5875000059604645,316.5,0.25,0,0,1,0,3,0,0,0,1,1,0,,0.5,0.25,,0.0
P435790,4,5.0,1.0,0.9209402501583099,634.0,0.25,0,0,1,1,1,1,2,0,0,3,2,,0.25,0.5,,0.0
P503894,4,3.5,0.75,0.5,232.5,0.25,0,0,2,1,1,1,1,1,1,3,0,,0.5,0.25,,0.0
P462386,4,3.75,0.75,0.6703124940395355,499.0,,0,1,1,1,1,0,3,1,0,2,2,,0.75,,0.25,0.0
P480604,4,4.0,0.75,0.5,144.0,0.5,0,0,2,1,0,1,0,0,0,1,0,,0.25,,0.25,0.0
P483694,4,5.0,1.0,0.9722222536802292,319.75,0.25,0,0,3,0,0,1,0,0,2,2,1,,0.75,,,0.0
P504283,4,3.0,0.5,0.8148146669069926,312.25,0.5,0,0,1,0,0,0,0,0,0,0,1,,0.25,0.25,,0.0
P481081,4,3.75,0.75,0.8783070047696432,358.75,0.25,0,1,1,1,3,1,1,1,0,3,0,,0.5,0.25,,0.0
P479946,4,5.0,1.0,0.7434345036745071,280.75,,0,0,0,1,3,0,0,0,0,1,0,,0.75,0.25,,0.0
P469193,4,1.25,0.0,0.9591397494077682,194.75,,0,0,0,0,0,0,0,0,0,0,0,0.25,0.5,0.25,,0.0
P503000,3,5.0,1.0,0.75,251.33333333333334,,0,0,0,0,0,0,0,0,0,1,0,,0.6666666666666666,0.3333333333333333,,0.0
P476686,3,5.0,1.0,0.7554113268852234,411.3333333333333,,0,1,1,1,1,0,1,0,0,2,0,0.3333333333333333,0.6666666666666666,,,0.0
P500763,3,3.6666666666666665,0.6666666666666666,0.5,574.3333333333334,1.0,0,1,1,0,2,0,0,0,0,0,0,,,,,0.0
P500998,3,5.0,1.0,0.8518519997596741,578.3333333333334,0.3333333333333333,0,1,1,0,0,1,1,0,0,0,1,,,,0.6666666666666666,0.0
P477706,3,5.0,1.0,0.682222326596578,369.3333333333333,0.3333333333333333,0,0,1,0,0,1,1,0,1,1,1,,0.6666666666666666,,,0.0
P503915,3,4.666666666666667,1.0,1.0,164.66666666666666,,0,0,1,1,0,1,1,0,0,1,0,,1.0,,,0.0
P448547,3,4.666666666666667,1.0,0.8276423414548238,422.3333333333333,,0,0,2,0,0,0,0,0,0,1,1,,0.6666666666666666,0.3333333333333333,,0.0
P406656,3,3.6666666666666665,1.0,0.7393353382746378,478.6666666666667,,0,2,2,2,0,0,1,1,1,2,2,0.3333333333333333,0.3333333333333333,0.3333333333333333,,0.0
P470548,3,5.0,1.0,0.8518519997596741,703.0,0.3333333333333333,0,0,2,1,0,0,2,0,1,1,2,,0.3333333333333333,0.3333333333333333,,0.0
P500482,3,4.0,0.6666666666666666,0.875,122.33333333333333,0.3333333333333333,0,0,0,0,1,1,0,0,0,0,0,,0.3333333333333333,0.3333333333333333,,0.0
P504018,3,5.0,1.0,0.8306880195935568,822.3333333333334,,0,0,0,0,0,0,1,0,0,0,2,0.3333333333333333,0.6666666666666666,,,0.0
P480355,3,5.0,1.0,0.4545454978942871,273.6666666666667,0.3333333333333333,0,0,1,0,0,0,0,1,0,0,0,0.3333333333333333,0.3333333333333333,,,0.0
P483458,3,3.6666666666666665,0.6666666666666666,0.6944443384806315,361.0,,0,0,0,0,0,0,0,0,0,1,2,,0.6666666666666666,,0.3333333333333333,0.0
P502195,3,5.0,1.0,1.0,335.3333333333333,1.0,0,0,0,0,0,2,1,0,0,2,1,,,,,0.0
P481971,3,5.0,1.0,0.9333334863185883,209.66666666666666,,0,0,1,1,1,0,0,1,0,1,0,,1.0,,,0.0
P502978,3,3.0,0.3333333333333333,0.0,216.66666666666666,,0,0,0,0,0,0,2,0,0,0,1,,0.6666666666666666,,0.3333333333333333,0.0
P471784,3,4.0,0.6666666666666666,0.7606060107549032,185.66666666666666,0.3333333333333333,0,0,0,0,1,0,1,0,0,2,1,,0.6666666666666666,,,0.0
P479947,3,3.6666666666666665,0.6666666666666666,0.6833333373069763,317.0,,0,0,0,0,0,1,1,0,0,2,1,,1.0,,,0.0
P481077,3,4.0,0.6666666666666666,0.8722220063209534,551.3333333333334,,1,0,1,0,2,1,0,0,1,2,0,,0.6666666666666666,,0.3333333333333333,0.0
P468390,3,5.0,1.0,0.8778753479321798,469.0,,0,0,0,0,0,0,0,0,0,0,2,,0.6666666666666666,0.3333333333333333,,0.0
P502448,3,4.333333333333333,0.6666666666666666,0.41919199625651044,169.33333333333334,,0,0,0,0,0,0,0,0,0,0,0,0.3333333333333333,0.6666666666666666,,,0.0
P483693,3,5.0,1.0,0.869280993938446,340.6666666666667,,0,0,2,1,0,0,0,0,0,1,0,,0.6666666666666666,0.3333333333333333,,0.0
P450935,3,3.6666666666666665,0.3333333333333333,0.5265794992446899,114.33333333333333,0.6666666666666666,0,0,0,0,2,0,0,0,0,0,1,,0.3333333333333333,,,0.0
P480176,3,5.0,1.0,0.75,176.66666666666666,,0,1,0,1,0,1,1,0,0,1,0,,0.6666666666666666,,0.3333333333333333,0.0
P479646,3,4.333333333333333,0.6666666666666666,0.8413459956645966,469.0,0.3333333333333333,1,2,1,2,2,2,0,0,0,2,0,,0.3333333333333333,0.3333333333333333,,0.0
P457279,3,4.666666666666667,1.0,0.9393939971923828,381.3333333333333,,0,0,3,1,0,1,0,0,1,2,1,,1.0,,,0.0
P501566,3,4.666666666666667,1.0,1.0,265.3333333333333,0.3333333333333333,0,1,2,0,2,0,0,0,0,2,1,,0.6666666666666666,,,0.0
P502235,3,4.0,0.6666666666666666,0.6666666567325592,358.3333333333333,0.6666666666666666,0,0,0,1,1,1,0,0,0,1,0,,0.3333333333333333,,,0.0
P432255,3,4.0,1.0,0.8623483180999756,244.66666666666666,,0,0,1,1,0,0,0,0,0,2,1,,1.0,,,0.0
P502186,2,3.0,0.5,1.0,226.5,,0,0,0,0,0,0,0,0,0,0,1,0.5,0.5,,,0.0
P455915,2,5.0,0.5,0.6175215095281601,197.0,,0,0,0,1,0,0,0,0,0,0,1,,1.0,,,0.0
P501585,2,5.0,1.0,,206.5,0.5,0,0,0,0,1,0,0,0,0,0,0,,0.5,,,0.0
P504053,2,5.0,1.0,0.8583334982395172,1101.0,,1,0,1,1,1,1,0,0,0,1,1,,1.0,,,0.0
P505332,2,5.0,1.0,0.949999988079071,272.0,,0,0,0,0,0,0,0,0,0,0,1,,,0.5,0.5,0.0
P504850,2,3.5,0.5,0.6363639831542969,300.5,0.5,0,0,0,0,1,0,0,1,0,0,2,,0.5,,,0.0
P483691,2,3.0,0.5,0.7333334982395172,207.5,,0,0,0,0,1,0,0,0,0,1,0,,1.0,,,0.0
P504464,2,5.0,1.0,1.0,230.5,,1,0,2,0,0,0,0,0,0,1,0,,1.0,,,0.0
P423168,2,4.0,0.5,0.7005814909934998,715.5,,0,1,1,1,0,1,1,0,0,0,0,,0.5,,0.5,0.0
P474941,2,2.0,0.5,0.0,107.0,,0,0,0,0,0,0,0,0,0,0,0,,1.0,,,0.0
P500256,2,5.0,1.0,1.0,102.5,1.0,1,1,0,0,0,0,0,0,0,0,0,,,,,0.0
P504987,2,5.0,1.0,1.0,176.5,0.5,0,2,2,1,0,0,0,0,0,0,0,,0.5,,,0.0
P460622,2,3.0,0.5,0.3333329856395721,416.5,,1,0,0,0,0,0,0,0,0,1,1,,0.5,,0.5,0.0
P504221,2,5.0,1.0,1.0,212.0,1.0,0,0,0,0,0,0,0,0,0,0,1,,,,,0.0
P482747,2,2.5,0.5,0.4444440007209778,398.5,0.5,0,1,0,0,0,0,0,0,0,0,1,,0.5,,,0.0
P481342,2,5.0,1.0,0.9230769872665405,181.0,,0,0,0,0,0,0,0,0,0,0,0,,1.0,,,0.0
P455229,2,3.0,0.5,0.5561400055885315,190.5,0.5,0,0,0,0,0,1,0,0,0,0,1,,,0.5,,0.0
P475083,2,3.0,1.0,1.0,186.5,0.5,0,0,0,0,0,0,0,0,0,1,0,0.5,,,,0.0
P502709,2,4.5,0.5,0.8571430146694183,189.0,,0,0,1,0,0,0,0,0,0,2,0,,1.0,,,0.0
P501264,2,3.0,0.5,0.7826085090637207,65.5,0.5,0,0,0,0,0,0,0,0,0,0,0,,,,0.5,0.0
P395507,2,4.5,1.0,0.75,675.0,1.0,1,0,1,1,1,0,1,0,0,0,1,,,,,0.0
P504289,2,3.5,0.5,0.29166650772094727,121.5,0.5,0,0,1,1,0,0,0,0,0,1,0,0.5,,,,0.0
P474090,2,3.5,0.5,0.65625,285.5,,0,0,0,0,0,0,0,0,0,0,0,,0.5,0.5,,0.0
P483460,2,5.0,1.0,0.25,201.0,,0,0,0,0,0,0,0,0,0,0,0,,0.5,,0.5,0.0
P423167,2,5.0,1.0,0.7332665026187897,426.5,,0,1,0,1,0,0,0,0,0,0,1,,0.5,,0.5,0.0
P505120,2,5.0,1.0,0.875,106.5,0.5,0,0,0,0,0,0,0,0,0,0,0,,,,0.5,0.0
P479696,2,5.0,1.0,0.8983334898948669,687.5,0.5,0,0,1,1,0,0,2,0,0,1,2,,0.5,,,0.0
P472058,2,4.0,1.0,0.9166665077209473,176.0,,0,0,0,0,0,0,0,0,0,1,0,0.5,0.5,,,0.0
P500151,2,4.5,1.0,0.5555559992790222,214.0,,0,0,1,0,0,0,0,0,0,2,0,,,0.5,0.5,0.0
P502823,2,3.5,0.5,0.375,390.0,0.5,1,0,1,1,0,0,0,0,0,1,1,,0.5,,,0.0
P504888,2,3.5,0.5,1.0,418.0,,0,0,0,0,0,0,0,0,0,0,0,,0.5,0.5,,0.0
P502192,2,3.5,1.0,1.0,115.5,,0,0,0,1,0,0,1,0,0,0,1,,1.0,,,0.0
P502047,2,4.5,1.0,0.0,221.0,,0,0,1,0,0,1,0,0,0,1,0,,1.0,,,0.0
P483089,2,3.5,0.5,0.6363635063171387,197.5,,0,0,0,0,0,0,0,0,0,0,1,,0.5,0.5,,0.0
P500464,2,1.0,0.0,0.7916665077209473,115.5,,0,0,0,0,0,0,0,0,0,0,1,0.5,0.5,,,0.0
P474323,2,4.5,1.0,0.3076919913291931,221.5,,0,0,1,1,1,0,0,0,0,0,0,0.5,0.5,,,0.0
P504411,2,4.0,0.5,1.0,289.0,1.0,0,0,0,0,0,0,0,0,0,0,0,,,,,0.0
P480354,1,3.0,0.0,0.4000000059604645,128.0,,0,0,0,0,0,0,0,0,0,0,1,,,1.0,,0.0
P501175,1,5.0,1.0,0.6666669845581055,136.0,1.0,0,0,0,0,1,0,0,0,0,0,0,,,,,0.0
P504424,1,5.0,1.0,1.0,610.0,1.0,0,0,0,0,0,0,1,0,0,0,0,,,,,0.0
P501153,1,4.0,1.0,0.0,263.0,,0,0,1,0,0,0,0,0,0,1,0,,1.0,,,0.0
P481397,1,5.0,1.0,0.9090909957885742,352.0,,0,0,1,0,0,0,1,0,0,0,0,,1.0,,,0.0
P469801,1,5.0,1.0,1.0,191.0,,0,0,0,0,1,0,0,0,0,1,0,1.0,,,,0.0
P500155,1,5.0,1.0,,511.0,,0,0,0,0,0,0,0,0,0,0,0,,1.0,,,0.0
P504417,1,5.0,1.0,,394.0,1.0,0,0,0,0,0,1,0,0,0,0,0,,,,,0.0
P504443,1,3.0,1.0,,225.0,,0,0,1,0,0,0,0,0,0,1,0,,,1.0,,0.0
P469829,1,5.0,1.0,0.8500000238418579,530.0,1.0,0,0,0,0,0,0,0,0,0,1,0,,,,,0.0
P505174,1,5.0,1.0,1.0,173.0,1.0,0,0,0,1,0,0,0,0,0,0,0,,,,,0.0
P476571,1,5.0,1.0,1.0,240.0,,0,0,1,0,0,0,0,0,1,1,0,,1.0,,,0.0
P503877,1,5.0,1.0,,226.0,,0,0,0,0,0,0,0,0,0,1,0,,1.0,,,0.0
P478260,1,5.0,1.0,0.3333329856395721,106.0,,0,0,0,0,0,0,0,0,0,0,1,,,,1.0,0.0
P478270,1,5.0,1.0,1.0,619.0,1.0,0,0,0,0,0,0,0,0,0,0,1,,,,,0.0
P481993,1,3.0,0.0,0.5294119715690613,621.0,,0,1,1,0,1,0,0,0,0,1,0,,1.0,,,0.0
P470538,1,5.0,1.0,0.5,272.0,,0,0,0,0,0,0,0,0,0,0,0,,1.0,,,0.0
P504882,1,5.0,1.0,,205.0,1.0,0,0,0,0,0,0,0,0,0,1,0,,,,,0.0
P483086,1,4.0,0.0,1.0,55.0,,0,0,1,0,0,0,0,0,0,0,0,,1.0,,,0.0
P505208,1,5.0,1.0,1.0,97.0,,0,0,0,0,0,0,0,0,0,0,0,,,1.0,,0.0
P480441,1,3.0,0.0,1.0,163.0,,0,0,0,0,0,0,0,0,0,0,0,,1.0,,,0.0
P501886,1,5.0,1.0,0.3333329856395721,159.0,,0,0,0,0,0,0,0,0,0,1,0,,1.0,,,0.0
P480445,1,5.0,1.0,1.0,213.0,,0,0,0,0,0,0,0,0,0,0,1,,,,1.0,0.0
P504322,1,5.0,1.0,1.0,489.0,1.0,0,0,0,0,0,0,0,0,0,0,0,,,,,0.0
